# Torus with UV (vt) for texture test
v 0.7 0 0
vn 1 0 0
vt 0 0
v 0.697336288664222 0 0.0610090199233607
vn 0.996194698091746 0 0.0871557427476582
vt 0.0138888888888889 0
v 0.689365427108546 0 0.121553724366851
vn 0.984807753012208 0 0.17364817766693
vt 0.0277777777777778 0
v 0.676148078402348 0 0.181173331571765
vn 0.965925826289068 0 0.258819045102521
vt 0.0416666666666667 0
v 0.657784834550136 0 0.239414100327968
vn 0.939692620785908 0 0.342020143325669
vt 0.0555555555555556 0
v 0.634415450925655 0 0.29583278321849
vn 0.90630778703665 0 0.422618261740699
vt 0.0694444444444444 0
v 0.606217782649107 0 0.35
vn 0.866025403784439 0 0.5
vt 0.0833333333333333 0
v 0.573406431002294 0 0.401503505445732
vn 0.819152044288992 0 0.573576436351046
vt 0.0972222222222222 0
v 0.536231110183285 0 0.449951326780577
vn 0.766044443118978 0 0.642787609686539
vt 0.111111111111111 0
v 0.494974746830583 0 0.494974746830583
vn 0.707106781186548 0 0.707106781186547
vt 0.125 0
v 0.449951326780578 0 0.536231110183285
vn 0.642787609686539 0 0.766044443118978
vt 0.138888888888889 0
v 0.401503505445732 0 0.573406431002294
vn 0.573576436351046 0 0.819152044288992
vt 0.152777777777778 0
v 0.35 0 0.606217782649107
vn 0.5 0 0.866025403784439
vt 0.166666666666667 0
v 0.29583278321849 0 0.634415450925655
vn 0.422618261740699 0 0.90630778703665
vt 0.180555555555556 0
v 0.239414100327968 0 0.657784834550136
vn 0.342020143325669 0 0.939692620785908
vt 0.194444444444444 0
v 0.181173331571765 0 0.676148078402348
vn 0.258819045102521 0 0.965925826289068
vt 0.208333333333333 0
v 0.121553724366851 0 0.689365427108546
vn 0.17364817766693 0 0.984807753012208
vt 0.222222222222222 0
v 0.0610090199233609 0 0.697336288664222
vn 0.0871557427476584 0 0.996194698091746
vt 0.236111111111111 0
v 4.28612223837832E-17 0 0.7
vn 6.12303176911189E-17 0 1
vt 0.25 0
v -0.0610090199233608 0 0.697336288664222
vn -0.0871557427476582 0 0.996194698091746
vt 0.263888888888889 0
v -0.121553724366851 0 0.689365427108546
vn -0.17364817766693 0 0.984807753012208
vt 0.277777777777778 0
v -0.181173331571765 0 0.676148078402348
vn -0.258819045102521 0 0.965925826289068
vt 0.291666666666667 0
v -0.239414100327968 0 0.657784834550136
vn -0.342020143325669 0 0.939692620785908
vt 0.305555555555556 0
v -0.295832783218489 0 0.634415450925655
vn -0.422618261740699 0 0.90630778703665
vt 0.319444444444444 0
v -0.35 0 0.606217782649107
vn -0.5 0 0.866025403784439
vt 0.333333333333333 0
v -0.401503505445732 0 0.573406431002294
vn -0.573576436351046 0 0.819152044288992
vt 0.347222222222222 0
v -0.449951326780578 0 0.536231110183285
vn -0.642787609686539 0 0.766044443118978
vt 0.361111111111111 0
v -0.494974746830583 0 0.494974746830583
vn -0.707106781186547 0 0.707106781186548
vt 0.375 0
v -0.536231110183285 0 0.449951326780578
vn -0.766044443118978 0 0.642787609686539
vt 0.388888888888889 0
v -0.573406431002294 0 0.401503505445732
vn -0.819152044288992 0 0.573576436351046
vt 0.402777777777778 0
v -0.606217782649107 0 0.35
vn -0.866025403784439 0 0.5
vt 0.416666666666667 0
v -0.634415450925655 0 0.29583278321849
vn -0.90630778703665 0 0.422618261740699
vt 0.430555555555556 0
v -0.657784834550136 0 0.239414100327968
vn -0.939692620785908 0 0.342020143325669
vt 0.444444444444444 0
v -0.676148078402348 0 0.181173331571765
vn -0.965925826289068 0 0.258819045102521
vt 0.458333333333333 0
v -0.689365427108546 0 0.121553724366851
vn -0.984807753012208 0 0.173648177666931
vt 0.472222222222222 0
v -0.697336288664222 0 0.0610090199233607
vn -0.996194698091746 0 0.0871557427476582
vt 0.486111111111111 0
v -0.7 0 8.57224447675664E-17
vn -1 0 1.22460635382238E-16
vt 0.5 0
v -0.697336288664222 0 -0.0610090199233606
vn -0.996194698091746 0 -0.0871557427476579
vt 0.513888888888889 0
v -0.689365427108546 0 -0.121553724366851
vn -0.984807753012208 0 -0.17364817766693
vt 0.527777777777778 0
v -0.676148078402348 0 -0.181173331571764
vn -0.965925826289068 0 -0.25881904510252
vt 0.541666666666667 0
v -0.657784834550136 0 -0.239414100327968
vn -0.939692620785908 0 -0.342020143325669
vt 0.555555555555556 0
v -0.634415450925655 0 -0.295832783218489
vn -0.90630778703665 0 -0.422618261740699
vt 0.569444444444444 0
v -0.606217782649107 0 -0.35
vn -0.866025403784439 0 -0.5
vt 0.583333333333333 0
v -0.573406431002294 0 -0.401503505445732
vn -0.819152044288992 0 -0.573576436351046
vt 0.597222222222222 0
v -0.536231110183285 0 -0.449951326780577
vn -0.766044443118978 0 -0.642787609686539
vt 0.611111111111111 0
v -0.494974746830583 0 -0.494974746830583
vn -0.707106781186548 0 -0.707106781186547
vt 0.625 0
v -0.449951326780578 0 -0.536231110183285
vn -0.642787609686539 0 -0.766044443118978
vt 0.638888888888889 0
v -0.401503505445732 0 -0.573406431002294
vn -0.573576436351046 0 -0.819152044288992
vt 0.652777777777778 0
v -0.35 0 -0.606217782649107
vn -0.5 0 -0.866025403784438
vt 0.666666666666667 0
v -0.295832783218489 0 -0.634415450925655
vn -0.422618261740699 0 -0.90630778703665
vt 0.680555555555556 0
v -0.239414100327969 0 -0.657784834550136
vn -0.342020143325669 0 -0.939692620785908
vt 0.694444444444444 0
v -0.181173331571764 0 -0.676148078402348
vn -0.258819045102521 0 -0.965925826289068
vt 0.708333333333333 0
v -0.121553724366851 0 -0.689365427108546
vn -0.17364817766693 0 -0.984807753012208
vt 0.722222222222222 0
v -0.0610090199233608 0 -0.697336288664222
vn -0.0871557427476582 0 -0.996194698091746
vt 0.736111111111111 0
v -1.2858366715135E-16 0 -0.7
vn -1.83690953073357E-16 0 -1
vt 0.75 0
v 0.0610090199233605 0 -0.697336288664222
vn 0.0871557427476579 0 -0.996194698091746
vt 0.763888888888889 0
v 0.121553724366851 0 -0.689365427108546
vn 0.17364817766693 0 -0.984807753012208
vt 0.777777777777778 0
v 0.181173331571764 0 -0.676148078402348
vn 0.25881904510252 0 -0.965925826289068
vt 0.791666666666667 0
v 0.239414100327968 0 -0.657784834550136
vn 0.342020143325669 0 -0.939692620785908
vt 0.805555555555556 0
v 0.295832783218489 0 -0.634415450925655
vn 0.422618261740699 0 -0.90630778703665
vt 0.819444444444444 0
v 0.35 0 -0.606217782649107
vn 0.5 0 -0.866025403784439
vt 0.833333333333333 0
v 0.401503505445732 0 -0.573406431002294
vn 0.573576436351046 0 -0.819152044288992
vt 0.847222222222222 0
v 0.449951326780577 0 -0.536231110183285
vn 0.642787609686539 0 -0.766044443118978
vt 0.861111111111111 0
v 0.494974746830583 0 -0.494974746830583
vn 0.707106781186547 0 -0.707106781186548
vt 0.875 0
v 0.536231110183284 0 -0.449951326780578
vn 0.766044443118978 0 -0.64278760968654
vt 0.888888888888889 0
v 0.573406431002294 0 -0.401503505445733
vn 0.819152044288992 0 -0.573576436351046
vt 0.902777777777778 0
v 0.606217782649107 0 -0.35
vn 0.866025403784438 0 -0.5
vt 0.916666666666667 0
v 0.634415450925655 0 -0.295832783218489
vn 0.90630778703665 0 -0.422618261740699
vt 0.930555555555556 0
v 0.657784834550136 0 -0.239414100327969
vn 0.939692620785908 0 -0.342020143325669
vt 0.944444444444444 0
v 0.676148078402348 0 -0.181173331571764
vn 0.965925826289068 0 -0.258819045102521
vt 0.958333333333333 0
v 0.689365427108546 0 -0.121553724366851
vn 0.984807753012208 0 -0.17364817766693
vt 0.972222222222222 0
v 0.697336288664222 0 -0.0610090199233608
vn 0.996194698091746 0 -0.0871557427476583
vt 0.986111111111111 0
v 0.691224769263638 0.07788232688471 0
vn 0.974927912181824 0.222520933956314 0
vt 0 0.0357142857142857
v 0.688594450330127 0.07788232688471 0.060244208170751
vn 0.971218017137188 0.222520933956314 0.0849705663116305
vt 0.0138888888888889 0.0357142857142857
v 0.680723511844905 0.07788232688471 0.120029921540875
vn 0.960116566544665 0.222520933956314 0.169294455306999
vt 0.0277777777777778 0.0357142857142857
v 0.66767185640245 0.07788232688471 0.178902134732025
vn 0.941708049146504 0.222520933956314 0.252329911274694
vt 0.0416666666666667 0.0357142857142857
v 0.649538814981483 0.07788232688471 0.236412794653802
vn 0.916132564875472 0.222520933956314 0.333444984256622
vt 0.0555555555555556 0.0357142857142857
v 0.626462390976247 0.07788232688471 0.292124210458315
vn 0.88358475860977 0.222520933956314 0.412022339568772
vt 0.0694444444444444 0.0357142857142857
v 0.598618209907348 0.07788232688471 0.345612384631819
vn 0.844312338807984 0.222520933956314 0.487463956090912
vt 0.0833333333333333 0.0357142857142857
v 0.566218182805496 0.07788232688471 0.396470239871812
vn 0.798614192298139 0.222520933956314 0.559195677568416
vt 0.0972222222222222 0.0357142857142857
v 0.529508893440608 0.07788232688471 0.444310717191104
vn 0.746838109568473 0.222520933956314 0.626671582288043
vt 0.111111111111111 0.0357142857142857
v 0.488769721670425 0.07788232688471 0.488769721670425
vn 0.68937813787181 0.222520933956314 0.68937813787181
vt 0.125 0.0357142857142857
v 0.444310717191104 0.07788232688471 0.529508893440608
vn 0.626671582288043 0.222520933956314 0.746838109568473
vt 0.138888888888889 0.0357142857142857
v 0.396470239871812 0.07788232688471 0.566218182805496
vn 0.559195677568416 0.222520933956314 0.798614192298139
vt 0.152777777777778 0.0357142857142857
v 0.345612384631819 0.07788232688471 0.598618209907348
vn 0.487463956090912 0.222520933956314 0.844312338807984
vt 0.166666666666667 0.0357142857142857
v 0.292124210458315 0.07788232688471 0.626462390976247
vn 0.412022339568772 0.222520933956314 0.88358475860977
vt 0.180555555555556 0.0357142857142857
v 0.236412794653802 0.07788232688471 0.649538814981483
vn 0.333444984256622 0.222520933956314 0.916132564875472
vt 0.194444444444444 0.0357142857142857
v 0.178902134732025 0.07788232688471 0.66767185640245
vn 0.252329911274694 0.222520933956314 0.941708049146504
vt 0.208333333333333 0.0357142857142857
v 0.120029921540875 0.07788232688471 0.680723511844905
vn 0.169294455306999 0.222520933956314 0.960116566544665
vt 0.222222222222222 0.0357142857142857
v 0.0602442081707512 0.07788232688471 0.688594450330127
vn 0.0849705663116307 0.222520933956314 0.971218017137188
vt 0.236111111111111 0.0357142857142857
v 4.23239122179829E-17 0.07788232688471 0.691224769263638
vn 5.96951457888323E-17 0.222520933956314 0.974927912181824
vt 0.25 0.0357142857142857
v -0.0602442081707511 0.07788232688471 0.688594450330127
vn -0.0849705663116306 0.222520933956314 0.971218017137188
vt 0.263888888888889 0.0357142857142857
v -0.120029921540875 0.07788232688471 0.680723511844905
vn -0.169294455306999 0.222520933956314 0.960116566544665
vt 0.277777777777778 0.0357142857142857
v -0.178902134732025 0.07788232688471 0.66767185640245
vn -0.252329911274694 0.222520933956314 0.941708049146504
vt 0.291666666666667 0.0357142857142857
v -0.236412794653802 0.07788232688471 0.649538814981483
vn -0.333444984256622 0.222520933956314 0.916132564875472
vt 0.305555555555556 0.0357142857142857
v -0.292124210458315 0.07788232688471 0.626462390976247
vn -0.412022339568771 0.222520933956314 0.88358475860977
vt 0.319444444444444 0.0357142857142857
v -0.345612384631819 0.07788232688471 0.598618209907348
vn -0.487463956090912 0.222520933956314 0.844312338807984
vt 0.333333333333333 0.0357142857142857
v -0.396470239871812 0.07788232688471 0.566218182805496
vn -0.559195677568416 0.222520933956314 0.79861419229814
vt 0.347222222222222 0.0357142857142857
v -0.444310717191104 0.07788232688471 0.529508893440608
vn -0.626671582288043 0.222520933956314 0.746838109568473
vt 0.361111111111111 0.0357142857142857
v -0.488769721670425 0.07788232688471 0.488769721670425
vn -0.68937813787181 0.222520933956314 0.68937813787181
vt 0.375 0.0357142857142857
v -0.529508893440608 0.07788232688471 0.444310717191104
vn -0.746838109568473 0.222520933956314 0.626671582288043
vt 0.388888888888889 0.0357142857142857
v -0.566218182805496 0.07788232688471 0.396470239871812
vn -0.79861419229814 0.222520933956314 0.559195677568416
vt 0.402777777777778 0.0357142857142857
v -0.598618209907348 0.07788232688471 0.345612384631819
vn -0.844312338807984 0.222520933956314 0.487463956090912
vt 0.416666666666667 0.0357142857142857
v -0.626462390976247 0.07788232688471 0.292124210458315
vn -0.88358475860977 0.222520933956314 0.412022339568772
vt 0.430555555555556 0.0357142857142857
v -0.649538814981483 0.07788232688471 0.236412794653802
vn -0.916132564875472 0.222520933956314 0.333444984256622
vt 0.444444444444444 0.0357142857142857
v -0.66767185640245 0.07788232688471 0.178902134732025
vn -0.941708049146504 0.222520933956314 0.252329911274694
vt 0.458333333333333 0.0357142857142857
v -0.680723511844905 0.07788232688471 0.120029921540875
vn -0.960116566544665 0.222520933956314 0.169294455306999
vt 0.472222222222222 0.0357142857142857
v -0.688594450330127 0.07788232688471 0.060244208170751
vn -0.971218017137188 0.222520933956314 0.0849705663116305
vt 0.486111111111111 0.0357142857142857
v -0.691224769263638 0.07788232688471 8.46478244359658E-17
vn -0.974927912181824 0.222520933956314 1.19390291577665E-16
vt 0.5 0.0357142857142857
v -0.688594450330127 0.07788232688471 -0.0602442081707509
vn -0.971218017137188 0.222520933956314 -0.0849705663116303
vt 0.513888888888889 0.0357142857142857
v -0.680723511844905 0.07788232688471 -0.120029921540875
vn -0.960116566544665 0.222520933956314 -0.169294455306999
vt 0.527777777777778 0.0357142857142857
v -0.66767185640245 0.07788232688471 -0.178902134732025
vn -0.941708049146504 0.222520933956314 -0.252329911274693
vt 0.541666666666667 0.0357142857142857
v -0.649538814981483 0.07788232688471 -0.236412794653802
vn -0.916132564875472 0.222520933956314 -0.333444984256622
vt 0.555555555555556 0.0357142857142857
v -0.626462390976247 0.07788232688471 -0.292124210458315
vn -0.88358475860977 0.222520933956314 -0.412022339568771
vt 0.569444444444444 0.0357142857142857
v -0.598618209907348 0.07788232688471 -0.345612384631819
vn -0.844312338807984 0.222520933956314 -0.487463956090912
vt 0.583333333333333 0.0357142857142857
v -0.566218182805496 0.07788232688471 -0.396470239871812
vn -0.79861419229814 0.222520933956314 -0.559195677568416
vt 0.597222222222222 0.0357142857142857
v -0.529508893440608 0.07788232688471 -0.444310717191104
vn -0.746838109568473 0.222520933956314 -0.626671582288043
vt 0.611111111111111 0.0357142857142857
v -0.488769721670425 0.07788232688471 -0.488769721670425
vn -0.689378137871811 0.222520933956314 -0.68937813787181
vt 0.625 0.0357142857142857
v -0.444310717191104 0.07788232688471 -0.529508893440608
vn -0.626671582288043 0.222520933956314 -0.746838109568473
vt 0.638888888888889 0.0357142857142857
v -0.396470239871812 0.07788232688471 -0.566218182805496
vn -0.559195677568416 0.222520933956314 -0.798614192298139
vt 0.652777777777778 0.0357142857142857
v -0.345612384631819 0.07788232688471 -0.598618209907347
vn -0.487463956090912 0.222520933956314 -0.844312338807983
vt 0.666666666666667 0.0357142857142857
v -0.292124210458315 0.07788232688471 -0.626462390976247
vn -0.412022339568771 0.222520933956314 -0.88358475860977
vt 0.680555555555556 0.0357142857142857
v -0.236412794653802 0.07788232688471 -0.649538814981483
vn -0.333444984256623 0.222520933956314 -0.916132564875472
vt 0.694444444444444 0.0357142857142857
v -0.178902134732025 0.07788232688471 -0.66767185640245
vn -0.252329911274694 0.222520933956314 -0.941708049146504
vt 0.708333333333333 0.0357142857142857
v -0.120029921540875 0.07788232688471 -0.680723511844905
vn -0.169294455306999 0.222520933956314 -0.960116566544665
vt 0.722222222222222 0.0357142857142857
v -0.0602442081707511 0.07788232688471 -0.688594450330127
vn -0.0849705663116306 0.222520933956314 -0.971218017137188
vt 0.736111111111111 0.0357142857142857
v -1.26971736653949E-16 0.07788232688471 -0.691224769263638
vn -1.79085437366497E-16 0.222520933956314 -0.974927912181824
vt 0.75 0.0357142857142857
v 0.0602442081707508 0.07788232688471 -0.688594450330127
vn 0.0849705663116302 0.222520933956314 -0.971218017137188
vt 0.763888888888889 0.0357142857142857
v 0.120029921540875 0.07788232688471 -0.680723511844906
vn 0.169294455306998 0.222520933956314 -0.960116566544665
vt 0.777777777777778 0.0357142857142857
v 0.178902134732025 0.07788232688471 -0.66767185640245
vn 0.252329911274693 0.222520933956314 -0.941708049146504
vt 0.791666666666667 0.0357142857142857
v 0.236412794653802 0.07788232688471 -0.649538814981483
vn 0.333444984256623 0.222520933956314 -0.916132564875472
vt 0.805555555555556 0.0357142857142857
v 0.292124210458314 0.07788232688471 -0.626462390976247
vn 0.412022339568771 0.222520933956314 -0.88358475860977
vt 0.819444444444444 0.0357142857142857
v 0.345612384631819 0.07788232688471 -0.598618209907348
vn 0.487463956090912 0.222520933956314 -0.844312338807984
vt 0.833333333333333 0.0357142857142857
v 0.396470239871812 0.07788232688471 -0.566218182805496
vn 0.559195677568416 0.222520933956314 -0.798614192298139
vt 0.847222222222222 0.0357142857142857
v 0.444310717191104 0.07788232688471 -0.529508893440608
vn 0.626671582288043 0.222520933956314 -0.746838109568473
vt 0.861111111111111 0.0357142857142857
v 0.488769721670425 0.07788232688471 -0.488769721670425
vn 0.68937813787181 0.222520933956314 -0.689378137871811
vt 0.875 0.0357142857142857
v 0.529508893440608 0.07788232688471 -0.444310717191104
vn 0.746838109568473 0.222520933956314 -0.626671582288043
vt 0.888888888888889 0.0357142857142857
v 0.566218182805496 0.07788232688471 -0.396470239871812
vn 0.798614192298139 0.222520933956314 -0.559195677568416
vt 0.902777777777778 0.0357142857142857
v 0.598618209907347 0.07788232688471 -0.345612384631819
vn 0.844312338807983 0.222520933956314 -0.487463956090912
vt 0.916666666666667 0.0357142857142857
v 0.626462390976247 0.07788232688471 -0.292124210458315
vn 0.88358475860977 0.222520933956314 -0.412022339568771
vt 0.930555555555556 0.0357142857142857
v 0.649538814981483 0.07788232688471 -0.236412794653802
vn 0.916132564875471 0.222520933956314 -0.333444984256623
vt 0.944444444444444 0.0357142857142857
v 0.66767185640245 0.07788232688471 -0.178902134732025
vn 0.941708049146504 0.222520933956314 -0.252329911274694
vt 0.958333333333333 0.0357142857142857
v 0.680723511844905 0.07788232688471 -0.120029921540875
vn 0.960116566544665 0.222520933956314 -0.169294455306999
vt 0.972222222222222 0.0357142857142857
v 0.688594450330127 0.07788232688471 -0.0602442081707511
vn 0.971218017137188 0.222520933956314 -0.0849705663116306
vt 0.986111111111111 0.0357142857142857
v 0.665339103765847 0.151859308691145 0
vn 0.900968867902419 0.433883739117558 0
vt 0 0.0714285714285714
v 0.66280728760465 0.151859308691145 0.0579881237677736
vn 0.897540409350112 0.433883739117558 0.0785246108745521
vt 0.0138888888888889 0.0714285714285714
v 0.6552311077708 0.151859308691145 0.115534922899488
vn 0.887281126332934 0.433883739117558 0.156451602045892
vt 0.0277777777777778 0.0714285714285714
v 0.642668223567454 0.151859308691145 0.172202431506043
vn 0.870269098189371 0.433883739117558 0.233187902057603
vt 0.0416666666666667 0.0714285714285714
v 0.625214246129076 0.151859308691145 0.227559375630167
vn 0.846633796725737 0.433883739117558 0.308149501331951
vt 0.0555555555555556 0.0714285714285714
v 0.603002010762973 0.151859308691145 0.281184455501637
vn 0.816555100857557 0.433883739117558 0.380765896835406
vt 0.0694444444444444 0.0714285714285714
v 0.576200565992394 0.151859308691145 0.332669551882923
vn 0.780261927622401 0.433883739117558 0.45048443395121
vt 0.0833333333333333 0.0714285714285714
v 0.545013886995199 0.151859308691145 0.381622832103013
vn 0.738030489983005 0.433883739117558 0.516774512514706
vt 0.0972222222222222 0.0714285714285714
v 0.509679323229588 0.151859308691145 0.427671732140633
vn 0.690182194679845 0.433883739117558 0.579131625000983
vt 0.111111111111111 0.0714285714285714
v 0.47046579206141 0.151859308691145 0.47046579206141
vn 0.637081196131767 0.433883739117558 0.637081196131767
vt 0.125 0.0714285714285714
v 0.427671732140633 0.151859308691145 0.509679323229588
vn 0.579131625000983 0.433883739117558 0.690182194679845
vt 0.138888888888889 0.0714285714285714
v 0.381622832103013 0.151859308691145 0.545013886995199
vn 0.516774512514706 0.433883739117558 0.738030489983005
vt 0.152777777777778 0.0714285714285714
v 0.332669551882923 0.151859308691145 0.576200565992394
vn 0.45048443395121 0.433883739117558 0.780261927622401
vt 0.166666666666667 0.0714285714285714
v 0.281184455501637 0.151859308691145 0.603002010762973
vn 0.380765896835406 0.433883739117558 0.816555100857557
vt 0.180555555555556 0.0714285714285714
v 0.227559375630167 0.151859308691145 0.625214246129076
vn 0.308149501331951 0.433883739117558 0.846633796725737
vt 0.194444444444444 0.0714285714285714
v 0.172202431506043 0.151859308691145 0.642668223567454
vn 0.233187902057603 0.433883739117558 0.870269098189371
vt 0.208333333333333 0.0714285714285714
v 0.115534922899488 0.151859308691145 0.6552311077708
vn 0.156451602045892 0.433883739117558 0.887281126332934
vt 0.222222222222222 0.0714285714285714
v 0.0579881237677737 0.151859308691145 0.66280728760465
vn 0.0785246108745522 0.433883739117558 0.897540409350112
vt 0.236111111111111 0.0714285714285714
v 4.07389246959071E-17 0.151859308691145 0.665339103765847
vn 5.51666100114728E-17 0.433883739117558 0.900968867902419
vt 0.25 0.0714285714285714
v -0.0579881237677736 0.151859308691145 0.66280728760465
vn -0.0785246108745521 0.433883739117558 0.897540409350112
vt 0.263888888888889 0.0714285714285714
v -0.115534922899488 0.151859308691145 0.6552311077708
vn -0.156451602045892 0.433883739117558 0.887281126332934
vt 0.277777777777778 0.0714285714285714
v -0.172202431506043 0.151859308691145 0.642668223567454
vn -0.233187902057603 0.433883739117558 0.870269098189371
vt 0.291666666666667 0.0714285714285714
v -0.227559375630167 0.151859308691145 0.625214246129076
vn -0.308149501331951 0.433883739117558 0.846633796725737
vt 0.305555555555556 0.0714285714285714
v -0.281184455501637 0.151859308691145 0.603002010762973
vn -0.380765896835406 0.433883739117558 0.816555100857557
vt 0.319444444444444 0.0714285714285714
v -0.332669551882923 0.151859308691145 0.576200565992394
vn -0.450484433951209 0.433883739117558 0.780261927622401
vt 0.333333333333333 0.0714285714285714
v -0.381622832103013 0.151859308691145 0.545013886995199
vn -0.516774512514706 0.433883739117558 0.738030489983005
vt 0.347222222222222 0.0714285714285714
v -0.427671732140633 0.151859308691145 0.509679323229588
vn -0.579131625000983 0.433883739117558 0.690182194679845
vt 0.361111111111111 0.0714285714285714
v -0.47046579206141 0.151859308691145 0.47046579206141
vn -0.637081196131767 0.433883739117558 0.637081196131767
vt 0.375 0.0714285714285714
v -0.509679323229588 0.151859308691145 0.427671732140633
vn -0.690182194679845 0.433883739117558 0.579131625000984
vt 0.388888888888889 0.0714285714285714
v -0.545013886995199 0.151859308691145 0.381622832103013
vn -0.738030489983005 0.433883739117558 0.516774512514706
vt 0.402777777777778 0.0714285714285714
v -0.576200565992394 0.151859308691145 0.332669551882923
vn -0.780261927622401 0.433883739117558 0.45048443395121
vt 0.416666666666667 0.0714285714285714
v -0.603002010762973 0.151859308691145 0.281184455501637
vn -0.816555100857557 0.433883739117558 0.380765896835406
vt 0.430555555555556 0.0714285714285714
v -0.625214246129076 0.151859308691145 0.227559375630167
vn -0.846633796725737 0.433883739117558 0.308149501331951
vt 0.444444444444444 0.0714285714285714
v -0.642668223567454 0.151859308691145 0.172202431506044
vn -0.870269098189371 0.433883739117558 0.233187902057604
vt 0.458333333333333 0.0714285714285714
v -0.6552311077708 0.151859308691145 0.115534922899488
vn -0.887281126332934 0.433883739117558 0.156451602045893
vt 0.472222222222222 0.0714285714285714
v -0.66280728760465 0.151859308691145 0.0579881237677736
vn -0.897540409350112 0.433883739117558 0.0785246108745521
vt 0.486111111111111 0.0714285714285714
v -0.665339103765847 0.151859308691145 8.14778493918142E-17
vn -0.900968867902419 0.433883739117558 1.10333220022946E-16
vt 0.5 0.0714285714285714
v -0.66280728760465 0.151859308691145 -0.0579881237677734
vn -0.897540409350112 0.433883739117558 -0.0785246108745519
vt 0.513888888888889 0.0714285714285714
v -0.6552311077708 0.151859308691145 -0.115534922899488
vn -0.887281126332934 0.433883739117558 -0.156451602045892
vt 0.527777777777778 0.0714285714285714
v -0.642668223567454 0.151859308691145 -0.172202431506043
vn -0.870269098189371 0.433883739117558 -0.233187902057603
vt 0.541666666666667 0.0714285714285714
v -0.625214246129076 0.151859308691145 -0.227559375630167
vn -0.846633796725737 0.433883739117558 -0.308149501331951
vt 0.555555555555556 0.0714285714285714
v -0.603002010762973 0.151859308691145 -0.281184455501637
vn -0.816555100857557 0.433883739117558 -0.380765896835406
vt 0.569444444444444 0.0714285714285714
v -0.576200565992394 0.151859308691145 -0.332669551882923
vn -0.780261927622401 0.433883739117558 -0.45048443395121
vt 0.583333333333333 0.0714285714285714
v -0.545013886995199 0.151859308691145 -0.381622832103013
vn -0.738030489983005 0.433883739117558 -0.516774512514706
vt 0.597222222222222 0.0714285714285714
v -0.509679323229588 0.151859308691145 -0.427671732140633
vn -0.690182194679845 0.433883739117558 -0.579131625000983
vt 0.611111111111111 0.0714285714285714
v -0.47046579206141 0.151859308691145 -0.47046579206141
vn -0.637081196131768 0.433883739117558 -0.637081196131767
vt 0.625 0.0714285714285714
v -0.427671732140633 0.151859308691145 -0.509679323229588
vn -0.579131625000984 0.433883739117558 -0.690182194679845
vt 0.638888888888889 0.0714285714285714
v -0.381622832103013 0.151859308691145 -0.545013886995199
vn -0.516774512514706 0.433883739117558 -0.738030489983005
vt 0.652777777777778 0.0714285714285714
v -0.332669551882924 0.151859308691145 -0.576200565992394
vn -0.45048443395121 0.433883739117558 -0.780261927622401
vt 0.666666666666667 0.0714285714285714
v -0.281184455501637 0.151859308691145 -0.603002010762973
vn -0.380765896835406 0.433883739117558 -0.816555100857557
vt 0.680555555555556 0.0714285714285714
v -0.227559375630167 0.151859308691145 -0.625214246129076
vn -0.308149501331951 0.433883739117558 -0.846633796725737
vt 0.694444444444444 0.0714285714285714
v -0.172202431506043 0.151859308691145 -0.642668223567454
vn -0.233187902057603 0.433883739117558 -0.870269098189371
vt 0.708333333333333 0.0714285714285714
v -0.115534922899488 0.151859308691145 -0.6552311077708
vn -0.156451602045892 0.433883739117558 -0.887281126332934
vt 0.722222222222222 0.0714285714285714
v -0.0579881237677736 0.151859308691145 -0.66280728760465
vn -0.0785246108745521 0.433883739117558 -0.897540409350112
vt 0.736111111111111 0.0714285714285714
v -1.22216774087721E-16 0.151859308691145 -0.665339103765847
vn -1.65499830034418E-16 0.433883739117558 -0.900968867902419
vt 0.75 0.0714285714285714
v 0.0579881237677734 0.151859308691145 -0.66280728760465
vn 0.0785246108745518 0.433883739117558 -0.897540409350112
vt 0.763888888888889 0.0714285714285714
v 0.115534922899488 0.151859308691145 -0.6552311077708
vn 0.156451602045892 0.433883739117558 -0.887281126332934
vt 0.777777777777778 0.0714285714285714
v 0.172202431506043 0.151859308691145 -0.642668223567454
vn 0.233187902057603 0.433883739117558 -0.870269098189371
vt 0.791666666666667 0.0714285714285714
v 0.227559375630167 0.151859308691145 -0.625214246129076
vn 0.308149501331951 0.433883739117558 -0.846633796725737
vt 0.805555555555556 0.0714285714285714
v 0.281184455501637 0.151859308691145 -0.603002010762973
vn 0.380765896835406 0.433883739117558 -0.816555100857558
vt 0.819444444444444 0.0714285714285714
v 0.332669551882923 0.151859308691145 -0.576200565992394
vn 0.45048443395121 0.433883739117558 -0.780261927622401
vt 0.833333333333333 0.0714285714285714
v 0.381622832103013 0.151859308691145 -0.545013886995199
vn 0.516774512514706 0.433883739117558 -0.738030489983005
vt 0.847222222222222 0.0714285714285714
v 0.427671732140633 0.151859308691145 -0.509679323229588
vn 0.579131625000983 0.433883739117558 -0.690182194679845
vt 0.861111111111111 0.0714285714285714
v 0.47046579206141 0.151859308691145 -0.47046579206141
vn 0.637081196131767 0.433883739117558 -0.637081196131768
vt 0.875 0.0714285714285714
v 0.509679323229588 0.151859308691145 -0.427671732140633
vn 0.690182194679845 0.433883739117558 -0.579131625000984
vt 0.888888888888889 0.0714285714285714
v 0.545013886995199 0.151859308691145 -0.381622832103014
vn 0.738030489983005 0.433883739117558 -0.516774512514706
vt 0.902777777777778 0.0714285714285714
v 0.576200565992394 0.151859308691145 -0.332669551882924
vn 0.780261927622401 0.433883739117558 -0.45048443395121
vt 0.916666666666667 0.0714285714285714
v 0.603002010762973 0.151859308691145 -0.281184455501637
vn 0.816555100857557 0.433883739117558 -0.380765896835406
vt 0.930555555555556 0.0714285714285714
v 0.625214246129076 0.151859308691145 -0.227559375630167
vn 0.846633796725737 0.433883739117558 -0.308149501331952
vt 0.944444444444444 0.0714285714285714
v 0.642668223567454 0.151859308691145 -0.172202431506043
vn 0.870269098189371 0.433883739117558 -0.233187902057603
vt 0.958333333333333 0.0714285714285714
v 0.6552311077708 0.151859308691145 -0.115534922899488
vn 0.887281126332934 0.433883739117558 -0.156451602045892
vt 0.972222222222222 0.0714285714285714
v 0.66280728760465 0.151859308691145 -0.0579881237677737
vn 0.897540409350112 0.433883739117558 -0.0785246108745522
vt 0.986111111111111 0.0714285714285714
v 0.62364101886381 0.218221430650557 0
vn 0.78183148246803 0.623489801858733 0
vt 0 0.107142857142857
v 0.621267876504662 0.218221430650557 0.0543538962069817
vn 0.778856377635861 0.623489801858733 0.0681411035580038
vt 0.0138888888888889 0.107142857142857
v 0.614166510473513 0.218221430650557 0.108294126444048
vn 0.769953705483544 0.623489801858733 0.135763612173208
vt 0.0277777777777778 0.107142857142857
v 0.602390966453783 0.218221430650557 0.161410172989095
vn 0.755191220721739 0.623489801858733 0.202352877723464
vt 0.0416666666666667 0.107142857142857
v 0.586030863445728 0.218221430650557 0.213297790655567
vn 0.734681274773315 0.623489801858733 0.267402115690236
vt 0.0555555555555556 0.107142857142857
v 0.565210711711742 0.218221430650557 0.263562083342422
vn 0.708579960711183 0.623489801858733 0.330416262094793
vt 0.0694444444444444 0.107142857142857
v 0.54008896517807 0.218221430650557 0.311820509431905
vn 0.677085925295762 0.623489801858733 0.390915741234015
vt 0.0833333333333333 0.107142857142857
v 0.51085681550476 0.218221430650557 0.35770579316224
vn 0.64043885715318 0.623489801858733 0.448440115541068
vt 0.0972222222222222 0.107142857142857
v 0.47773673700168 0.218221430650557 0.400868719817947
vn 0.598917662600107 0.623489801858733 0.502551589793308
vt 0.111111111111111 0.107142857142857
v 0.440980793464688 0.218221430650557 0.440980793464688
vn 0.552838342998275 0.623489801858733 0.552838342998275
vt 0.125 0.107142857142857
v 0.400868719817947 0.218221430650557 0.47773673700168
vn 0.502551589793308 0.623489801858733 0.598917662600107
vt 0.138888888888889 0.107142857142857
v 0.35770579316224 0.218221430650557 0.51085681550476
vn 0.448440115541068 0.623489801858733 0.64043885715318
vt 0.152777777777778 0.107142857142857
v 0.311820509431905 0.218221430650557 0.54008896517807
vn 0.390915741234015 0.623489801858733 0.677085925295762
vt 0.166666666666667 0.107142857142857
v 0.263562083342422 0.218221430650557 0.565210711711742
vn 0.330416262094793 0.623489801858733 0.708579960711183
vt 0.180555555555556 0.107142857142857
v 0.213297790655567 0.218221430650557 0.586030863445728
vn 0.267402115690236 0.623489801858733 0.734681274773315
vt 0.194444444444444 0.107142857142857
v 0.161410172989095 0.218221430650557 0.602390966453783
vn 0.202352877723464 0.623489801858733 0.755191220721739
vt 0.208333333333333 0.107142857142857
v 0.108294126444048 0.218221430650557 0.614166510473513
vn 0.135763612173208 0.623489801858733 0.769953705483544
vt 0.222222222222222 0.107142857142857
v 0.0543538962069818 0.218221430650557 0.621267876504662
vn 0.068141103558004 0.623489801858733 0.778856377635861
vt 0.236111111111111 0.107142857142857
v 3.81857377102442E-17 0.218221430650557 0.62364101886381
vn 4.78717900524359E-17 0.623489801858733 0.78183148246803
vt 0.25 0.107142857142857
v -0.0543538962069817 0.218221430650557 0.621267876504662
vn -0.0681411035580039 0.623489801858733 0.778856377635861
vt 0.263888888888889 0.107142857142857
v -0.108294126444048 0.218221430650557 0.614166510473513
vn -0.135763612173208 0.623489801858733 0.769953705483544
vt 0.277777777777778 0.107142857142857
v -0.161410172989095 0.218221430650557 0.602390966453783
vn -0.202352877723464 0.623489801858733 0.755191220721739
vt 0.291666666666667 0.107142857142857
v -0.213297790655567 0.218221430650557 0.586030863445728
vn -0.267402115690236 0.623489801858733 0.734681274773315
vt 0.305555555555556 0.107142857142857
v -0.263562083342422 0.218221430650557 0.565210711711742
vn -0.330416262094793 0.623489801858733 0.708579960711184
vt 0.319444444444444 0.107142857142857
v -0.311820509431905 0.218221430650557 0.54008896517807
vn -0.390915741234015 0.623489801858733 0.677085925295762
vt 0.333333333333333 0.107142857142857
v -0.35770579316224 0.218221430650557 0.51085681550476
vn -0.448440115541068 0.623489801858733 0.64043885715318
vt 0.347222222222222 0.107142857142857
v -0.400868719817947 0.218221430650557 0.47773673700168
vn -0.502551589793308 0.623489801858733 0.598917662600107
vt 0.361111111111111 0.107142857142857
v -0.440980793464688 0.218221430650557 0.440980793464688
vn -0.552838342998275 0.623489801858733 0.552838342998275
vt 0.375 0.107142857142857
v -0.47773673700168 0.218221430650557 0.400868719817947
vn -0.598917662600107 0.623489801858733 0.502551589793308
vt 0.388888888888889 0.107142857142857
v -0.51085681550476 0.218221430650557 0.35770579316224
vn -0.64043885715318 0.623489801858733 0.448440115541068
vt 0.402777777777778 0.107142857142857
v -0.54008896517807 0.218221430650557 0.311820509431905
vn -0.677085925295762 0.623489801858733 0.390915741234015
vt 0.416666666666667 0.107142857142857
v -0.565210711711742 0.218221430650557 0.263562083342422
vn -0.708579960711183 0.623489801858733 0.330416262094793
vt 0.430555555555556 0.107142857142857
v -0.586030863445728 0.218221430650557 0.213297790655567
vn -0.734681274773315 0.623489801858733 0.267402115690236
vt 0.444444444444444 0.107142857142857
v -0.602390966453782 0.218221430650557 0.161410172989095
vn -0.755191220721739 0.623489801858733 0.202352877723464
vt 0.458333333333333 0.107142857142857
v -0.614166510473513 0.218221430650557 0.108294126444049
vn -0.769953705483544 0.623489801858733 0.135763612173208
vt 0.472222222222222 0.107142857142857
v -0.621267876504662 0.218221430650557 0.0543538962069817
vn -0.778856377635861 0.623489801858733 0.0681411035580038
vt 0.486111111111111 0.107142857142857
v -0.62364101886381 0.218221430650557 7.63714754204883E-17
vn -0.78183148246803 0.623489801858733 9.57435801048718E-17
vt 0.5 0.107142857142857
v -0.621267876504662 0.218221430650557 -0.0543538962069816
vn -0.778856377635861 0.623489801858733 -0.0681411035580037
vt 0.513888888888889 0.107142857142857
v -0.614166510473513 0.218221430650557 -0.108294126444048
vn -0.769953705483544 0.623489801858733 -0.135763612173208
vt 0.527777777777778 0.107142857142857
v -0.602390966453783 0.218221430650557 -0.161410172989094
vn -0.755191220721739 0.623489801858733 -0.202352877723463
vt 0.541666666666667 0.107142857142857
v -0.586030863445728 0.218221430650557 -0.213297790655566
vn -0.734681274773315 0.623489801858733 -0.267402115690236
vt 0.555555555555556 0.107142857142857
v -0.565210711711742 0.218221430650557 -0.263562083342422
vn -0.708579960711184 0.623489801858733 -0.330416262094793
vt 0.569444444444444 0.107142857142857
v -0.54008896517807 0.218221430650557 -0.311820509431905
vn -0.677085925295762 0.623489801858733 -0.390915741234015
vt 0.583333333333333 0.107142857142857
v -0.51085681550476 0.218221430650557 -0.35770579316224
vn -0.64043885715318 0.623489801858733 -0.448440115541068
vt 0.597222222222222 0.107142857142857
v -0.47773673700168 0.218221430650557 -0.400868719817947
vn -0.598917662600107 0.623489801858733 -0.502551589793308
vt 0.611111111111111 0.107142857142857
v -0.440980793464688 0.218221430650557 -0.440980793464688
vn -0.552838342998275 0.623489801858733 -0.552838342998275
vt 0.625 0.107142857142857
v -0.400868719817947 0.218221430650557 -0.47773673700168
vn -0.502551589793308 0.623489801858733 -0.598917662600107
vt 0.638888888888889 0.107142857142857
v -0.35770579316224 0.218221430650557 -0.51085681550476
vn -0.448440115541068 0.623489801858733 -0.640438857153179
vt 0.652777777777778 0.107142857142857
v -0.311820509431905 0.218221430650557 -0.54008896517807
vn -0.390915741234015 0.623489801858733 -0.677085925295762
vt 0.666666666666667 0.107142857142857
v -0.263562083342422 0.218221430650557 -0.565210711711742
vn -0.330416262094793 0.623489801858733 -0.708579960711184
vt 0.680555555555556 0.107142857142857
v -0.213297790655567 0.218221430650557 -0.586030863445728
vn -0.267402115690236 0.623489801858733 -0.734681274773315
vt 0.694444444444444 0.107142857142857
v -0.161410172989094 0.218221430650557 -0.602390966453783
vn -0.202352877723464 0.623489801858733 -0.755191220721739
vt 0.708333333333333 0.107142857142857
v -0.108294126444048 0.218221430650557 -0.614166510473513
vn -0.135763612173208 0.623489801858733 -0.769953705483544
vt 0.722222222222222 0.107142857142857
v -0.0543538962069817 0.218221430650557 -0.621267876504662
vn -0.0681411035580039 0.623489801858733 -0.778856377635861
vt 0.736111111111111 0.107142857142857
v -1.14557213130732E-16 0.218221430650557 -0.62364101886381
vn -1.43615370157308E-16 0.623489801858733 -0.78183148246803
vt 0.75 0.107142857142857
v 0.0543538962069815 0.218221430650557 -0.621267876504662
vn 0.0681411035580036 0.623489801858733 -0.778856377635861
vt 0.763888888888889 0.107142857142857
v 0.108294126444048 0.218221430650557 -0.614166510473513
vn 0.135763612173208 0.623489801858733 -0.769953705483544
vt 0.777777777777778 0.107142857142857
v 0.161410172989094 0.218221430650557 -0.602390966453783
vn 0.202352877723463 0.623489801858733 -0.755191220721739
vt 0.791666666666667 0.107142857142857
v 0.213297790655567 0.218221430650557 -0.586030863445728
vn 0.267402115690236 0.623489801858733 -0.734681274773315
vt 0.805555555555556 0.107142857142857
v 0.263562083342422 0.218221430650557 -0.565210711711742
vn 0.330416262094792 0.623489801858733 -0.708579960711184
vt 0.819444444444444 0.107142857142857
v 0.311820509431905 0.218221430650557 -0.54008896517807
vn 0.390915741234015 0.623489801858733 -0.677085925295762
vt 0.833333333333333 0.107142857142857
v 0.35770579316224 0.218221430650557 -0.51085681550476
vn 0.448440115541068 0.623489801858733 -0.64043885715318
vt 0.847222222222222 0.107142857142857
v 0.400868719817947 0.218221430650557 -0.47773673700168
vn 0.502551589793308 0.623489801858733 -0.598917662600107
vt 0.861111111111111 0.107142857142857
v 0.440980793464688 0.218221430650557 -0.440980793464688
vn 0.552838342998275 0.623489801858733 -0.552838342998275
vt 0.875 0.107142857142857
v 0.47773673700168 0.218221430650557 -0.400868719817947
vn 0.598917662600107 0.623489801858733 -0.502551589793309
vt 0.888888888888889 0.107142857142857
v 0.51085681550476 0.218221430650557 -0.35770579316224
vn 0.640438857153179 0.623489801858733 -0.448440115541068
vt 0.902777777777778 0.107142857142857
v 0.54008896517807 0.218221430650557 -0.311820509431905
vn 0.677085925295762 0.623489801858733 -0.390915741234015
vt 0.916666666666667 0.107142857142857
v 0.565210711711742 0.218221430650557 -0.263562083342422
vn 0.708579960711184 0.623489801858733 -0.330416262094793
vt 0.930555555555556 0.107142857142857
v 0.586030863445728 0.218221430650557 -0.213297790655567
vn 0.734681274773315 0.623489801858733 -0.267402115690236
vt 0.944444444444444 0.107142857142857
v 0.602390966453783 0.218221430650557 -0.161410172989094
vn 0.755191220721739 0.623489801858733 -0.202352877723464
vt 0.958333333333333 0.107142857142857
v 0.614166510473513 0.218221430650557 -0.108294126444048
vn 0.769953705483544 0.623489801858733 -0.135763612173208
vt 0.972222222222222 0.107142857142857
v 0.621267876504662 0.218221430650557 -0.0543538962069818
vn 0.778856377635861 0.623489801858733 -0.0681411035580039
vt 0.986111111111111 0.107142857142857
v 0.568221430650557 0.27364101886381 0
vn 0.623489801858734 0.78183148246803 0
vt 0 0.142857142857143
v 0.566059176556191 0.27364101886381 0.0495237608334862
vn 0.621117234925943 0.78183148246803 0.0543407167765881
vt 0.0138888888888889 0.142857142857143
v 0.559588870332357 0.27364101886381 0.0986706159437652
vn 0.614017590794526 0.78183148246803 0.108267867886685
vt 0.0277777777777778 0.142857142857143
v 0.548859754916296 0.27364101886381 0.147066528087765
vn 0.602244902043205 0.78183148246803 0.161371035148237
vt 0.0416666666666667 0.142857142857143
v 0.53395348535474 0.27364101886381 0.19434317515182
vn 0.58588876594192 0.78183148246803 0.213246071393817
vt 0.0555555555555556 0.142857142857143
v 0.514983507359705 0.27364101886381 0.240140753305352
vn 0.565073662562508 0.78183148246803 0.263498176274591
vt 0.0694444444444444 0.142857142857143
v 0.49209419391812 0.27364101886381 0.284110715325278
vn 0.539958007410189 0.78183148246803 0.311744900929367
vt 0.0833333333333333 0.142857142857143
v 0.465459746526219 0.27364101886381 0.325918423250839
vn 0.51073294578592 0.78183148246803 0.357619058651352
vt 0.0972222222222222 0.142857142857143
v 0.435282869410975 0.27364101886381 0.365245695180537
vn 0.477620898055235 0.78183148246803 0.400771519400709
vt 0.111111111111111 0.142857142857143
v 0.40179322682853 0.27364101886381 0.40179322682853
vn 0.440873866894967 0.78183148246803 0.440873866894967
vt 0.125 0.142857142857143
v 0.365245695180537 0.27364101886381 0.435282869410975
vn 0.400771519400709 0.78183148246803 0.477620898055235
vt 0.138888888888889 0.142857142857143
v 0.325918423250839 0.27364101886381 0.465459746526219
vn 0.357619058651352 0.78183148246803 0.51073294578592
vt 0.152777777777778 0.142857142857143
v 0.284110715325278 0.27364101886381 0.49209419391812
vn 0.311744900929367 0.78183148246803 0.539958007410189
vt 0.166666666666667 0.142857142857143
v 0.240140753305352 0.27364101886381 0.514983507359705
vn 0.263498176274591 0.78183148246803 0.565073662562508
vt 0.180555555555556 0.142857142857143
v 0.19434317515182 0.27364101886381 0.53395348535474
vn 0.213246071393817 0.78183148246803 0.58588876594192
vt 0.194444444444444 0.142857142857143
v 0.147066528087765 0.27364101886381 0.548859754916296
vn 0.161371035148237 0.78183148246803 0.602244902043205
vt 0.208333333333333 0.142857142857143
v 0.0986706159437653 0.27364101886381 0.559588870332357
vn 0.108267867886685 0.78183148246803 0.614017590794526
vt 0.222222222222222 0.142857142857143
v 0.0495237608334863 0.27364101886381 0.566059176556191
vn 0.0543407167765883 0.78183148246803 0.621117234925943
vt 0.236111111111111 0.142857142857143
v 3.47923787176357E-17 0.27364101886381 0.568221430650557
vn 3.8176478644983E-17 0.78183148246803 0.623489801858734
vt 0.25 0.142857142857143
v -0.0495237608334862 0.27364101886381 0.566059176556191
vn -0.0543407167765882 0.78183148246803 0.621117234925943
vt 0.263888888888889 0.142857142857143
v -0.0986706159437652 0.27364101886381 0.559588870332357
vn -0.108267867886685 0.78183148246803 0.614017590794526
vt 0.277777777777778 0.142857142857143
v -0.147066528087765 0.27364101886381 0.548859754916296
vn -0.161371035148237 0.78183148246803 0.602244902043205
vt 0.291666666666667 0.142857142857143
v -0.19434317515182 0.27364101886381 0.53395348535474
vn -0.213246071393817 0.78183148246803 0.58588876594192
vt 0.305555555555556 0.142857142857143
v -0.240140753305352 0.27364101886381 0.514983507359705
vn -0.263498176274591 0.78183148246803 0.565073662562508
vt 0.319444444444444 0.142857142857143
v -0.284110715325278 0.27364101886381 0.49209419391812
vn -0.311744900929367 0.78183148246803 0.539958007410189
vt 0.333333333333333 0.142857142857143
v -0.325918423250839 0.27364101886381 0.465459746526219
vn -0.357619058651352 0.78183148246803 0.51073294578592
vt 0.347222222222222 0.142857142857143
v -0.365245695180537 0.27364101886381 0.435282869410975
vn -0.400771519400709 0.78183148246803 0.477620898055235
vt 0.361111111111111 0.142857142857143
v -0.40179322682853 0.27364101886381 0.40179322682853
vn -0.440873866894967 0.78183148246803 0.440873866894967
vt 0.375 0.142857142857143
v -0.435282869410975 0.27364101886381 0.365245695180537
vn -0.477620898055235 0.78183148246803 0.400771519400709
vt 0.388888888888889 0.142857142857143
v -0.465459746526219 0.27364101886381 0.325918423250839
vn -0.51073294578592 0.78183148246803 0.357619058651352
vt 0.402777777777778 0.142857142857143
v -0.49209419391812 0.27364101886381 0.284110715325278
vn -0.539958007410189 0.78183148246803 0.311744900929367
vt 0.416666666666667 0.142857142857143
v -0.514983507359705 0.27364101886381 0.240140753305352
vn -0.565073662562508 0.78183148246803 0.263498176274591
vt 0.430555555555556 0.142857142857143
v -0.53395348535474 0.27364101886381 0.19434317515182
vn -0.58588876594192 0.78183148246803 0.213246071393817
vt 0.444444444444444 0.142857142857143
v -0.548859754916295 0.27364101886381 0.147066528087765
vn -0.602244902043205 0.78183148246803 0.161371035148237
vt 0.458333333333333 0.142857142857143
v -0.559588870332357 0.27364101886381 0.0986706159437654
vn -0.614017590794526 0.78183148246803 0.108267867886685
vt 0.472222222222222 0.142857142857143
v -0.566059176556191 0.27364101886381 0.0495237608334862
vn -0.621117234925943 0.78183148246803 0.0543407167765882
vt 0.486111111111111 0.142857142857143
v -0.568221430650557 0.27364101886381 6.95847574352713E-17
vn -0.623489801858734 0.78183148246803 7.6352957289966E-17
vt 0.5 0.142857142857143
v -0.566059176556191 0.27364101886381 -0.0495237608334861
vn -0.621117234925943 0.78183148246803 -0.054340716776588
vt 0.513888888888889 0.142857142857143
v -0.559588870332357 0.27364101886381 -0.0986706159437653
vn -0.614017590794526 0.78183148246803 -0.108267867886685
vt 0.527777777777778 0.142857142857143
v -0.548859754916296 0.27364101886381 -0.147066528087765
vn -0.602244902043205 0.78183148246803 -0.161371035148237
vt 0.541666666666667 0.142857142857143
v -0.53395348535474 0.27364101886381 -0.19434317515182
vn -0.58588876594192 0.78183148246803 -0.213246071393817
vt 0.555555555555556 0.142857142857143
v -0.514983507359705 0.27364101886381 -0.240140753305352
vn -0.565073662562508 0.78183148246803 -0.263498176274591
vt 0.569444444444444 0.142857142857143
v -0.49209419391812 0.27364101886381 -0.284110715325278
vn -0.539958007410189 0.78183148246803 -0.311744900929367
vt 0.583333333333333 0.142857142857143
v -0.465459746526219 0.27364101886381 -0.325918423250839
vn -0.51073294578592 0.78183148246803 -0.357619058651352
vt 0.597222222222222 0.142857142857143
v -0.435282869410975 0.27364101886381 -0.365245695180537
vn -0.477620898055235 0.78183148246803 -0.400771519400709
vt 0.611111111111111 0.142857142857143
v -0.40179322682853 0.27364101886381 -0.40179322682853
vn -0.440873866894967 0.78183148246803 -0.440873866894967
vt 0.625 0.142857142857143
v -0.365245695180537 0.27364101886381 -0.435282869410975
vn -0.400771519400709 0.78183148246803 -0.477620898055235
vt 0.638888888888889 0.142857142857143
v -0.32591842325084 0.27364101886381 -0.465459746526219
vn -0.357619058651352 0.78183148246803 -0.51073294578592
vt 0.652777777777778 0.142857142857143
v -0.284110715325279 0.27364101886381 -0.49209419391812
vn -0.311744900929367 0.78183148246803 -0.539958007410189
vt 0.666666666666667 0.142857142857143
v -0.240140753305352 0.27364101886381 -0.514983507359705
vn -0.263498176274591 0.78183148246803 -0.565073662562508
vt 0.680555555555556 0.142857142857143
v -0.19434317515182 0.27364101886381 -0.53395348535474
vn -0.213246071393817 0.78183148246803 -0.58588876594192
vt 0.694444444444444 0.142857142857143
v -0.147066528087765 0.27364101886381 -0.548859754916296
vn -0.161371035148237 0.78183148246803 -0.602244902043205
vt 0.708333333333333 0.142857142857143
v -0.0986706159437652 0.27364101886381 -0.559588870332357
vn -0.108267867886685 0.78183148246803 -0.614017590794526
vt 0.722222222222222 0.142857142857143
v -0.0495237608334863 0.27364101886381 -0.566059176556191
vn -0.0543407167765882 0.78183148246803 -0.621117234925943
vt 0.736111111111111 0.142857142857143
v -1.04377136152907E-16 0.27364101886381 -0.568221430650557
vn -1.14529435934949E-16 0.78183148246803 -0.623489801858734
vt 0.75 0.142857142857143
v 0.0495237608334861 0.27364101886381 -0.566059176556191
vn 0.054340716776588 0.78183148246803 -0.621117234925943
vt 0.763888888888889 0.142857142857143
v 0.098670615943765 0.27364101886381 -0.559588870332357
vn 0.108267867886684 0.78183148246803 -0.614017590794526
vt 0.777777777777778 0.142857142857143
v 0.147066528087765 0.27364101886381 -0.548859754916296
vn 0.161371035148237 0.78183148246803 -0.602244902043205
vt 0.791666666666667 0.142857142857143
v 0.19434317515182 0.27364101886381 -0.53395348535474
vn 0.213246071393817 0.78183148246803 -0.58588876594192
vt 0.805555555555556 0.142857142857143
v 0.240140753305351 0.27364101886381 -0.514983507359706
vn 0.263498176274591 0.78183148246803 -0.565073662562508
vt 0.819444444444444 0.142857142857143
v 0.284110715325278 0.27364101886381 -0.49209419391812
vn 0.311744900929367 0.78183148246803 -0.539958007410189
vt 0.833333333333333 0.142857142857143
v 0.325918423250839 0.27364101886381 -0.465459746526219
vn 0.357619058651352 0.78183148246803 -0.51073294578592
vt 0.847222222222222 0.142857142857143
v 0.365245695180537 0.27364101886381 -0.435282869410975
vn 0.400771519400709 0.78183148246803 -0.477620898055236
vt 0.861111111111111 0.142857142857143
v 0.40179322682853 0.27364101886381 -0.40179322682853
vn 0.440873866894967 0.78183148246803 -0.440873866894967
vt 0.875 0.142857142857143
v 0.435282869410975 0.27364101886381 -0.365245695180537
vn 0.477620898055235 0.78183148246803 -0.40077151940071
vt 0.888888888888889 0.142857142857143
v 0.465459746526219 0.27364101886381 -0.32591842325084
vn 0.51073294578592 0.78183148246803 -0.357619058651353
vt 0.902777777777778 0.142857142857143
v 0.49209419391812 0.27364101886381 -0.284110715325279
vn 0.539958007410189 0.78183148246803 -0.311744900929367
vt 0.916666666666667 0.142857142857143
v 0.514983507359705 0.27364101886381 -0.240140753305352
vn 0.565073662562508 0.78183148246803 -0.263498176274591
vt 0.930555555555556 0.142857142857143
v 0.53395348535474 0.27364101886381 -0.19434317515182
vn 0.58588876594192 0.78183148246803 -0.213246071393817
vt 0.944444444444444 0.142857142857143
v 0.548859754916296 0.27364101886381 -0.147066528087765
vn 0.602244902043205 0.78183148246803 -0.161371035148237
vt 0.958333333333333 0.142857142857143
v 0.559588870332357 0.27364101886381 -0.0986706159437652
vn 0.614017590794526 0.78183148246803 -0.108267867886685
vt 0.972222222222222 0.142857142857143
v 0.566059176556191 0.27364101886381 -0.0495237608334863
vn 0.621117234925943 0.78183148246803 -0.0543407167765882
vt 0.986111111111111 0.142857142857143
v 0.501859308691145 0.315339103765847 0
vn 0.433883739117558 0.900968867902419 0
vt 0 0.178571428571429
v 0.499949582506108 0.315339103765847 0.043739920803803
vn 0.432232680497134 0.900968867902419 0.0378154595489219
vt 0.0138888888888889 0.178571428571429
v 0.494234938120387 0.315339103765847 0.0871469543994028
vn 0.427292070188898 0.900968867902419 0.0753431206170778
vt 0.0277777777777778 0.178571428571429
v 0.484758867428355 0.315339103765847 0.129890747051253
vn 0.419099509220518 0.900968867902419 0.112297375043918
vt 0.0416666666666667 0.178571428571429
v 0.471593489049787 0.315339103765847 0.171645992687867
vn 0.407717347927768 0.900968867902419 0.148396978639664
vt 0.0555555555555556 0.178571428571429
v 0.454838999463615 0.315339103765847 0.212094908677441
vn 0.393232211430821 0.900968867902419 0.183367191623418
vt 0.0694444444444444 0.178571428571429
v 0.434622910452228 0.315339103765847 0.250929654345573
vn 0.375754340364785 0.900968867902419 0.216941869558779
vt 0.0833333333333333 0.178571428571429
v 0.411099078659812 0.315339103765847 0.287854673828667
vn 0.355416751881899 0.900968867902419 0.248865488873716
vt 0.0972222222222222 0.178571428571429
v 0.384446534650384 0.315339103765847 0.32258894543252
vn 0.33237422731069 0.900968867902419 0.278895091549233
vt 0.111111111111111 0.178571428571429
v 0.354868120377102 0.315339103765847 0.354868120377102
vn 0.3068021341766 0.900968867902419 0.3068021341766
vt 0.125 0.178571428571429
v 0.32258894543252 0.315339103765847 0.384446534650384
vn 0.278895091549233 0.900968867902419 0.33237422731069
vt 0.138888888888889 0.178571428571429
v 0.287854673828667 0.315339103765847 0.411099078659812
vn 0.248865488873716 0.900968867902419 0.355416751881899
vt 0.152777777777778 0.178571428571429
v 0.250929654345573 0.315339103765847 0.434622910452228
vn 0.216941869558779 0.900968867902419 0.375754340364785
vt 0.166666666666667 0.178571428571429
v 0.212094908677441 0.315339103765847 0.454838999463615
vn 0.183367191623418 0.900968867902419 0.393232211430821
vt 0.180555555555556 0.178571428571429
v 0.171645992687867 0.315339103765847 0.471593489049787
vn 0.148396978639664 0.900968867902419 0.407717347927768
vt 0.194444444444444 0.178571428571429
v 0.129890747051253 0.315339103765847 0.484758867428355
vn 0.112297375043918 0.900968867902419 0.419099509220518
vt 0.208333333333333 0.178571428571429
v 0.0871469543994029 0.315339103765847 0.494234938120387
vn 0.0753431206170778 0.900968867902419 0.427292070188898
vt 0.222222222222222 0.178571428571429
v 0.0437399208038031 0.315339103765847 0.499949582506108
vn 0.037815459548922 0.900968867902419 0.432232680497134
vt 0.236111111111111 0.178571428571429
v 3.07290049074041E-17 0.315339103765847 0.501859308691145
vn 2.65668391871786E-17 0.900968867902419 0.433883739117558
vt 0.25 0.178571428571429
v -0.0437399208038031 0.315339103765847 0.499949582506108
vn -0.037815459548922 0.900968867902419 0.432232680497134
vt 0.263888888888889 0.178571428571429
v -0.0871469543994028 0.315339103765847 0.494234938120387
vn -0.0753431206170778 0.900968867902419 0.427292070188898
vt 0.277777777777778 0.178571428571429
v -0.129890747051253 0.315339103765847 0.484758867428355
vn -0.112297375043918 0.900968867902419 0.419099509220518
vt 0.291666666666667 0.178571428571429
v -0.171645992687867 0.315339103765847 0.471593489049787
vn -0.148396978639664 0.900968867902419 0.407717347927768
vt 0.305555555555556 0.178571428571429
v -0.212094908677441 0.315339103765847 0.454838999463615
vn -0.183367191623417 0.900968867902419 0.393232211430821
vt 0.319444444444444 0.178571428571429
v -0.250929654345573 0.315339103765847 0.434622910452228
vn -0.216941869558779 0.900968867902419 0.375754340364785
vt 0.333333333333333 0.178571428571429
v -0.287854673828667 0.315339103765847 0.411099078659812
vn -0.248865488873716 0.900968867902419 0.355416751881899
vt 0.347222222222222 0.178571428571429
v -0.32258894543252 0.315339103765847 0.384446534650384
vn -0.278895091549233 0.900968867902419 0.33237422731069
vt 0.361111111111111 0.178571428571429
v -0.354868120377102 0.315339103765847 0.354868120377102
vn -0.3068021341766 0.900968867902419 0.3068021341766
vt 0.375 0.178571428571429
v -0.384446534650384 0.315339103765847 0.32258894543252
vn -0.33237422731069 0.900968867902419 0.278895091549233
vt 0.388888888888889 0.178571428571429
v -0.411099078659812 0.315339103765847 0.287854673828667
vn -0.355416751881899 0.900968867902419 0.248865488873716
vt 0.402777777777778 0.178571428571429
v -0.434622910452228 0.315339103765847 0.250929654345573
vn -0.375754340364785 0.900968867902419 0.216941869558779
vt 0.416666666666667 0.178571428571429
v -0.454838999463615 0.315339103765847 0.212094908677441
vn -0.393232211430821 0.900968867902419 0.183367191623418
vt 0.430555555555556 0.178571428571429
v -0.471593489049787 0.315339103765847 0.171645992687867
vn -0.407717347927768 0.900968867902419 0.148396978639664
vt 0.444444444444444 0.178571428571429
v -0.484758867428355 0.315339103765847 0.129890747051254
vn -0.419099509220518 0.900968867902419 0.112297375043918
vt 0.458333333333333 0.178571428571429
v -0.494234938120387 0.315339103765847 0.087146954399403
vn -0.427292070188898 0.900968867902419 0.0753431206170779
vt 0.472222222222222 0.178571428571429
v -0.499949582506108 0.315339103765847 0.043739920803803
vn -0.432232680497134 0.900968867902419 0.0378154595489219
vt 0.486111111111111 0.178571428571429
v -0.501859308691145 0.315339103765847 6.14580098148082E-17
vn -0.433883739117558 0.900968867902419 5.31336783743572E-17
vt 0.5 0.178571428571429
v -0.499949582506108 0.315339103765847 -0.0437399208038029
vn -0.432232680497134 0.900968867902419 -0.0378154595489218
vt 0.513888888888889 0.178571428571429
v -0.494234938120387 0.315339103765847 -0.0871469543994029
vn -0.427292070188898 0.900968867902419 -0.0753431206170778
vt 0.527777777777778 0.178571428571429
v -0.484758867428355 0.315339103765847 -0.129890747051253
vn -0.419099509220518 0.900968867902419 -0.112297375043917
vt 0.541666666666667 0.178571428571429
v -0.471593489049787 0.315339103765847 -0.171645992687867
vn -0.407717347927768 0.900968867902419 -0.148396978639664
vt 0.555555555555556 0.178571428571429
v -0.454838999463615 0.315339103765847 -0.212094908677441
vn -0.393232211430821 0.900968867902419 -0.183367191623417
vt 0.569444444444444 0.178571428571429
v -0.434622910452228 0.315339103765847 -0.250929654345573
vn -0.375754340364785 0.900968867902419 -0.216941869558779
vt 0.583333333333333 0.178571428571429
v -0.411099078659812 0.315339103765847 -0.287854673828667
vn -0.355416751881899 0.900968867902419 -0.248865488873716
vt 0.597222222222222 0.178571428571429
v -0.384446534650384 0.315339103765847 -0.32258894543252
vn -0.33237422731069 0.900968867902419 -0.278895091549233
vt 0.611111111111111 0.178571428571429
v -0.354868120377102 0.315339103765847 -0.354868120377102
vn -0.3068021341766 0.900968867902419 -0.3068021341766
vt 0.625 0.178571428571429
v -0.32258894543252 0.315339103765847 -0.384446534650384
vn -0.278895091549233 0.900968867902419 -0.33237422731069
vt 0.638888888888889 0.178571428571429
v -0.287854673828667 0.315339103765847 -0.411099078659812
vn -0.248865488873716 0.900968867902419 -0.355416751881899
vt 0.652777777777778 0.178571428571429
v -0.250929654345573 0.315339103765847 -0.434622910452228
vn -0.216941869558779 0.900968867902419 -0.375754340364785
vt 0.666666666666667 0.178571428571429
v -0.212094908677441 0.315339103765847 -0.454838999463615
vn -0.183367191623417 0.900968867902419 -0.393232211430821
vt 0.680555555555556 0.178571428571429
v -0.171645992687867 0.315339103765847 -0.471593489049786
vn -0.148396978639665 0.900968867902419 -0.407717347927768
vt 0.694444444444444 0.178571428571429
v -0.129890747051253 0.315339103765847 -0.484758867428355
vn -0.112297375043918 0.900968867902419 -0.419099509220518
vt 0.708333333333333 0.178571428571429
v -0.0871469543994028 0.315339103765847 -0.494234938120387
vn -0.0753431206170778 0.900968867902419 -0.427292070188898
vt 0.722222222222222 0.178571428571429
v -0.0437399208038031 0.315339103765847 -0.499949582506108
vn -0.037815459548922 0.900968867902419 -0.432232680497134
vt 0.736111111111111 0.178571428571429
v -9.21870147222124E-17 0.315339103765847 -0.501859308691145
vn -7.97005175615359E-17 0.900968867902419 -0.433883739117558
vt 0.75 0.178571428571429
v 0.0437399208038029 0.315339103765847 -0.499949582506108
vn 0.0378154595489218 0.900968867902419 -0.432232680497134
vt 0.763888888888889 0.178571428571429
v 0.0871469543994027 0.315339103765847 -0.494234938120387
vn 0.0753431206170776 0.900968867902419 -0.427292070188898
vt 0.777777777777778 0.178571428571429
v 0.129890747051253 0.315339103765847 -0.484758867428355
vn 0.112297375043917 0.900968867902419 -0.419099509220518
vt 0.791666666666667 0.178571428571429
v 0.171645992687867 0.315339103765847 -0.471593489049787
vn 0.148396978639664 0.900968867902419 -0.407717347927768
vt 0.805555555555556 0.178571428571429
v 0.212094908677441 0.315339103765847 -0.454838999463615
vn 0.183367191623417 0.900968867902419 -0.393232211430821
vt 0.819444444444444 0.178571428571429
v 0.250929654345573 0.315339103765847 -0.434622910452228
vn 0.216941869558779 0.900968867902419 -0.375754340364785
vt 0.833333333333333 0.178571428571429
v 0.287854673828667 0.315339103765847 -0.411099078659812
vn 0.248865488873716 0.900968867902419 -0.355416751881899
vt 0.847222222222222 0.178571428571429
v 0.32258894543252 0.315339103765847 -0.384446534650384
vn 0.278895091549233 0.900968867902419 -0.33237422731069
vt 0.861111111111111 0.178571428571429
v 0.354868120377102 0.315339103765847 -0.354868120377102
vn 0.3068021341766 0.900968867902419 -0.3068021341766
vt 0.875 0.178571428571429
v 0.384446534650384 0.315339103765847 -0.322588945432521
vn 0.33237422731069 0.900968867902419 -0.278895091549233
vt 0.888888888888889 0.178571428571429
v 0.411099078659812 0.315339103765847 -0.287854673828667
vn 0.355416751881899 0.900968867902419 -0.248865488873716
vt 0.902777777777778 0.178571428571429
v 0.434622910452228 0.315339103765847 -0.250929654345573
vn 0.375754340364785 0.900968867902419 -0.216941869558779
vt 0.916666666666667 0.178571428571429
v 0.454838999463615 0.315339103765847 -0.212094908677441
vn 0.393232211430821 0.900968867902419 -0.183367191623417
vt 0.930555555555556 0.178571428571429
v 0.471593489049786 0.315339103765847 -0.171645992687867
vn 0.407717347927767 0.900968867902419 -0.148396978639665
vt 0.944444444444444 0.178571428571429
v 0.484758867428355 0.315339103765847 -0.129890747051253
vn 0.419099509220518 0.900968867902419 -0.112297375043918
vt 0.958333333333333 0.178571428571429
v 0.494234938120387 0.315339103765847 -0.0871469543994029
vn 0.427292070188898 0.900968867902419 -0.0753431206170778
vt 0.972222222222222 0.178571428571429
v 0.499949582506108 0.315339103765847 -0.0437399208038031
vn 0.432232680497134 0.900968867902419 -0.037815459548922
vt 0.986111111111111 0.178571428571429
v 0.42788232688471 0.341224769263638 0
vn 0.222520933956314 0.974927912181824 0
vt 0 0.214285714285714
v 0.426254105449707 0.341224769263638 0.0372924020082332
vn 0.221674174621704 0.974927912181824 0.0193939772758652
vt 0.0138888888888889 0.214285714285714
v 0.421381832892966 0.341224769263638 0.0743009863194157
vn 0.219140340967696 0.974927912181824 0.0386403546742574
vt 0.0277777777777778 0.214285714285714
v 0.413302590150603 0.341224769263638 0.110744095260545
vn 0.214938716998368 0.974927912181824 0.0575926556418944
vt 0.0416666666666667 0.214285714285714
v 0.402077865138266 0.341224769263638 0.146344374767629
vn 0.209101279609137 0.974927912181824 0.0761066417247003
vt 0.0555555555555556 0.214285714285714
v 0.387793084790974 0.341224769263638 0.180830885217582
vn 0.201672455223276 0.974927912181824 0.0940414103095346
vt 0.0694444444444444 0.214285714285714
v 0.370556964912556 0.341224769263638 0.213941163442355
vn 0.192708781680008 0.974927912181824 0.111260466978157
vt 0.0833333333333333 0.214285714285714
v 0.350500682782741 0.341224769263638 0.245423220232125
vn 0.182278477947411 0.974927912181824 0.127632764312169
vt 0.0972222222222222 0.214285714285714
v 0.32777687881885 0.341224769263638 0.275037458125337
vn 0.17046092493488 0.974927912181824 0.143033699242996
vt 0.111111111111111 0.214285714285714
v 0.302558494890057 0.341224769263638 0.302558494890057
vn 0.157346061356474 0.974927912181824 0.157346061356474
vt 0.125 0.214285714285714
v 0.275037458125337 0.341224769263638 0.32777687881885
vn 0.143033699242996 0.974927912181824 0.17046092493488
vt 0.138888888888889 0.214285714285714
v 0.245423220232125 0.341224769263638 0.350500682782741
vn 0.127632764312169 0.974927912181824 0.182278477947411
vt 0.152777777777778 0.214285714285714
v 0.213941163442355 0.341224769263638 0.370556964912556
vn 0.111260466978157 0.974927912181824 0.192708781680008
vt 0.166666666666667 0.214285714285714
v 0.180830885217582 0.341224769263638 0.387793084790974
vn 0.0940414103095346 0.974927912181824 0.201672455223276
vt 0.180555555555556 0.214285714285714
v 0.146344374767629 0.341224769263638 0.402077865138266
vn 0.0761066417247004 0.974927912181824 0.209101279609137
vt 0.194444444444444 0.214285714285714
v 0.110744095260545 0.341224769263638 0.413302590150603
vn 0.0575926556418944 0.974927912181824 0.214938716998368
vt 0.208333333333333 0.214285714285714
v 0.0743009863194157 0.341224769263638 0.421381832892966
vn 0.0386403546742574 0.974927912181824 0.219140340967696
vt 0.222222222222222 0.214285714285714
v 0.0372924020082332 0.341224769263638 0.426254105449707
vn 0.0193939772758652 0.974927912181824 0.221674174621704
vt 0.236111111111111 0.214285714285714
v 2.6199370809566E-17 0.341224769263638 0.42788232688471
vn 1.36250274790696E-17 0.974927912181824 0.222520933956314
vt 0.25 0.214285714285714
v -0.0372924020082332 0.341224769263638 0.426254105449707
vn -0.0193939772758652 0.974927912181824 0.221674174621704
vt 0.263888888888889 0.214285714285714
v -0.0743009863194157 0.341224769263638 0.421381832892966
vn -0.0386403546742574 0.974927912181824 0.219140340967696
vt 0.277777777777778 0.214285714285714
v -0.110744095260545 0.341224769263638 0.413302590150603
vn -0.0575926556418944 0.974927912181824 0.214938716998368
vt 0.291666666666667 0.214285714285714
v -0.146344374767629 0.341224769263638 0.402077865138266
vn -0.0761066417247003 0.974927912181824 0.209101279609137
vt 0.305555555555556 0.214285714285714
v -0.180830885217582 0.341224769263638 0.387793084790974
vn -0.0940414103095346 0.974927912181824 0.201672455223276
vt 0.319444444444444 0.214285714285714
v -0.213941163442355 0.341224769263638 0.370556964912556
vn -0.111260466978157 0.974927912181824 0.192708781680008
vt 0.333333333333333 0.214285714285714
v -0.245423220232125 0.341224769263638 0.350500682782741
vn -0.127632764312169 0.974927912181824 0.182278477947411
vt 0.347222222222222 0.214285714285714
v -0.275037458125337 0.341224769263638 0.32777687881885
vn -0.143033699242996 0.974927912181824 0.17046092493488
vt 0.361111111111111 0.214285714285714
v -0.302558494890057 0.341224769263638 0.302558494890057
vn -0.157346061356474 0.974927912181824 0.157346061356474
vt 0.375 0.214285714285714
v -0.32777687881885 0.341224769263638 0.275037458125337
vn -0.17046092493488 0.974927912181824 0.143033699242996
vt 0.388888888888889 0.214285714285714
v -0.350500682782741 0.341224769263638 0.245423220232125
vn -0.182278477947411 0.974927912181824 0.127632764312169
vt 0.402777777777778 0.214285714285714
v -0.370556964912556 0.341224769263638 0.213941163442355
vn -0.192708781680008 0.974927912181824 0.111260466978157
vt 0.416666666666667 0.214285714285714
v -0.387793084790974 0.341224769263638 0.180830885217582
vn -0.201672455223276 0.974927912181824 0.0940414103095346
vt 0.430555555555556 0.214285714285714
v -0.402077865138266 0.341224769263638 0.146344374767629
vn -0.209101279609137 0.974927912181824 0.0761066417247004
vt 0.444444444444444 0.214285714285714
v -0.413302590150603 0.341224769263638 0.110744095260545
vn -0.214938716998368 0.974927912181824 0.0575926556418944
vt 0.458333333333333 0.214285714285714
v -0.421381832892966 0.341224769263638 0.0743009863194159
vn -0.219140340967696 0.974927912181824 0.0386403546742574
vt 0.472222222222222 0.214285714285714
v -0.426254105449707 0.341224769263638 0.0372924020082332
vn -0.221674174621704 0.974927912181824 0.0193939772758652
vt 0.486111111111111 0.214285714285714
v -0.42788232688471 0.341224769263638 5.23987416191319E-17
vn -0.222520933956314 0.974927912181824 2.72500549581392E-17
vt 0.5 0.214285714285714
v -0.426254105449707 0.341224769263638 -0.0372924020082331
vn -0.221674174621704 0.974927912181824 -0.0193939772758651
vt 0.513888888888889 0.214285714285714
v -0.421381832892966 0.341224769263638 -0.0743009863194158
vn -0.219140340967696 0.974927912181824 -0.0386403546742574
vt 0.527777777777778 0.214285714285714
v -0.413302590150603 0.341224769263638 -0.110744095260545
vn -0.214938716998368 0.974927912181824 -0.0575926556418943
vt 0.541666666666667 0.214285714285714
v -0.402077865138266 0.341224769263638 -0.146344374767629
vn -0.209101279609137 0.974927912181824 -0.0761066417247003
vt 0.555555555555556 0.214285714285714
v -0.387793084790974 0.341224769263638 -0.180830885217582
vn -0.201672455223276 0.974927912181824 -0.0940414103095346
vt 0.569444444444444 0.214285714285714
v -0.370556964912556 0.341224769263638 -0.213941163442355
vn -0.192708781680008 0.974927912181824 -0.111260466978157
vt 0.583333333333333 0.214285714285714
v -0.350500682782741 0.341224769263638 -0.245423220232125
vn -0.182278477947411 0.974927912181824 -0.127632764312169
vt 0.597222222222222 0.214285714285714
v -0.32777687881885 0.341224769263638 -0.275037458125337
vn -0.17046092493488 0.974927912181824 -0.143033699242996
vt 0.611111111111111 0.214285714285714
v -0.302558494890058 0.341224769263638 -0.302558494890057
vn -0.157346061356474 0.974927912181824 -0.157346061356474
vt 0.625 0.214285714285714
v -0.275037458125337 0.341224769263638 -0.32777687881885
vn -0.143033699242996 0.974927912181824 -0.17046092493488
vt 0.638888888888889 0.214285714285714
v -0.245423220232126 0.341224769263638 -0.350500682782741
vn -0.127632764312169 0.974927912181824 -0.182278477947411
vt 0.652777777777778 0.214285714285714
v -0.213941163442355 0.341224769263638 -0.370556964912556
vn -0.111260466978157 0.974927912181824 -0.192708781680008
vt 0.666666666666667 0.214285714285714
v -0.180830885217582 0.341224769263638 -0.387793084790974
vn -0.0940414103095345 0.974927912181824 -0.201672455223276
vt 0.680555555555556 0.214285714285714
v -0.146344374767629 0.341224769263638 -0.402077865138266
vn -0.0761066417247005 0.974927912181824 -0.209101279609137
vt 0.694444444444444 0.214285714285714
v -0.110744095260545 0.341224769263638 -0.413302590150603
vn -0.0575926556418944 0.974927912181824 -0.214938716998368
vt 0.708333333333333 0.214285714285714
v -0.0743009863194157 0.341224769263638 -0.421381832892966
vn -0.0386403546742574 0.974927912181824 -0.219140340967696
vt 0.722222222222222 0.214285714285714
v -0.0372924020082332 0.341224769263638 -0.426254105449707
vn -0.0193939772758652 0.974927912181824 -0.221674174621704
vt 0.736111111111111 0.214285714285714
v -7.85981124286979E-17 0.341224769263638 -0.42788232688471
vn -4.08750824372088E-17 0.974927912181824 -0.222520933956314
vt 0.75 0.214285714285714
v 0.037292402008233 0.341224769263638 -0.426254105449707
vn 0.0193939772758651 0.974927912181824 -0.221674174621704
vt 0.763888888888889 0.214285714285714
v 0.0743009863194155 0.341224769263638 -0.421381832892966
vn 0.0386403546742573 0.974927912181824 -0.219140340967696
vt 0.777777777777778 0.214285714285714
v 0.110744095260545 0.341224769263638 -0.413302590150603
vn 0.0575926556418943 0.974927912181824 -0.214938716998368
vt 0.791666666666667 0.214285714285714
v 0.146344374767629 0.341224769263638 -0.402077865138266
vn 0.0761066417247004 0.974927912181824 -0.209101279609137
vt 0.805555555555556 0.214285714285714
v 0.180830885217582 0.341224769263638 -0.387793084790974
vn 0.0940414103095345 0.974927912181824 -0.201672455223276
vt 0.819444444444444 0.214285714285714
v 0.213941163442355 0.341224769263638 -0.370556964912556
vn 0.111260466978157 0.974927912181824 -0.192708781680008
vt 0.833333333333333 0.214285714285714
v 0.245423220232125 0.341224769263638 -0.350500682782741
vn 0.127632764312169 0.974927912181824 -0.182278477947411
vt 0.847222222222222 0.214285714285714
v 0.275037458125337 0.341224769263638 -0.32777687881885
vn 0.143033699242996 0.974927912181824 -0.17046092493488
vt 0.861111111111111 0.214285714285714
v 0.302558494890057 0.341224769263638 -0.302558494890058
vn 0.157346061356474 0.974927912181824 -0.157346061356474
vt 0.875 0.214285714285714
v 0.32777687881885 0.341224769263638 -0.275037458125337
vn 0.17046092493488 0.974927912181824 -0.143033699242996
vt 0.888888888888889 0.214285714285714
v 0.350500682782741 0.341224769263638 -0.245423220232126
vn 0.182278477947411 0.974927912181824 -0.127632764312169
vt 0.902777777777778 0.214285714285714
v 0.370556964912556 0.341224769263638 -0.213941163442355
vn 0.192708781680008 0.974927912181824 -0.111260466978157
vt 0.916666666666667 0.214285714285714
v 0.387793084790974 0.341224769263638 -0.180830885217582
vn 0.201672455223276 0.974927912181824 -0.0940414103095345
vt 0.930555555555556 0.214285714285714
v 0.402077865138266 0.341224769263638 -0.146344374767629
vn 0.209101279609137 0.974927912181824 -0.0761066417247005
vt 0.944444444444444 0.214285714285714
v 0.413302590150603 0.341224769263638 -0.110744095260545
vn 0.214938716998368 0.974927912181824 -0.0575926556418944
vt 0.958333333333333 0.214285714285714
v 0.421381832892966 0.341224769263638 -0.0743009863194157
vn 0.219140340967696 0.974927912181824 -0.0386403546742574
vt 0.972222222222222 0.214285714285714
v 0.426254105449707 0.341224769263638 -0.0372924020082332
vn 0.221674174621704 0.974927912181824 -0.0193939772758652
vt 0.986111111111111 0.214285714285714
v 0.35 0.35 0
vn 6.12303176911189E-17 1 0
vt 0 0.25
v 0.348668144332111 0.35 0.0305045099616804
vn 6.09973178463658E-17 1 5.33657381704454E-18
vt 0.0138888888888889 0.25
v 0.344682713554273 0.35 0.0607768621834256
vn 6.03000915816144E-17 1 1.063253308503E-17
vt 0.0277777777777778 0.25
v 0.338074039201174 0.35 0.0905866657858823
vn 5.91439452097361E-17 1 1.58475723561394E-17
vt 0.0416666666666667 0.25
v 0.328892417275068 0.35 0.119707050163984
vn 5.75376777027213E-17 1 2.09420020325927E-17
vt 0.0555555555555556 0.25
v 0.317207725462827 0.35 0.147916391609245
vn 5.5493513726189E-17 1 2.58770504284515E-17
vt 0.0694444444444444 0.25
v 0.303108891324554 0.35 0.175
vn 5.30270106023007E-17 1 3.06151588455594E-17
vt 0.0833333333333333 0.25
v 0.286703215501147 0.35 0.200751752722866
vn 5.01569399091444E-17 1 3.51202674179144E-17
vt 0.0972222222222222 0.25
v 0.268115555091642 0.35 0.224975663390289
vn 4.69051446176913E-17 1 3.93580895490217E-17
vt 0.111111111111111 0.25
v 0.247487373415292 0.35 0.247487373415292
vn 4.32963728535968E-17 1 4.32963728535968E-17
vt 0.125 0.25
v 0.224975663390289 0.35 0.268115555091642
vn 3.93580895490217E-17 1 4.69051446176913E-17
vt 0.138888888888889 0.25
v 0.200751752722866 0.35 0.286703215501147
vn 3.51202674179144E-17 1 5.01569399091444E-17
vt 0.152777777777778 0.25
v 0.175 0.35 0.303108891324553
vn 3.06151588455594E-17 1 5.30270106023007E-17
vt 0.166666666666667 0.25
v 0.147916391609245 0.35 0.317207725462827
vn 2.58770504284515E-17 1 5.5493513726189E-17
vt 0.180555555555556 0.25
v 0.119707050163984 0.35 0.328892417275068
vn 2.09420020325927E-17 1 5.75376777027212E-17
vt 0.194444444444444 0.25
v 0.0905866657858823 0.35 0.338074039201174
vn 1.58475723561394E-17 1 5.91439452097361E-17
vt 0.208333333333333 0.25
v 0.0607768621834256 0.35 0.344682713554273
vn 1.063253308503E-17 1 6.03000915816144E-17
vt 0.222222222222222 0.25
v 0.0305045099616804 0.35 0.348668144332111
vn 5.33657381704455E-18 1 6.09973178463658E-17
vt 0.236111111111111 0.25
v 2.14306111918916E-17 0.35 0.35
vn 3.74915180455534E-33 1 6.12303176911189E-17
vt 0.25 0.25
v -0.0305045099616804 0.35 0.348668144332111
vn -5.33657381704454E-18 1 6.09973178463658E-17
vt 0.263888888888889 0.25
v -0.0607768621834256 0.35 0.344682713554273
vn -1.063253308503E-17 1 6.03000915816144E-17
vt 0.277777777777778 0.25
v -0.0905866657858823 0.35 0.338074039201174
vn -1.58475723561394E-17 1 5.91439452097361E-17
vt 0.291666666666667 0.25
v -0.119707050163984 0.35 0.328892417275068
vn -2.09420020325927E-17 1 5.75376777027213E-17
vt 0.305555555555556 0.25
v -0.147916391609245 0.35 0.317207725462827
vn -2.58770504284514E-17 1 5.5493513726189E-17
vt 0.319444444444444 0.25
v -0.175 0.35 0.303108891324554
vn -3.06151588455594E-17 1 5.30270106023007E-17
vt 0.333333333333333 0.25
v -0.200751752722866 0.35 0.286703215501147
vn -3.51202674179144E-17 1 5.01569399091444E-17
vt 0.347222222222222 0.25
v -0.224975663390289 0.35 0.268115555091642
vn -3.93580895490217E-17 1 4.69051446176913E-17
vt 0.361111111111111 0.25
v -0.247487373415292 0.35 0.247487373415292
vn -4.32963728535968E-17 1 4.32963728535968E-17
vt 0.375 0.25
v -0.268115555091642 0.35 0.224975663390289
vn -4.69051446176913E-17 1 3.93580895490217E-17
vt 0.388888888888889 0.25
v -0.286703215501147 0.35 0.200751752722866
vn -5.01569399091444E-17 1 3.51202674179144E-17
vt 0.402777777777778 0.25
v -0.303108891324554 0.35 0.175
vn -5.30270106023007E-17 1 3.06151588455594E-17
vt 0.416666666666667 0.25
v -0.317207725462827 0.35 0.147916391609245
vn -5.5493513726189E-17 1 2.58770504284515E-17
vt 0.430555555555556 0.25
v -0.328892417275068 0.35 0.119707050163984
vn -5.75376777027212E-17 1 2.09420020325927E-17
vt 0.444444444444444 0.25
v -0.338074039201174 0.35 0.0905866657858824
vn -5.91439452097361E-17 1 1.58475723561394E-17
vt 0.458333333333333 0.25
v -0.344682713554273 0.35 0.0607768621834257
vn -6.03000915816144E-17 1 1.063253308503E-17
vt 0.472222222222222 0.25
v -0.348668144332111 0.35 0.0305045099616804
vn -6.09973178463658E-17 1 5.33657381704454E-18
vt 0.486111111111111 0.25
v -0.35 0.35 4.28612223837832E-17
vn -6.12303176911189E-17 1 7.49830360911069E-33
vt 0.5 0.25
v -0.348668144332111 0.35 -0.0305045099616803
vn -6.09973178463658E-17 1 -5.33657381704452E-18
vt 0.513888888888889 0.25
v -0.344682713554273 0.35 -0.0607768621834257
vn -6.03000915816144E-17 1 -1.063253308503E-17
vt 0.527777777777778 0.25
v -0.338074039201174 0.35 -0.0905866657858821
vn -5.91439452097362E-17 1 -1.58475723561393E-17
vt 0.541666666666667 0.25
v -0.328892417275068 0.35 -0.119707050163984
vn -5.75376777027213E-17 1 -2.09420020325927E-17
vt 0.555555555555556 0.25
v -0.317207725462827 0.35 -0.147916391609245
vn -5.5493513726189E-17 1 -2.58770504284514E-17
vt 0.569444444444444 0.25
v -0.303108891324553 0.35 -0.175
vn -5.30270106023007E-17 1 -3.06151588455594E-17
vt 0.583333333333333 0.25
v -0.286703215501147 0.35 -0.200751752722866
vn -5.01569399091444E-17 1 -3.51202674179144E-17
vt 0.597222222222222 0.25
v -0.268115555091642 0.35 -0.224975663390289
vn -4.69051446176913E-17 1 -3.93580895490217E-17
vt 0.611111111111111 0.25
v -0.247487373415292 0.35 -0.247487373415292
vn -4.32963728535968E-17 1 -4.32963728535968E-17
vt 0.625 0.25
v -0.224975663390289 0.35 -0.268115555091642
vn -3.93580895490217E-17 1 -4.69051446176913E-17
vt 0.638888888888889 0.25
v -0.200751752722866 0.35 -0.286703215501147
vn -3.51202674179144E-17 1 -5.01569399091444E-17
vt 0.652777777777778 0.25
v -0.175 0.35 -0.303108891324553
vn -3.06151588455595E-17 1 -5.30270106023007E-17
vt 0.666666666666667 0.25
v -0.147916391609245 0.35 -0.317207725462827
vn -2.58770504284514E-17 1 -5.5493513726189E-17
vt 0.680555555555556 0.25
v -0.119707050163984 0.35 -0.328892417275068
vn -2.09420020325927E-17 1 -5.75376777027212E-17
vt 0.694444444444444 0.25
v -0.0905866657858822 0.35 -0.338074039201174
vn -1.58475723561394E-17 1 -5.91439452097361E-17
vt 0.708333333333333 0.25
v -0.0607768621834256 0.35 -0.344682713554273
vn -1.063253308503E-17 1 -6.03000915816144E-17
vt 0.722222222222222 0.25
v -0.0305045099616804 0.35 -0.348668144332111
vn -5.33657381704454E-18 1 -6.09973178463658E-17
vt 0.736111111111111 0.25
v -6.42918335756748E-17 0.35 -0.35
vn -1.1247455413666E-32 1 -6.12303176911189E-17
vt 0.75 0.25
v 0.0305045099616803 0.35 -0.348668144332111
vn 5.33657381704452E-18 1 -6.09973178463658E-17
vt 0.763888888888889 0.25
v 0.0607768621834255 0.35 -0.344682713554273
vn 1.063253308503E-17 1 -6.03000915816144E-17
vt 0.777777777777778 0.25
v 0.0905866657858821 0.35 -0.338074039201174
vn 1.58475723561393E-17 1 -5.91439452097362E-17
vt 0.791666666666667 0.25
v 0.119707050163984 0.35 -0.328892417275068
vn 2.09420020325927E-17 1 -5.75376777027212E-17
vt 0.805555555555556 0.25
v 0.147916391609245 0.35 -0.317207725462828
vn 2.58770504284514E-17 1 -5.5493513726189E-17
vt 0.819444444444444 0.25
v 0.175 0.35 -0.303108891324553
vn 3.06151588455594E-17 1 -5.30270106023007E-17
vt 0.833333333333333 0.25
v 0.200751752722866 0.35 -0.286703215501147
vn 3.51202674179144E-17 1 -5.01569399091444E-17
vt 0.847222222222222 0.25
v 0.224975663390289 0.35 -0.268115555091642
vn 3.93580895490217E-17 1 -4.69051446176913E-17
vt 0.861111111111111 0.25
v 0.247487373415292 0.35 -0.247487373415292
vn 4.32963728535968E-17 1 -4.32963728535968E-17
vt 0.875 0.25
v 0.268115555091642 0.35 -0.224975663390289
vn 4.69051446176912E-17 1 -3.93580895490217E-17
vt 0.888888888888889 0.25
v 0.286703215501147 0.35 -0.200751752722866
vn 5.01569399091444E-17 1 -3.51202674179144E-17
vt 0.902777777777778 0.25
v 0.303108891324553 0.35 -0.175
vn 5.30270106023007E-17 1 -3.06151588455595E-17
vt 0.916666666666667 0.25
v 0.317207725462827 0.35 -0.147916391609245
vn 5.5493513726189E-17 1 -2.58770504284514E-17
vt 0.930555555555556 0.25
v 0.328892417275068 0.35 -0.119707050163984
vn 5.75376777027212E-17 1 -2.09420020325927E-17
vt 0.944444444444444 0.25
v 0.338074039201174 0.35 -0.0905866657858822
vn 5.91439452097361E-17 1 -1.58475723561394E-17
vt 0.958333333333333 0.25
v 0.344682713554273 0.35 -0.0607768621834256
vn 6.03000915816144E-17 1 -1.063253308503E-17
vt 0.972222222222222 0.25
v 0.348668144332111 0.35 -0.0305045099616804
vn 6.09973178463658E-17 1 -5.33657381704455E-18
vt 0.986111111111111 0.25
v 0.27211767311529 0.341224769263638 0
vn -0.222520933956314 0.974927912181824 0
vt 0 0.285714285714286
v 0.271082183214515 0.341224769263638 0.0237166179151275
vn -0.221674174621704 0.974927912181824 -0.0193939772758652
vt 0.0138888888888889 0.285714285714286
v 0.267983594215579 0.341224769263638 0.0472527380474355
vn -0.219140340967696 0.974927912181824 -0.0386403546742573
vt 0.0277777777777778 0.285714285714286
v 0.262845488251745 0.341224769263638 0.0704292363112192
vn -0.214938716998368 0.974927912181824 -0.0575926556418944
vt 0.0416666666666667 0.285714285714286
v 0.25570696941187 0.341224769263638 0.0930697255603389
vn -0.209101279609137 0.974927912181824 -0.0761066417247003
vt 0.0555555555555556 0.285714285714286
v 0.246622366134681 0.341224769263638 0.115001898000908
vn -0.201672455223276 0.974927912181824 -0.0940414103095345
vt 0.0694444444444444 0.285714285714286
v 0.235660817736551 0.341224769263638 0.136058836557645
vn -0.192708781680008 0.974927912181824 -0.111260466978157
vt 0.0833333333333333 0.285714285714286
v 0.222905748219553 0.341224769263638 0.156080285213607
vn -0.182278477947411 0.974927912181824 -0.127632764312169
vt 0.0972222222222222 0.285714285714286
v 0.208454231364434 0.341224769263638 0.17491386865524
vn -0.17046092493488 0.974927912181824 -0.143033699242996
vt 0.111111111111111 0.285714285714286
v 0.192416251940526 0.341224769263638 0.192416251940526
vn -0.157346061356474 0.974927912181824 -0.157346061356474
vt 0.125 0.285714285714286
v 0.17491386865524 0.341224769263638 0.208454231364434
vn -0.143033699242996 0.974927912181824 -0.17046092493488
vt 0.138888888888889 0.285714285714286
v 0.156080285213607 0.341224769263638 0.222905748219553
vn -0.127632764312169 0.974927912181824 -0.182278477947411
vt 0.152777777777778 0.285714285714286
v 0.136058836557645 0.341224769263638 0.235660817736551
vn -0.111260466978157 0.974927912181824 -0.192708781680008
vt 0.166666666666667 0.285714285714286
v 0.115001898000908 0.341224769263638 0.246622366134681
vn -0.0940414103095345 0.974927912181824 -0.201672455223276
vt 0.180555555555556 0.285714285714286
v 0.093069725560339 0.341224769263638 0.25570696941187
vn -0.0761066417247003 0.974927912181824 -0.209101279609137
vt 0.194444444444444 0.285714285714286
v 0.0704292363112192 0.341224769263638 0.262845488251745
vn -0.0575926556418944 0.974927912181824 -0.214938716998368
vt 0.208333333333333 0.285714285714286
v 0.0472527380474356 0.341224769263638 0.267983594215579
vn -0.0386403546742574 0.974927912181824 -0.219140340967696
vt 0.222222222222222 0.285714285714286
v 0.0237166179151276 0.341224769263638 0.271082183214515
vn -0.0193939772758652 0.974927912181824 -0.221674174621704
vt 0.236111111111111 0.285714285714286
v 1.66618515742172E-17 0.341224769263638 0.27211767311529
vn -1.36250274790696E-17 0.974927912181824 -0.222520933956314
vt 0.25 0.285714285714286
v -0.0237166179151276 0.341224769263638 0.271082183214515
vn 0.0193939772758652 0.974927912181824 -0.221674174621704
vt 0.263888888888889 0.285714285714286
v -0.0472527380474355 0.341224769263638 0.267983594215579
vn 0.0386403546742573 0.974927912181824 -0.219140340967696
vt 0.277777777777778 0.285714285714286
v -0.0704292363112193 0.341224769263638 0.262845488251745
vn 0.0575926556418944 0.974927912181824 -0.214938716998368
vt 0.291666666666667 0.285714285714286
v -0.0930697255603389 0.341224769263638 0.25570696941187
vn 0.0761066417247003 0.974927912181824 -0.209101279609137
vt 0.305555555555556 0.285714285714286
v -0.115001898000908 0.341224769263638 0.246622366134681
vn 0.0940414103095345 0.974927912181824 -0.201672455223276
vt 0.319444444444444 0.285714285714286
v -0.136058836557645 0.341224769263638 0.235660817736551
vn 0.111260466978157 0.974927912181824 -0.192708781680008
vt 0.333333333333333 0.285714285714286
v -0.156080285213607 0.341224769263638 0.222905748219553
vn 0.127632764312169 0.974927912181824 -0.182278477947411
vt 0.347222222222222 0.285714285714286
v -0.17491386865524 0.341224769263638 0.208454231364434
vn 0.143033699242996 0.974927912181824 -0.17046092493488
vt 0.361111111111111 0.285714285714286
v -0.192416251940526 0.341224769263638 0.192416251940526
vn 0.157346061356474 0.974927912181824 -0.157346061356474
vt 0.375 0.285714285714286
v -0.208454231364434 0.341224769263638 0.17491386865524
vn 0.17046092493488 0.974927912181824 -0.143033699242996
vt 0.388888888888889 0.285714285714286
v -0.222905748219553 0.341224769263638 0.156080285213607
vn 0.182278477947411 0.974927912181824 -0.127632764312169
vt 0.402777777777778 0.285714285714286
v -0.235660817736551 0.341224769263638 0.136058836557645
vn 0.192708781680008 0.974927912181824 -0.111260466978157
vt 0.416666666666667 0.285714285714286
v -0.246622366134681 0.341224769263638 0.115001898000908
vn 0.201672455223276 0.974927912181824 -0.0940414103095346
vt 0.430555555555556 0.285714285714286
v -0.25570696941187 0.341224769263638 0.093069725560339
vn 0.209101279609137 0.974927912181824 -0.0761066417247003
vt 0.444444444444444 0.285714285714286
v -0.262845488251745 0.341224769263638 0.0704292363112193
vn 0.214938716998368 0.974927912181824 -0.0575926556418944
vt 0.458333333333333 0.285714285714286
v -0.267983594215579 0.341224769263638 0.0472527380474356
vn 0.219140340967696 0.974927912181824 -0.0386403546742574
vt 0.472222222222222 0.285714285714286
v -0.271082183214515 0.341224769263638 0.0237166179151276
vn 0.221674174621704 0.974927912181824 -0.0193939772758652
vt 0.486111111111111 0.285714285714286
v -0.27211767311529 0.341224769263638 3.33237031484345E-17
vn 0.222520933956314 0.974927912181824 -2.72500549581392E-17
vt 0.5 0.285714285714286
v -0.271082183214515 0.341224769263638 -0.0237166179151275
vn 0.221674174621704 0.974927912181824 0.0193939772758651
vt 0.513888888888889 0.285714285714286
v -0.267983594215579 0.341224769263638 -0.0472527380474356
vn 0.219140340967696 0.974927912181824 0.0386403546742574
vt 0.527777777777778 0.285714285714286
v -0.262845488251745 0.341224769263638 -0.0704292363112191
vn 0.214938716998368 0.974927912181824 0.0575926556418943
vt 0.541666666666667 0.285714285714286
v -0.25570696941187 0.341224769263638 -0.0930697255603389
vn 0.209101279609137 0.974927912181824 0.0761066417247003
vt 0.555555555555556 0.285714285714286
v -0.246622366134681 0.341224769263638 -0.115001898000908
vn 0.201672455223276 0.974927912181824 0.0940414103095345
vt 0.569444444444444 0.285714285714286
v -0.235660817736551 0.341224769263638 -0.136058836557645
vn 0.192708781680008 0.974927912181824 0.111260466978157
vt 0.583333333333333 0.285714285714286
v -0.222905748219553 0.341224769263638 -0.156080285213607
vn 0.182278477947411 0.974927912181824 0.127632764312169
vt 0.597222222222222 0.285714285714286
v -0.208454231364434 0.341224769263638 -0.17491386865524
vn 0.17046092493488 0.974927912181824 0.143033699242996
vt 0.611111111111111 0.285714285714286
v -0.192416251940526 0.341224769263638 -0.192416251940526
vn 0.157346061356474 0.974927912181824 0.157346061356474
vt 0.625 0.285714285714286
v -0.17491386865524 0.341224769263638 -0.208454231364434
vn 0.143033699242996 0.974927912181824 0.17046092493488
vt 0.638888888888889 0.285714285714286
v -0.156080285213607 0.341224769263638 -0.222905748219553
vn 0.127632764312169 0.974927912181824 0.182278477947411
vt 0.652777777777778 0.285714285714286
v -0.136058836557645 0.341224769263638 -0.235660817736551
vn 0.111260466978157 0.974927912181824 0.192708781680007
vt 0.666666666666667 0.285714285714286
v -0.115001898000908 0.341224769263638 -0.246622366134681
vn 0.0940414103095345 0.974927912181824 0.201672455223276
vt 0.680555555555556 0.285714285714286
v -0.0930697255603391 0.341224769263638 -0.25570696941187
vn 0.0761066417247004 0.974927912181824 0.209101279609137
vt 0.694444444444444 0.285714285714286
v -0.0704292363112192 0.341224769263638 -0.262845488251745
vn 0.0575926556418943 0.974927912181824 0.214938716998368
vt 0.708333333333333 0.285714285714286
v -0.0472527380474355 0.341224769263638 -0.267983594215579
vn 0.0386403546742573 0.974927912181824 0.219140340967696
vt 0.722222222222222 0.285714285714286
v -0.0237166179151276 0.341224769263638 -0.271082183214515
vn 0.0193939772758652 0.974927912181824 0.221674174621704
vt 0.736111111111111 0.285714285714286
v -4.99855547226517E-17 0.341224769263638 -0.27211767311529
vn 4.08750824372088E-17 0.974927912181824 0.222520933956314
vt 0.75 0.285714285714286
v 0.0237166179151275 0.341224769263638 -0.271082183214515
vn -0.0193939772758651 0.974927912181824 0.221674174621704
vt 0.763888888888889 0.285714285714286
v 0.0472527380474354 0.341224769263638 -0.267983594215579
vn -0.0386403546742573 0.974927912181824 0.219140340967696
vt 0.777777777777778 0.285714285714286
v 0.0704292363112191 0.341224769263638 -0.262845488251745
vn -0.0575926556418943 0.974927912181824 0.214938716998368
vt 0.791666666666667 0.285714285714286
v 0.093069725560339 0.341224769263638 -0.25570696941187
vn -0.0761066417247004 0.974927912181824 0.209101279609137
vt 0.805555555555556 0.285714285714286
v 0.115001898000908 0.341224769263638 -0.246622366134681
vn -0.0940414103095344 0.974927912181824 0.201672455223276
vt 0.819444444444444 0.285714285714286
v 0.136058836557645 0.341224769263638 -0.235660817736551
vn -0.111260466978157 0.974927912181824 0.192708781680008
vt 0.833333333333333 0.285714285714286
v 0.156080285213607 0.341224769263638 -0.222905748219553
vn -0.127632764312169 0.974927912181824 0.182278477947411
vt 0.847222222222222 0.285714285714286
v 0.17491386865524 0.341224769263638 -0.208454231364434
vn -0.143033699242996 0.974927912181824 0.17046092493488
vt 0.861111111111111 0.285714285714286
v 0.192416251940526 0.341224769263638 -0.192416251940526
vn -0.157346061356474 0.974927912181824 0.157346061356474
vt 0.875 0.285714285714286
v 0.208454231364434 0.341224769263638 -0.17491386865524
vn -0.17046092493488 0.974927912181824 0.143033699242996
vt 0.888888888888889 0.285714285714286
v 0.222905748219553 0.341224769263638 -0.156080285213607
vn -0.182278477947411 0.974927912181824 0.127632764312169
vt 0.902777777777778 0.285714285714286
v 0.235660817736551 0.341224769263638 -0.136058836557645
vn -0.192708781680007 0.974927912181824 0.111260466978157
vt 0.916666666666667 0.285714285714286
v 0.246622366134681 0.341224769263638 -0.115001898000908
vn -0.201672455223276 0.974927912181824 0.0940414103095345
vt 0.930555555555556 0.285714285714286
v 0.25570696941187 0.341224769263638 -0.0930697255603391
vn -0.209101279609137 0.974927912181824 0.0761066417247005
vt 0.944444444444444 0.285714285714286
v 0.262845488251745 0.341224769263638 -0.0704292363112192
vn -0.214938716998368 0.974927912181824 0.0575926556418943
vt 0.958333333333333 0.285714285714286
v 0.267983594215579 0.341224769263638 -0.0472527380474356
vn -0.219140340967696 0.974927912181824 0.0386403546742574
vt 0.972222222222222 0.285714285714286
v 0.271082183214515 0.341224769263638 -0.0237166179151276
vn -0.221674174621704 0.974927912181824 0.0193939772758652
vt 0.986111111111111 0.285714285714286
v 0.198140691308855 0.315339103765847 0
vn -0.433883739117558 0.900968867902419 0
vt 0 0.321428571428571
v 0.197386706158114 0.315339103765847 0.0172690991195577
vn -0.432232680497133 0.900968867902419 -0.0378154595489219
vt 0.0138888888888889 0.321428571428571
v 0.195130488988159 0.315339103765847 0.0344067699674484
vn -0.427292070188897 0.900968867902419 -0.0753431206170778
vt 0.0277777777777778 0.321428571428571
v 0.191389210973993 0.315339103765847 0.0512825845205111
vn -0.419099509220518 0.900968867902419 -0.112297375043918
vt 0.0416666666666667 0.321428571428571
v 0.186191345500349 0.315339103765847 0.0677681076401015
vn -0.407717347927768 0.900968867902419 -0.148396978639664
vt 0.0555555555555556 0.321428571428571
v 0.17957645146204 0.315339103765847 0.0837378745410487
vn -0.393232211430821 0.900968867902419 -0.183367191623417
vt 0.0694444444444444 0.321428571428571
v 0.171594872196879 0.315339103765847 0.0990703456544273
vn -0.375754340364785 0.900968867902419 -0.216941869558779
vt 0.0833333333333333 0.321428571428571
v 0.162307352342482 0.315339103765847 0.113648831617066
vn -0.355416751881899 0.900968867902419 -0.248865488873716
vt 0.0972222222222222 0.321428571428571
v 0.151784575532901 0.315339103765847 0.127362381348057
vn -0.33237422731069 0.900968867902419 -0.278895091549233
vt 0.111111111111111 0.321428571428571
v 0.140106626453482 0.315339103765847 0.140106626453482
vn -0.3068021341766 0.900968867902419 -0.3068021341766
vt 0.125 0.321428571428571
v 0.127362381348057 0.315339103765847 0.151784575532901
vn -0.278895091549233 0.900968867902419 -0.33237422731069
vt 0.138888888888889 0.321428571428571
v 0.113648831617066 0.315339103765847 0.162307352342482
vn -0.248865488873716 0.900968867902419 -0.355416751881899
vt 0.152777777777778 0.321428571428571
v 0.0990703456544274 0.315339103765847 0.171594872196879
vn -0.216941869558779 0.900968867902419 -0.375754340364785
vt 0.166666666666667 0.321428571428571
v 0.0837378745410487 0.315339103765847 0.17957645146204
vn -0.183367191623417 0.900968867902419 -0.393232211430821
vt 0.180555555555556 0.321428571428571
v 0.0677681076401016 0.315339103765847 0.186191345500349
vn -0.148396978639664 0.900968867902419 -0.407717347927767
vt 0.194444444444444 0.321428571428571
v 0.0512825845205111 0.315339103765847 0.191389210973993
vn -0.112297375043918 0.900968867902419 -0.419099509220518
vt 0.208333333333333 0.321428571428571
v 0.0344067699674484 0.315339103765847 0.195130488988159
vn -0.0753431206170778 0.900968867902419 -0.427292070188897
vt 0.222222222222222 0.321428571428571
v 0.0172690991195577 0.315339103765847 0.197386706158114
vn -0.037815459548922 0.900968867902419 -0.432232680497133
vt 0.236111111111111 0.321428571428571
v 1.21322174763791E-17 0.315339103765847 0.198140691308855
vn -2.65668391871786E-17 0.900968867902419 -0.433883739117558
vt 0.25 0.321428571428571
v -0.0172690991195577 0.315339103765847 0.197386706158114
vn 0.037815459548922 0.900968867902419 -0.432232680497133
vt 0.263888888888889 0.321428571428571
v -0.0344067699674484 0.315339103765847 0.195130488988159
vn 0.0753431206170778 0.900968867902419 -0.427292070188897
vt 0.277777777777778 0.321428571428571
v -0.0512825845205111 0.315339103765847 0.191389210973993
vn 0.112297375043918 0.900968867902419 -0.419099509220518
vt 0.291666666666667 0.321428571428571
v -0.0677681076401015 0.315339103765847 0.186191345500349
vn 0.148396978639664 0.900968867902419 -0.407717347927768
vt 0.305555555555556 0.321428571428571
v -0.0837378745410487 0.315339103765847 0.17957645146204
vn 0.183367191623417 0.900968867902419 -0.393232211430821
vt 0.319444444444444 0.321428571428571
v -0.0990703456544273 0.315339103765847 0.171594872196879
vn 0.216941869558779 0.900968867902419 -0.375754340364785
vt 0.333333333333333 0.321428571428571
v -0.113648831617066 0.315339103765847 0.162307352342482
vn 0.248865488873716 0.900968867902419 -0.355416751881899
vt 0.347222222222222 0.321428571428571
v -0.127362381348057 0.315339103765847 0.151784575532901
vn 0.278895091549233 0.900968867902419 -0.33237422731069
vt 0.361111111111111 0.321428571428571
v -0.140106626453482 0.315339103765847 0.140106626453482
vn 0.3068021341766 0.900968867902419 -0.3068021341766
vt 0.375 0.321428571428571
v -0.151784575532901 0.315339103765847 0.127362381348057
vn 0.33237422731069 0.900968867902419 -0.278895091549233
vt 0.388888888888889 0.321428571428571
v -0.162307352342482 0.315339103765847 0.113648831617066
vn 0.355416751881899 0.900968867902419 -0.248865488873716
vt 0.402777777777778 0.321428571428571
v -0.171594872196879 0.315339103765847 0.0990703456544273
vn 0.375754340364785 0.900968867902419 -0.216941869558779
vt 0.416666666666667 0.321428571428571
v -0.17957645146204 0.315339103765847 0.0837378745410487
vn 0.393232211430821 0.900968867902419 -0.183367191623418
vt 0.430555555555556 0.321428571428571
v -0.186191345500349 0.315339103765847 0.0677681076401016
vn 0.407717347927767 0.900968867902419 -0.148396978639664
vt 0.444444444444444 0.321428571428571
v -0.191389210973993 0.315339103765847 0.0512825845205112
vn 0.419099509220518 0.900968867902419 -0.112297375043918
vt 0.458333333333333 0.321428571428571
v -0.195130488988159 0.315339103765847 0.0344067699674485
vn 0.427292070188897 0.900968867902419 -0.0753431206170779
vt 0.472222222222222 0.321428571428571
v -0.197386706158114 0.315339103765847 0.0172690991195577
vn 0.432232680497133 0.900968867902419 -0.0378154595489219
vt 0.486111111111111 0.321428571428571
v -0.198140691308855 0.315339103765847 2.42644349527582E-17
vn 0.433883739117558 0.900968867902419 -5.31336783743572E-17
vt 0.5 0.321428571428571
v -0.197386706158114 0.315339103765847 -0.0172690991195576
vn 0.432232680497133 0.900968867902419 0.0378154595489218
vt 0.513888888888889 0.321428571428571
v -0.195130488988159 0.315339103765847 -0.0344067699674484
vn 0.427292070188897 0.900968867902419 0.0753431206170778
vt 0.527777777777778 0.321428571428571
v -0.191389210973993 0.315339103765847 -0.051282584520511
vn 0.419099509220518 0.900968867902419 0.112297375043917
vt 0.541666666666667 0.321428571428571
v -0.186191345500349 0.315339103765847 -0.0677681076401015
vn 0.407717347927768 0.900968867902419 0.148396978639664
vt 0.555555555555556 0.321428571428571
v -0.17957645146204 0.315339103765847 -0.0837378745410486
vn 0.393232211430821 0.900968867902419 0.183367191623417
vt 0.569444444444444 0.321428571428571
v -0.171594872196879 0.315339103765847 -0.0990703456544274
vn 0.375754340364785 0.900968867902419 0.216941869558779
vt 0.583333333333333 0.321428571428571
v -0.162307352342482 0.315339103765847 -0.113648831617066
vn 0.355416751881899 0.900968867902419 0.248865488873716
vt 0.597222222222222 0.321428571428571
v -0.151784575532901 0.315339103765847 -0.127362381348057
vn 0.33237422731069 0.900968867902419 0.278895091549233
vt 0.611111111111111 0.321428571428571
v -0.140106626453482 0.315339103765847 -0.140106626453482
vn 0.3068021341766 0.900968867902419 0.3068021341766
vt 0.625 0.321428571428571
v -0.127362381348057 0.315339103765847 -0.151784575532901
vn 0.278895091549233 0.900968867902419 0.33237422731069
vt 0.638888888888889 0.321428571428571
v -0.113648831617066 0.315339103765847 -0.162307352342482
vn 0.248865488873716 0.900968867902419 0.355416751881899
vt 0.652777777777778 0.321428571428571
v -0.0990703456544274 0.315339103765847 -0.171594872196879
vn 0.216941869558779 0.900968867902419 0.375754340364785
vt 0.666666666666667 0.321428571428571
v -0.0837378745410486 0.315339103765847 -0.17957645146204
vn 0.183367191623417 0.900968867902419 0.393232211430821
vt 0.680555555555556 0.321428571428571
v -0.0677681076401017 0.315339103765847 -0.186191345500349
vn 0.148396978639665 0.900968867902419 0.407717347927767
vt 0.694444444444444 0.321428571428571
v -0.0512825845205111 0.315339103765847 -0.191389210973993
vn 0.112297375043918 0.900968867902419 0.419099509220518
vt 0.708333333333333 0.321428571428571
v -0.0344067699674484 0.315339103765847 -0.195130488988159
vn 0.0753431206170778 0.900968867902419 0.427292070188897
vt 0.722222222222222 0.321428571428571
v -0.0172690991195577 0.315339103765847 -0.197386706158114
vn 0.037815459548922 0.900968867902419 0.432232680497133
vt 0.736111111111111 0.321428571428571
v -3.63966524291373E-17 0.315339103765847 -0.198140691308855
vn 7.97005175615358E-17 0.900968867902419 0.433883739117558
vt 0.75 0.321428571428571
v 0.0172690991195576 0.315339103765847 -0.197386706158114
vn -0.0378154595489218 0.900968867902419 0.432232680497133
vt 0.763888888888889 0.321428571428571
v 0.0344067699674483 0.315339103765847 -0.195130488988159
vn -0.0753431206170776 0.900968867902419 0.427292070188897
vt 0.777777777777778 0.321428571428571
v 0.051282584520511 0.315339103765847 -0.191389210973993
vn -0.112297375043917 0.900968867902419 0.419099509220518
vt 0.791666666666667 0.321428571428571
v 0.0677681076401016 0.315339103765847 -0.186191345500349
vn -0.148396978639664 0.900968867902419 0.407717347927767
vt 0.805555555555556 0.321428571428571
v 0.0837378745410486 0.315339103765847 -0.17957645146204
vn -0.183367191623417 0.900968867902419 0.393232211430821
vt 0.819444444444444 0.321428571428571
v 0.0990703456544274 0.315339103765847 -0.171594872196879
vn -0.216941869558779 0.900968867902419 0.375754340364785
vt 0.833333333333333 0.321428571428571
v 0.113648831617066 0.315339103765847 -0.162307352342482
vn -0.248865488873716 0.900968867902419 0.355416751881899
vt 0.847222222222222 0.321428571428571
v 0.127362381348057 0.315339103765847 -0.151784575532901
vn -0.278895091549233 0.900968867902419 0.33237422731069
vt 0.861111111111111 0.321428571428571
v 0.140106626453482 0.315339103765847 -0.140106626453482
vn -0.3068021341766 0.900968867902419 0.3068021341766
vt 0.875 0.321428571428571
v 0.151784575532901 0.315339103765847 -0.127362381348057
vn -0.33237422731069 0.900968867902419 0.278895091549233
vt 0.888888888888889 0.321428571428571
v 0.162307352342482 0.315339103765847 -0.113648831617066
vn -0.355416751881899 0.900968867902419 0.248865488873716
vt 0.902777777777778 0.321428571428571
v 0.171594872196879 0.315339103765847 -0.0990703456544274
vn -0.375754340364785 0.900968867902419 0.216941869558779
vt 0.916666666666667 0.321428571428571
v 0.17957645146204 0.315339103765847 -0.0837378745410486
vn -0.393232211430821 0.900968867902419 0.183367191623417
vt 0.930555555555556 0.321428571428571
v 0.186191345500349 0.315339103765847 -0.0677681076401017
vn -0.407717347927767 0.900968867902419 0.148396978639665
vt 0.944444444444444 0.321428571428571
v 0.191389210973993 0.315339103765847 -0.0512825845205111
vn -0.419099509220518 0.900968867902419 0.112297375043918
vt 0.958333333333333 0.321428571428571
v 0.195130488988159 0.315339103765847 -0.0344067699674484
vn -0.427292070188897 0.900968867902419 0.0753431206170778
vt 0.972222222222222 0.321428571428571
v 0.197386706158114 0.315339103765847 -0.0172690991195577
vn -0.432232680497133 0.900968867902419 0.037815459548922
vt 0.986111111111111 0.321428571428571
v 0.131778569349443 0.27364101886381 0
vn -0.623489801858733 0.78183148246803 0
vt 0 0.357142857142857
v 0.131277112108031 0.27364101886381 0.0114852590898745
vn -0.621117234925943 0.78183148246803 -0.0543407167765881
vt 0.0138888888888889 0.357142857142857
v 0.129776556776189 0.27364101886381 0.022883108423086
vn -0.614017590794526 0.78183148246803 -0.108267867886685
vt 0.0277777777777778 0.357142857142857
v 0.127288323486052 0.27364101886381 0.0341068034839992
vn -0.602244902043205 0.78183148246803 -0.161371035148237
vt 0.0416666666666667 0.357142857142857
v 0.123831349195396 0.27364101886381 0.0450709251761482
vn -0.58588876594192 0.78183148246803 -0.213246071393817
vt 0.0555555555555556 0.357142857142857
v 0.11943194356595 0.27364101886381 0.0556920299131379
vn -0.565073662562508 0.78183148246803 -0.263498176274591
vt 0.0694444444444444 0.357142857142857
v 0.114123588730987 0.27364101886381 0.0658892846747216
vn -0.539958007410189 0.78183148246803 -0.311744900929367
vt 0.0833333333333333 0.357142857142857
v 0.107946684476075 0.27364101886381 0.0755850821948928
vn -0.51073294578592 0.78183148246803 -0.357619058651352
vt 0.0972222222222222 0.357142857142857
v 0.10094824077231 0.27364101886381 0.0847056316000405
vn -0.477620898055235 0.78183148246803 -0.400771519400709
vt 0.111111111111111 0.357142857142857
v 0.0931815200020531 0.27364101886381 0.093181520002053
vn -0.440873866894967 0.78183148246803 -0.440873866894967
vt 0.125 0.357142857142857
v 0.0847056316000405 0.27364101886381 0.10094824077231
vn -0.400771519400709 0.78183148246803 -0.477620898055235
vt 0.138888888888889 0.357142857142857
v 0.0755850821948929 0.27364101886381 0.107946684476075
vn -0.357619058651352 0.78183148246803 -0.51073294578592
vt 0.152777777777778 0.357142857142857
v 0.0658892846747216 0.27364101886381 0.114123588730987
vn -0.311744900929367 0.78183148246803 -0.539958007410189
vt 0.166666666666667 0.357142857142857
v 0.0556920299131379 0.27364101886381 0.11943194356595
vn -0.263498176274591 0.78183148246803 -0.565073662562508
vt 0.180555555555556 0.357142857142857
v 0.0450709251761482 0.27364101886381 0.123831349195396
vn -0.213246071393817 0.78183148246803 -0.58588876594192
vt 0.194444444444444 0.357142857142857
v 0.0341068034839992 0.27364101886381 0.127288323486052
vn -0.161371035148237 0.78183148246803 -0.602244902043205
vt 0.208333333333333 0.357142857142857
v 0.022883108423086 0.27364101886381 0.129776556776189
vn -0.108267867886685 0.78183148246803 -0.614017590794526
vt 0.222222222222222 0.357142857142857
v 0.0114852590898745 0.27364101886381 0.131277112108031
vn -0.0543407167765883 0.78183148246803 -0.621117234925943
vt 0.236111111111111 0.357142857142857
v 8.06884366614755E-18 0.27364101886381 0.131778569349443
vn -3.8176478644983E-17 0.78183148246803 -0.623489801858733
vt 0.25 0.357142857142857
v -0.0114852590898745 0.27364101886381 0.131277112108031
vn 0.0543407167765882 0.78183148246803 -0.621117234925943
vt 0.263888888888889 0.357142857142857
v -0.022883108423086 0.27364101886381 0.129776556776189
vn 0.108267867886685 0.78183148246803 -0.614017590794526
vt 0.277777777777778 0.357142857142857
v -0.0341068034839992 0.27364101886381 0.127288323486052
vn 0.161371035148237 0.78183148246803 -0.602244902043205
vt 0.291666666666667 0.357142857142857
v -0.0450709251761482 0.27364101886381 0.123831349195396
vn 0.213246071393817 0.78183148246803 -0.58588876594192
vt 0.305555555555556 0.357142857142857
v -0.0556920299131379 0.27364101886381 0.11943194356595
vn 0.263498176274591 0.78183148246803 -0.565073662562508
vt 0.319444444444444 0.357142857142857
v -0.0658892846747216 0.27364101886381 0.114123588730987
vn 0.311744900929367 0.78183148246803 -0.539958007410189
vt 0.333333333333333 0.357142857142857
v -0.0755850821948928 0.27364101886381 0.107946684476075
vn 0.357619058651352 0.78183148246803 -0.51073294578592
vt 0.347222222222222 0.357142857142857
v -0.0847056316000405 0.27364101886381 0.10094824077231
vn 0.400771519400709 0.78183148246803 -0.477620898055235
vt 0.361111111111111 0.357142857142857
v -0.093181520002053 0.27364101886381 0.0931815200020531
vn 0.440873866894967 0.78183148246803 -0.440873866894967
vt 0.375 0.357142857142857
v -0.10094824077231 0.27364101886381 0.0847056316000405
vn 0.477620898055235 0.78183148246803 -0.400771519400709
vt 0.388888888888889 0.357142857142857
v -0.107946684476075 0.27364101886381 0.0755850821948928
vn 0.51073294578592 0.78183148246803 -0.357619058651352
vt 0.402777777777778 0.357142857142857
v -0.114123588730987 0.27364101886381 0.0658892846747216
vn 0.539958007410189 0.78183148246803 -0.311744900929367
vt 0.416666666666667 0.357142857142857
v -0.11943194356595 0.27364101886381 0.0556920299131379
vn 0.565073662562508 0.78183148246803 -0.263498176274591
vt 0.430555555555556 0.357142857142857
v -0.123831349195396 0.27364101886381 0.0450709251761482
vn 0.58588876594192 0.78183148246803 -0.213246071393817
vt 0.444444444444444 0.357142857142857
v -0.127288323486052 0.27364101886381 0.0341068034839992
vn 0.602244902043205 0.78183148246803 -0.161371035148237
vt 0.458333333333333 0.357142857142857
v -0.129776556776189 0.27364101886381 0.0228831084230861
vn 0.614017590794526 0.78183148246803 -0.108267867886685
vt 0.472222222222222 0.357142857142857
v -0.131277112108031 0.27364101886381 0.0114852590898745
vn 0.621117234925943 0.78183148246803 -0.0543407167765882
vt 0.486111111111111 0.357142857142857
v -0.131778569349443 0.27364101886381 1.61376873322951E-17
vn 0.623489801858733 0.78183148246803 -7.6352957289966E-17
vt 0.5 0.357142857142857
v -0.131277112108031 0.27364101886381 -0.0114852590898745
vn 0.621117234925943 0.78183148246803 0.054340716776588
vt 0.513888888888889 0.357142857142857
v -0.129776556776189 0.27364101886381 -0.022883108423086
vn 0.614017590794526 0.78183148246803 0.108267867886685
vt 0.527777777777778 0.357142857142857
v -0.127288323486052 0.27364101886381 -0.0341068034839992
vn 0.602244902043205 0.78183148246803 0.161371035148237
vt 0.541666666666667 0.357142857142857
v -0.123831349195396 0.27364101886381 -0.0450709251761481
vn 0.58588876594192 0.78183148246803 0.213246071393817
vt 0.555555555555556 0.357142857142857
v -0.11943194356595 0.27364101886381 -0.0556920299131379
vn 0.565073662562508 0.78183148246803 0.263498176274591
vt 0.569444444444444 0.357142857142857
v -0.114123588730987 0.27364101886381 -0.0658892846747216
vn 0.539958007410189 0.78183148246803 0.311744900929367
vt 0.583333333333333 0.357142857142857
v -0.107946684476075 0.27364101886381 -0.0755850821948928
vn 0.51073294578592 0.78183148246803 0.357619058651352
vt 0.597222222222222 0.357142857142857
v -0.10094824077231 0.27364101886381 -0.0847056316000405
vn 0.477620898055235 0.78183148246803 0.400771519400709
vt 0.611111111111111 0.357142857142857
v -0.0931815200020531 0.27364101886381 -0.093181520002053
vn 0.440873866894967 0.78183148246803 0.440873866894967
vt 0.625 0.357142857142857
v -0.0847056316000405 0.27364101886381 -0.10094824077231
vn 0.400771519400709 0.78183148246803 0.477620898055235
vt 0.638888888888889 0.357142857142857
v -0.0755850821948929 0.27364101886381 -0.107946684476075
vn 0.357619058651352 0.78183148246803 0.51073294578592
vt 0.652777777777778 0.357142857142857
v -0.0658892846747217 0.27364101886381 -0.114123588730987
vn 0.311744900929367 0.78183148246803 0.539958007410189
vt 0.666666666666667 0.357142857142857
v -0.0556920299131379 0.27364101886381 -0.11943194356595
vn 0.263498176274591 0.78183148246803 0.565073662562508
vt 0.680555555555556 0.357142857142857
v -0.0450709251761482 0.27364101886381 -0.123831349195396
vn 0.213246071393817 0.78183148246803 0.58588876594192
vt 0.694444444444444 0.357142857142857
v -0.0341068034839992 0.27364101886381 -0.127288323486052
vn 0.161371035148237 0.78183148246803 0.602244902043205
vt 0.708333333333333 0.357142857142857
v -0.022883108423086 0.27364101886381 -0.129776556776189
vn 0.108267867886685 0.78183148246803 0.614017590794526
vt 0.722222222222222 0.357142857142857
v -0.0114852590898745 0.27364101886381 -0.131277112108031
vn 0.0543407167765882 0.78183148246803 0.621117234925943
vt 0.736111111111111 0.357142857142857
v -2.42065309984426E-17 0.27364101886381 -0.131778569349443
vn 1.14529435934949E-16 0.78183148246803 0.623489801858733
vt 0.75 0.357142857142857
v 0.0114852590898745 0.27364101886381 -0.131277112108031
vn -0.054340716776588 0.78183148246803 0.621117234925943
vt 0.763888888888889 0.357142857142857
v 0.022883108423086 0.27364101886381 -0.129776556776189
vn -0.108267867886684 0.78183148246803 0.614017590794526
vt 0.777777777777778 0.357142857142857
v 0.0341068034839992 0.27364101886381 -0.127288323486052
vn -0.161371035148237 0.78183148246803 0.602244902043205
vt 0.791666666666667 0.357142857142857
v 0.0450709251761482 0.27364101886381 -0.123831349195396
vn -0.213246071393817 0.78183148246803 0.58588876594192
vt 0.805555555555556 0.357142857142857
v 0.0556920299131378 0.27364101886381 -0.11943194356595
vn -0.263498176274591 0.78183148246803 0.565073662562508
vt 0.819444444444444 0.357142857142857
v 0.0658892846747216 0.27364101886381 -0.114123588730987
vn -0.311744900929367 0.78183148246803 0.539958007410189
vt 0.833333333333333 0.357142857142857
v 0.0755850821948928 0.27364101886381 -0.107946684476075
vn -0.357619058651352 0.78183148246803 0.51073294578592
vt 0.847222222222222 0.357142857142857
v 0.0847056316000405 0.27364101886381 -0.10094824077231
vn -0.400771519400709 0.78183148246803 0.477620898055235
vt 0.861111111111111 0.357142857142857
v 0.093181520002053 0.27364101886381 -0.0931815200020531
vn -0.440873866894967 0.78183148246803 0.440873866894967
vt 0.875 0.357142857142857
v 0.10094824077231 0.27364101886381 -0.0847056316000405
vn -0.477620898055235 0.78183148246803 0.400771519400709
vt 0.888888888888889 0.357142857142857
v 0.107946684476075 0.27364101886381 -0.0755850821948929
vn -0.51073294578592 0.78183148246803 0.357619058651352
vt 0.902777777777778 0.357142857142857
v 0.114123588730987 0.27364101886381 -0.0658892846747217
vn -0.539958007410189 0.78183148246803 0.311744900929367
vt 0.916666666666667 0.357142857142857
v 0.11943194356595 0.27364101886381 -0.0556920299131379
vn -0.565073662562508 0.78183148246803 0.263498176274591
vt 0.930555555555556 0.357142857142857
v 0.123831349195396 0.27364101886381 -0.0450709251761483
vn -0.58588876594192 0.78183148246803 0.213246071393817
vt 0.944444444444444 0.357142857142857
v 0.127288323486052 0.27364101886381 -0.0341068034839992
vn -0.602244902043205 0.78183148246803 0.161371035148237
vt 0.958333333333333 0.357142857142857
v 0.129776556776189 0.27364101886381 -0.022883108423086
vn -0.614017590794526 0.78183148246803 0.108267867886685
vt 0.972222222222222 0.357142857142857
v 0.131277112108031 0.27364101886381 -0.0114852590898745
vn -0.621117234925943 0.78183148246803 0.0543407167765882
vt 0.986111111111111 0.357142857142857
v 0.0763589811361896 0.218221430650557 0
vn -0.78183148246803 0.623489801858734 0
vt 0 0.392857142857143
v 0.0760684121595596 0.218221430650557 0.00665512371637902
vn -0.778856377635861 0.623489801858734 -0.0681411035580038
vt 0.0138888888888889 0.392857142857143
v 0.0751989166350324 0.218221430650557 0.0132595979228028
vn -0.769953705483544 0.623489801858734 -0.135763612173208
vt 0.0277777777777778 0.392857142857143
v 0.0737571119485653 0.218221430650557 0.01976315858267
vn -0.755191220721739 0.623489801858734 -0.202352877723464
vt 0.0416666666666667 0.392857142857143
v 0.0717539711044077 0.218221430650557 0.0261163096724016
vn -0.734681274773315 0.623489801858734 -0.267402115690236
vt 0.0555555555555556 0.392857142857143
v 0.0692047392139132 0.218221430650557 0.0322706998760673
vn -0.708579960711183 0.623489801858734 -0.330416262094793
vt 0.0694444444444444 0.392857142857143
v 0.0661288174710369 0.218221430650557 0.0381794905680948
vn -0.677085925295762 0.623489801858734 -0.390915741234015
vt 0.0833333333333333 0.392857142857143
v 0.0625496154975342 0.218221430650557 0.0437977122834924
vn -0.64043885715318 0.623489801858734 -0.448440115541068
vt 0.0972222222222222 0.392857142857143
v 0.0584943731816049 0.218221430650557 0.0490826069626308
vn -0.598917662600107 0.623489801858734 -0.502551589793308
vt 0.111111111111111 0.392857142857143
v 0.0539939533658953 0.218221430650557 0.0539939533658953
vn -0.552838342998275 0.623489801858734 -0.552838342998275
vt 0.125 0.392857142857143
v 0.0490826069626308 0.218221430650557 0.0584943731816049
vn -0.502551589793308 0.623489801858734 -0.598917662600107
vt 0.138888888888889 0.392857142857143
v 0.0437977122834924 0.218221430650557 0.0625496154975342
vn -0.448440115541068 0.623489801858734 -0.64043885715318
vt 0.152777777777778 0.392857142857143
v 0.0381794905680948 0.218221430650557 0.0661288174710369
vn -0.390915741234015 0.623489801858734 -0.677085925295762
vt 0.166666666666667 0.392857142857143
v 0.0322706998760673 0.218221430650557 0.0692047392139132
vn -0.330416262094793 0.623489801858734 -0.708579960711183
vt 0.180555555555556 0.392857142857143
v 0.0261163096724016 0.218221430650557 0.0717539711044077
vn -0.267402115690236 0.623489801858734 -0.734681274773315
vt 0.194444444444444 0.392857142857143
v 0.01976315858267 0.218221430650557 0.0737571119485653
vn -0.202352877723464 0.623489801858734 -0.755191220721739
vt 0.208333333333333 0.392857142857143
v 0.0132595979228028 0.218221430650557 0.0751989166350324
vn -0.135763612173208 0.623489801858734 -0.769953705483544
vt 0.222222222222222 0.392857142857143
v 0.00665512371637903 0.218221430650557 0.0760684121595596
vn -0.068141103558004 0.623489801858734 -0.778856377635861
vt 0.236111111111111 0.392857142857143
v 4.67548467353904E-18 0.218221430650557 0.0763589811361896
vn -4.78717900524359E-17 0.623489801858734 -0.78183148246803
vt 0.25 0.392857142857143
v -0.00665512371637902 0.218221430650557 0.0760684121595596
vn 0.0681411035580039 0.623489801858734 -0.778856377635861
vt 0.263888888888889 0.392857142857143
v -0.0132595979228028 0.218221430650557 0.0751989166350324
vn 0.135763612173208 0.623489801858734 -0.769953705483544
vt 0.277777777777778 0.392857142857143
v -0.01976315858267 0.218221430650557 0.0737571119485653
vn 0.202352877723464 0.623489801858734 -0.755191220721739
vt 0.291666666666667 0.392857142857143
v -0.0261163096724016 0.218221430650557 0.0717539711044077
vn 0.267402115690236 0.623489801858734 -0.734681274773315
vt 0.305555555555556 0.392857142857143
v -0.0322706998760673 0.218221430650557 0.0692047392139133
vn 0.330416262094793 0.623489801858734 -0.708579960711184
vt 0.319444444444444 0.392857142857143
v -0.0381794905680948 0.218221430650557 0.0661288174710369
vn 0.390915741234015 0.623489801858734 -0.677085925295762
vt 0.333333333333333 0.392857142857143
v -0.0437977122834923 0.218221430650557 0.0625496154975343
vn 0.448440115541068 0.623489801858734 -0.64043885715318
vt 0.347222222222222 0.392857142857143
v -0.0490826069626308 0.218221430650557 0.0584943731816049
vn 0.502551589793308 0.623489801858734 -0.598917662600107
vt 0.361111111111111 0.392857142857143
v -0.0539939533658953 0.218221430650557 0.0539939533658953
vn 0.552838342998275 0.623489801858734 -0.552838342998275
vt 0.375 0.392857142857143
v -0.0584943731816049 0.218221430650557 0.0490826069626308
vn 0.598917662600107 0.623489801858734 -0.502551589793308
vt 0.388888888888889 0.392857142857143
v -0.0625496154975342 0.218221430650557 0.0437977122834923
vn 0.64043885715318 0.623489801858734 -0.448440115541068
vt 0.402777777777778 0.392857142857143
v -0.0661288174710369 0.218221430650557 0.0381794905680948
vn 0.677085925295762 0.623489801858734 -0.390915741234015
vt 0.416666666666667 0.392857142857143
v -0.0692047392139132 0.218221430650557 0.0322706998760673
vn 0.708579960711183 0.623489801858734 -0.330416262094793
vt 0.430555555555556 0.392857142857143
v -0.0717539711044077 0.218221430650557 0.0261163096724016
vn 0.734681274773315 0.623489801858734 -0.267402115690236
vt 0.444444444444444 0.392857142857143
v -0.0737571119485653 0.218221430650557 0.01976315858267
vn 0.755191220721739 0.623489801858734 -0.202352877723464
vt 0.458333333333333 0.392857142857143
v -0.0751989166350324 0.218221430650557 0.0132595979228029
vn 0.769953705483544 0.623489801858734 -0.135763612173208
vt 0.472222222222222 0.392857142857143
v -0.0760684121595596 0.218221430650557 0.00665512371637902
vn 0.778856377635861 0.623489801858734 -0.0681411035580038
vt 0.486111111111111 0.392857142857143
v -0.0763589811361896 0.218221430650557 9.35096934707808E-18
vn 0.78183148246803 0.623489801858734 -9.57435801048718E-17
vt 0.5 0.392857142857143
v -0.0760684121595596 0.218221430650557 -0.006655123716379
vn 0.778856377635861 0.623489801858734 0.0681411035580037
vt 0.513888888888889 0.392857142857143
v -0.0751989166350324 0.218221430650557 -0.0132595979228028
vn 0.769953705483544 0.623489801858734 0.135763612173208
vt 0.527777777777778 0.392857142857143
v -0.0737571119485653 0.218221430650557 -0.0197631585826699
vn 0.755191220721739 0.623489801858734 0.202352877723463
vt 0.541666666666667 0.392857142857143
v -0.0717539711044077 0.218221430650557 -0.0261163096724016
vn 0.734681274773315 0.623489801858734 0.267402115690236
vt 0.555555555555556 0.392857142857143
v -0.0692047392139133 0.218221430650557 -0.0322706998760673
vn 0.708579960711184 0.623489801858734 0.330416262094793
vt 0.569444444444444 0.392857142857143
v -0.0661288174710369 0.218221430650557 -0.0381794905680948
vn 0.677085925295762 0.623489801858734 0.390915741234015
vt 0.583333333333333 0.392857142857143
v -0.0625496154975343 0.218221430650557 -0.0437977122834923
vn 0.64043885715318 0.623489801858734 0.448440115541068
vt 0.597222222222222 0.392857142857143
v -0.0584943731816049 0.218221430650557 -0.0490826069626308
vn 0.598917662600107 0.623489801858734 0.502551589793308
vt 0.611111111111111 0.392857142857143
v -0.0539939533658953 0.218221430650557 -0.0539939533658953
vn 0.552838342998275 0.623489801858734 0.552838342998275
vt 0.625 0.392857142857143
v -0.0490826069626308 0.218221430650557 -0.0584943731816049
vn 0.502551589793308 0.623489801858734 0.598917662600107
vt 0.638888888888889 0.392857142857143
v -0.0437977122834924 0.218221430650557 -0.0625496154975342
vn 0.448440115541068 0.623489801858734 0.640438857153179
vt 0.652777777777778 0.392857142857143
v -0.0381794905680948 0.218221430650557 -0.0661288174710369
vn 0.390915741234015 0.623489801858734 0.677085925295762
vt 0.666666666666667 0.392857142857143
v -0.0322706998760673 0.218221430650557 -0.0692047392139133
vn 0.330416262094793 0.623489801858734 0.708579960711184
vt 0.680555555555556 0.392857142857143
v -0.0261163096724016 0.218221430650557 -0.0717539711044077
vn 0.267402115690236 0.623489801858734 0.734681274773315
vt 0.694444444444444 0.392857142857143
v -0.01976315858267 0.218221430650557 -0.0737571119485653
vn 0.202352877723464 0.623489801858734 0.755191220721739
vt 0.708333333333333 0.392857142857143
v -0.0132595979228028 0.218221430650557 -0.0751989166350324
vn 0.135763612173208 0.623489801858734 0.769953705483544
vt 0.722222222222222 0.392857142857143
v -0.00665512371637903 0.218221430650557 -0.0760684121595596
vn 0.0681411035580039 0.623489801858734 0.778856377635861
vt 0.736111111111111 0.392857142857143
v -1.40264540206171E-17 0.218221430650557 -0.0763589811361896
vn 1.43615370157308E-16 0.623489801858734 0.78183148246803
vt 0.75 0.392857142857143
v 0.006655123716379 0.218221430650557 -0.0760684121595596
vn -0.0681411035580036 0.623489801858734 0.778856377635861
vt 0.763888888888889 0.392857142857143
v 0.0132595979228028 0.218221430650557 -0.0751989166350324
vn -0.135763612173208 0.623489801858734 0.769953705483544
vt 0.777777777777778 0.392857142857143
v 0.0197631585826699 0.218221430650557 -0.0737571119485653
vn -0.202352877723463 0.623489801858734 0.755191220721739
vt 0.791666666666667 0.392857142857143
v 0.0261163096724016 0.218221430650557 -0.0717539711044077
vn -0.267402115690236 0.623489801858734 0.734681274773315
vt 0.805555555555556 0.392857142857143
v 0.0322706998760672 0.218221430650557 -0.0692047392139133
vn -0.330416262094792 0.623489801858734 0.708579960711184
vt 0.819444444444444 0.392857142857143
v 0.0381794905680948 0.218221430650557 -0.0661288174710369
vn -0.390915741234015 0.623489801858734 0.677085925295762
vt 0.833333333333333 0.392857142857143
v 0.0437977122834924 0.218221430650557 -0.0625496154975342
vn -0.448440115541068 0.623489801858734 0.64043885715318
vt 0.847222222222222 0.392857142857143
v 0.0490826069626308 0.218221430650557 -0.0584943731816049
vn -0.502551589793308 0.623489801858734 0.598917662600107
vt 0.861111111111111 0.392857142857143
v 0.0539939533658953 0.218221430650557 -0.0539939533658953
vn -0.552838342998275 0.623489801858734 0.552838342998275
vt 0.875 0.392857142857143
v 0.0584943731816049 0.218221430650557 -0.0490826069626309
vn -0.598917662600107 0.623489801858734 0.502551589793309
vt 0.888888888888889 0.392857142857143
v 0.0625496154975342 0.218221430650557 -0.0437977122834924
vn -0.640438857153179 0.623489801858734 0.448440115541068
vt 0.902777777777778 0.392857142857143
v 0.0661288174710369 0.218221430650557 -0.0381794905680948
vn -0.677085925295762 0.623489801858734 0.390915741234015
vt 0.916666666666667 0.392857142857143
v 0.0692047392139133 0.218221430650557 -0.0322706998760673
vn -0.708579960711184 0.623489801858734 0.330416262094793
vt 0.930555555555556 0.392857142857143
v 0.0717539711044077 0.218221430650557 -0.0261163096724016
vn -0.734681274773315 0.623489801858734 0.267402115690236
vt 0.944444444444444 0.392857142857143
v 0.0737571119485653 0.218221430650557 -0.01976315858267
vn -0.755191220721739 0.623489801858734 0.202352877723464
vt 0.958333333333333 0.392857142857143
v 0.0751989166350324 0.218221430650557 -0.0132595979228028
vn -0.769953705483544 0.623489801858734 0.135763612173208
vt 0.972222222222222 0.392857142857143
v 0.0760684121595596 0.218221430650557 -0.00665512371637903
vn -0.778856377635861 0.623489801858734 0.0681411035580039
vt 0.986111111111111 0.392857142857143
v 0.0346608962341534 0.151859308691145 0
vn -0.900968867902419 0.433883739117558 0
vt 0 0.428571428571429
v 0.0345290010595717 0.151859308691145 0.00302089615558714
vn -0.897540409350112 0.433883739117558 -0.0785246108745521
vt 0.0138888888888889 0.428571428571429
v 0.0341343193377459 0.151859308691145 0.0060188014673633
vn -0.887281126332934 0.433883739117558 -0.156451602045892
vt 0.0277777777777778 0.428571428571429
v 0.0334798548348942 0.151859308691145 0.00897090006572113
vn -0.870269098189371 0.433883739117558 -0.233187902057603
vt 0.0416666666666667 0.428571428571429
v 0.03257058842106 0.151859308691145 0.0118547246978013
vn -0.846633796725737 0.433883739117558 -0.308149501331951
vt 0.0555555555555556 0.428571428571429
v 0.0314134401626825 0.151859308691145 0.0146483277168526
vn -0.816555100857557 0.433883739117558 -0.380765896835406
vt 0.0694444444444444 0.428571428571429
v 0.0300172166567132 0.151859308691145 0.0173304481170767
vn -0.780261927622401 0.433883739117558 -0.450484433951209
vt 0.0833333333333333 0.428571428571429
v 0.0283925440070953 0.151859308691145 0.0198806733427191
vn -0.738030489983005 0.433883739117558 -0.516774512514706
vt 0.0972222222222222 0.428571428571429
v 0.0265517869536967 0.151859308691145 0.0222795946399446
vn -0.690182194679845 0.433883739117558 -0.579131625000983
vt 0.111111111111111 0.428571428571429
v 0.0245089547691731 0.151859308691145 0.0245089547691731
vn -0.637081196131767 0.433883739117558 -0.637081196131767
vt 0.125 0.428571428571429
v 0.0222795946399446 0.151859308691145 0.0265517869536967
vn -0.579131625000983 0.433883739117558 -0.690182194679845
vt 0.138888888888889 0.428571428571429
v 0.0198806733427191 0.151859308691145 0.0283925440070953
vn -0.516774512514706 0.433883739117558 -0.738030489983005
vt 0.152777777777778 0.428571428571429
v 0.0173304481170767 0.151859308691145 0.0300172166567132
vn -0.45048443395121 0.433883739117558 -0.780261927622401
vt 0.166666666666667 0.428571428571429
v 0.0146483277168526 0.151859308691145 0.0314134401626825
vn -0.380765896835406 0.433883739117558 -0.816555100857557
vt 0.180555555555556 0.428571428571429
v 0.0118547246978013 0.151859308691145 0.03257058842106
vn -0.308149501331951 0.433883739117558 -0.846633796725737
vt 0.194444444444444 0.428571428571429
v 0.00897090006572113 0.151859308691145 0.0334798548348942
vn -0.233187902057603 0.433883739117558 -0.870269098189371
vt 0.208333333333333 0.428571428571429
v 0.0060188014673633 0.151859308691145 0.0341343193377459
vn -0.156451602045892 0.433883739117558 -0.887281126332934
vt 0.222222222222222 0.428571428571429
v 0.00302089615558715 0.151859308691145 0.0345290010595717
vn -0.0785246108745522 0.433883739117558 -0.897540409350112
vt 0.236111111111111 0.428571428571429
v 2.12229768787612E-18 0.151859308691145 0.0346608962341534
vn -5.51666100114728E-17 0.433883739117558 -0.900968867902419
vt 0.25 0.428571428571429
v -0.00302089615558715 0.151859308691145 0.0345290010595717
vn 0.0785246108745521 0.433883739117558 -0.897540409350112
vt 0.263888888888889 0.428571428571429
v -0.0060188014673633 0.151859308691145 0.0341343193377459
vn 0.156451602045892 0.433883739117558 -0.887281126332934
vt 0.277777777777778 0.428571428571429
v -0.00897090006572113 0.151859308691145 0.0334798548348942
vn 0.233187902057603 0.433883739117558 -0.870269098189371
vt 0.291666666666667 0.428571428571429
v -0.0118547246978013 0.151859308691145 0.03257058842106
vn 0.308149501331951 0.433883739117558 -0.846633796725737
vt 0.305555555555556 0.428571428571429
v -0.0146483277168526 0.151859308691145 0.0314134401626825
vn 0.380765896835406 0.433883739117558 -0.816555100857557
vt 0.319444444444444 0.428571428571429
v -0.0173304481170767 0.151859308691145 0.0300172166567132
vn 0.450484433951209 0.433883739117558 -0.780261927622401
vt 0.333333333333333 0.428571428571429
v -0.0198806733427191 0.151859308691145 0.0283925440070954
vn 0.516774512514706 0.433883739117558 -0.738030489983005
vt 0.347222222222222 0.428571428571429
v -0.0222795946399446 0.151859308691145 0.0265517869536967
vn 0.579131625000983 0.433883739117558 -0.690182194679845
vt 0.361111111111111 0.428571428571429
v -0.0245089547691731 0.151859308691145 0.0245089547691731
vn 0.637081196131767 0.433883739117558 -0.637081196131767
vt 0.375 0.428571428571429
v -0.0265517869536967 0.151859308691145 0.0222795946399446
vn 0.690182194679845 0.433883739117558 -0.579131625000983
vt 0.388888888888889 0.428571428571429
v -0.0283925440070953 0.151859308691145 0.0198806733427191
vn 0.738030489983005 0.433883739117558 -0.516774512514706
vt 0.402777777777778 0.428571428571429
v -0.0300172166567132 0.151859308691145 0.0173304481170767
vn 0.780261927622401 0.433883739117558 -0.450484433951209
vt 0.416666666666667 0.428571428571429
v -0.0314134401626825 0.151859308691145 0.0146483277168526
vn 0.816555100857557 0.433883739117558 -0.380765896835406
vt 0.430555555555556 0.428571428571429
v -0.03257058842106 0.151859308691145 0.0118547246978013
vn 0.846633796725737 0.433883739117558 -0.308149501331951
vt 0.444444444444444 0.428571428571429
v -0.0334798548348942 0.151859308691145 0.00897090006572114
vn 0.87026909818937 0.433883739117558 -0.233187902057603
vt 0.458333333333333 0.428571428571429
v -0.0341343193377459 0.151859308691145 0.00601880146736331
vn 0.887281126332934 0.433883739117558 -0.156451602045893
vt 0.472222222222222 0.428571428571429
v -0.0345290010595717 0.151859308691145 0.00302089615558715
vn 0.897540409350112 0.433883739117558 -0.0785246108745521
vt 0.486111111111111 0.428571428571429
v -0.0346608962341534 0.151859308691145 4.24459537575223E-18
vn 0.900968867902419 0.433883739117558 -1.10333220022946E-16
vt 0.5 0.428571428571429
v -0.0345290010595717 0.151859308691145 -0.00302089615558714
vn 0.897540409350112 0.433883739117558 0.0785246108745518
vt 0.513888888888889 0.428571428571429
v -0.0341343193377459 0.151859308691145 -0.0060188014673633
vn 0.887281126332934 0.433883739117558 0.156451602045892
vt 0.527777777777778 0.428571428571429
v -0.0334798548348942 0.151859308691145 -0.00897090006572112
vn 0.870269098189371 0.433883739117558 0.233187902057603
vt 0.541666666666667 0.428571428571429
v -0.03257058842106 0.151859308691145 -0.0118547246978013
vn 0.846633796725737 0.433883739117558 0.308149501331951
vt 0.555555555555556 0.428571428571429
v -0.0314134401626825 0.151859308691145 -0.0146483277168526
vn 0.816555100857557 0.433883739117558 0.380765896835406
vt 0.569444444444444 0.428571428571429
v -0.0300172166567132 0.151859308691145 -0.0173304481170767
vn 0.780261927622401 0.433883739117558 0.45048443395121
vt 0.583333333333333 0.428571428571429
v -0.0283925440070954 0.151859308691145 -0.0198806733427191
vn 0.738030489983005 0.433883739117558 0.516774512514706
vt 0.597222222222222 0.428571428571429
v -0.0265517869536967 0.151859308691145 -0.0222795946399446
vn 0.690182194679845 0.433883739117558 0.579131625000983
vt 0.611111111111111 0.428571428571429
v -0.0245089547691731 0.151859308691145 -0.0245089547691731
vn 0.637081196131767 0.433883739117558 0.637081196131767
vt 0.625 0.428571428571429
v -0.0222795946399446 0.151859308691145 -0.0265517869536967
vn 0.579131625000983 0.433883739117558 0.690182194679845
vt 0.638888888888889 0.428571428571429
v -0.0198806733427191 0.151859308691145 -0.0283925440070953
vn 0.516774512514706 0.433883739117558 0.738030489983005
vt 0.652777777777778 0.428571428571429
v -0.0173304481170767 0.151859308691145 -0.0300172166567132
vn 0.45048443395121 0.433883739117558 0.780261927622401
vt 0.666666666666667 0.428571428571429
v -0.0146483277168526 0.151859308691145 -0.0314134401626825
vn 0.380765896835406 0.433883739117558 0.816555100857557
vt 0.680555555555556 0.428571428571429
v -0.0118547246978013 0.151859308691145 -0.03257058842106
vn 0.308149501331951 0.433883739117558 0.846633796725737
vt 0.694444444444444 0.428571428571429
v -0.00897090006572113 0.151859308691145 -0.0334798548348942
vn 0.233187902057603 0.433883739117558 0.870269098189371
vt 0.708333333333333 0.428571428571429
v -0.0060188014673633 0.151859308691145 -0.0341343193377459
vn 0.156451602045892 0.433883739117558 0.887281126332934
vt 0.722222222222222 0.428571428571429
v -0.00302089615558715 0.151859308691145 -0.0345290010595717
vn 0.0785246108745521 0.433883739117558 0.897540409350112
vt 0.736111111111111 0.428571428571429
v -6.36689306362835E-18 0.151859308691145 -0.0346608962341534
vn 1.65499830034418E-16 0.433883739117558 0.900968867902419
vt 0.75 0.428571428571429
v 0.00302089615558713 0.151859308691145 -0.0345290010595717
vn -0.0785246108745518 0.433883739117558 0.897540409350112
vt 0.763888888888889 0.428571428571429
v 0.00601880146736329 0.151859308691145 -0.0341343193377459
vn -0.156451602045892 0.433883739117558 0.887281126332934
vt 0.777777777777778 0.428571428571429
v 0.00897090006572111 0.151859308691145 -0.0334798548348942
vn -0.233187902057603 0.433883739117558 0.870269098189371
vt 0.791666666666667 0.428571428571429
v 0.0118547246978013 0.151859308691145 -0.03257058842106
vn -0.308149501331951 0.433883739117558 0.846633796725737
vt 0.805555555555556 0.428571428571429
v 0.0146483277168526 0.151859308691145 -0.0314134401626825
vn -0.380765896835406 0.433883739117558 0.816555100857557
vt 0.819444444444444 0.428571428571429
v 0.0173304481170767 0.151859308691145 -0.0300172166567132
vn -0.45048443395121 0.433883739117558 0.780261927622401
vt 0.833333333333333 0.428571428571429
v 0.0198806733427191 0.151859308691145 -0.0283925440070953
vn -0.516774512514706 0.433883739117558 0.738030489983005
vt 0.847222222222222 0.428571428571429
v 0.0222795946399446 0.151859308691145 -0.0265517869536967
vn -0.579131625000983 0.433883739117558 0.690182194679845
vt 0.861111111111111 0.428571428571429
v 0.0245089547691731 0.151859308691145 -0.0245089547691731
vn -0.637081196131767 0.433883739117558 0.637081196131767
vt 0.875 0.428571428571429
v 0.0265517869536967 0.151859308691145 -0.0222795946399446
vn -0.690182194679844 0.433883739117558 0.579131625000984
vt 0.888888888888889 0.428571428571429
v 0.0283925440070953 0.151859308691145 -0.0198806733427191
vn -0.738030489983005 0.433883739117558 0.516774512514706
vt 0.902777777777778 0.428571428571429
v 0.0300172166567132 0.151859308691145 -0.0173304481170767
vn -0.780261927622401 0.433883739117558 0.45048443395121
vt 0.916666666666667 0.428571428571429
v 0.0314134401626825 0.151859308691145 -0.0146483277168526
vn -0.816555100857557 0.433883739117558 0.380765896835406
vt 0.930555555555556 0.428571428571429
v 0.03257058842106 0.151859308691145 -0.0118547246978013
vn -0.846633796725737 0.433883739117558 0.308149501331952
vt 0.944444444444444 0.428571428571429
v 0.0334798548348942 0.151859308691145 -0.00897090006572113
vn -0.870269098189371 0.433883739117558 0.233187902057603
vt 0.958333333333333 0.428571428571429
v 0.0341343193377459 0.151859308691145 -0.0060188014673633
vn -0.887281126332934 0.433883739117558 0.156451602045892
vt 0.972222222222222 0.428571428571429
v 0.0345290010595717 0.151859308691145 -0.00302089615558715
vn -0.897540409350112 0.433883739117558 0.0785246108745522
vt 0.986111111111111 0.428571428571429
v 0.00877523073636172 0.0778823268847101 0
vn -0.974927912181824 0.222520933956315 0
vt 0 0.464285714285714
v 0.00874183833409527 0.0778823268847101 0.000764811752609685
vn -0.971218017137188 0.222520933956315 -0.0849705663116305
vt 0.0138888888888889 0.464285714285714
v 0.00864191526364005 0.0778823268847101 0.00152380282597605
vn -0.960116566544665 0.222520933956315 -0.169294455306999
vt 0.0277777777777778 0.464285714285714
v 0.00847622199989742 0.0778823268847101 0.00227119683973943
vn -0.941708049146504 0.222520933956315 -0.252329911274694
vt 0.0416666666666667 0.464285714285714
v 0.0082460195686528 0.0778823268847101 0.00300130567416625
vn -0.916132564875472 0.222520933956315 -0.333444984256622
vt 0.0555555555555556 0.464285714285714
v 0.00795305994940798 0.0778823268847101 0.00370857276017475
vn -0.88358475860977 0.222520933956315 -0.412022339568772
vt 0.0694444444444444 0.464285714285714
v 0.00759957274175927 0.0778823268847101 0.00438761536818086
vn -0.844312338807984 0.222520933956315 -0.487463956090912
vt 0.0833333333333333 0.464285714285714
v 0.0071882481967983 0.0778823268847101 0.00503326557392052
vn -0.798614192298139 0.222520933956315 -0.559195677568416
vt 0.0972222222222222 0.464285714285714
v 0.00672221674267675 0.0778823268847101 0.0056406095894738
vn -0.746838109568473 0.222520933956315 -0.626671582288043
vt 0.111111111111111 0.464285714285714
v 0.00620502516015799 0.0778823268847101 0.00620502516015799
vn -0.68937813787181 0.222520933956315 -0.68937813787181
vt 0.125 0.464285714285714
v 0.0056406095894738 0.0778823268847101 0.00672221674267675
vn -0.626671582288043 0.222520933956315 -0.746838109568473
vt 0.138888888888889 0.464285714285714
v 0.00503326557392052 0.0778823268847101 0.0071882481967983
vn -0.559195677568416 0.222520933956315 -0.798614192298139
vt 0.152777777777778 0.464285714285714
v 0.00438761536818086 0.0778823268847101 0.00759957274175927
vn -0.487463956090912 0.222520933956315 -0.844312338807984
vt 0.166666666666667 0.464285714285714
v 0.00370857276017475 0.0778823268847101 0.00795305994940798
vn -0.412022339568772 0.222520933956315 -0.88358475860977
vt 0.180555555555556 0.464285714285714
v 0.00300130567416625 0.0778823268847101 0.0082460195686528
vn -0.333444984256622 0.222520933956315 -0.916132564875472
vt 0.194444444444444 0.464285714285714
v 0.00227119683973943 0.0778823268847101 0.00847622199989742
vn -0.252329911274694 0.222520933956315 -0.941708049146504
vt 0.208333333333333 0.464285714285714
v 0.00152380282597605 0.0778823268847101 0.00864191526364005
vn -0.169294455306999 0.222520933956315 -0.960116566544665
vt 0.222222222222222 0.464285714285714
v 0.000764811752609686 0.0778823268847101 0.00874183833409527
vn -0.0849705663116307 0.222520933956315 -0.971218017137188
vt 0.236111111111111 0.464285714285714
v 5.37310165800299E-19 0.0778823268847101 0.00877523073636172
vn -5.96951457888323E-17 0.222520933956315 -0.974927912181824
vt 0.25 0.464285714285714
v -0.000764811752609685 0.0778823268847101 0.00874183833409527
vn 0.0849705663116306 0.222520933956315 -0.971218017137188
vt 0.263888888888889 0.464285714285714
v -0.00152380282597605 0.0778823268847101 0.00864191526364005
vn 0.169294455306999 0.222520933956315 -0.960116566544665
vt 0.277777777777778 0.464285714285714
v -0.00227119683973943 0.0778823268847101 0.00847622199989742
vn 0.252329911274694 0.222520933956315 -0.941708049146504
vt 0.291666666666667 0.464285714285714
v -0.00300130567416625 0.0778823268847101 0.0082460195686528
vn 0.333444984256622 0.222520933956315 -0.916132564875472
vt 0.305555555555556 0.464285714285714
v -0.00370857276017475 0.0778823268847101 0.00795305994940798
vn 0.412022339568771 0.222520933956315 -0.88358475860977
vt 0.319444444444444 0.464285714285714
v -0.00438761536818086 0.0778823268847101 0.00759957274175927
vn 0.487463956090912 0.222520933956315 -0.844312338807984
vt 0.333333333333333 0.464285714285714
v -0.00503326557392052 0.0778823268847101 0.0071882481967983
vn 0.559195677568416 0.222520933956315 -0.79861419229814
vt 0.347222222222222 0.464285714285714
v -0.0056406095894738 0.0778823268847101 0.00672221674267675
vn 0.626671582288043 0.222520933956315 -0.746838109568473
vt 0.361111111111111 0.464285714285714
v -0.00620502516015799 0.0778823268847101 0.00620502516015799
vn 0.68937813787181 0.222520933956315 -0.68937813787181
vt 0.375 0.464285714285714
v -0.00672221674267675 0.0778823268847101 0.0056406095894738
vn 0.746838109568473 0.222520933956315 -0.626671582288043
vt 0.388888888888889 0.464285714285714
v -0.0071882481967983 0.0778823268847101 0.00503326557392052
vn 0.79861419229814 0.222520933956315 -0.559195677568416
vt 0.402777777777778 0.464285714285714
v -0.00759957274175927 0.0778823268847101 0.00438761536818086
vn 0.844312338807984 0.222520933956315 -0.487463956090912
vt 0.416666666666667 0.464285714285714
v -0.00795305994940798 0.0778823268847101 0.00370857276017475
vn 0.88358475860977 0.222520933956315 -0.412022339568772
vt 0.430555555555556 0.464285714285714
v -0.0082460195686528 0.0778823268847101 0.00300130567416625
vn 0.916132564875472 0.222520933956315 -0.333444984256622
vt 0.444444444444444 0.464285714285714
v -0.00847622199989742 0.0778823268847101 0.00227119683973943
vn 0.941708049146504 0.222520933956315 -0.252329911274694
vt 0.458333333333333 0.464285714285714
v -0.00864191526364005 0.0778823268847101 0.00152380282597605
vn 0.960116566544665 0.222520933956315 -0.169294455306999
vt 0.472222222222222 0.464285714285714
v -0.00874183833409527 0.0778823268847101 0.000764811752609685
vn 0.971218017137188 0.222520933956315 -0.0849705663116305
vt 0.486111111111111 0.464285714285714
v -0.00877523073636172 0.0778823268847101 1.0746203316006E-18
vn 0.974927912181824 0.222520933956315 -1.19390291577665E-16
vt 0.5 0.464285714285714
v -0.00874183833409527 0.0778823268847101 -0.000764811752609683
vn 0.971218017137188 0.222520933956315 0.0849705663116303
vt 0.513888888888889 0.464285714285714
v -0.00864191526364005 0.0778823268847101 -0.00152380282597605
vn 0.960116566544665 0.222520933956315 0.169294455306999
vt 0.527777777777778 0.464285714285714
v -0.00847622199989742 0.0778823268847101 -0.00227119683973943
vn 0.941708049146504 0.222520933956315 0.252329911274693
vt 0.541666666666667 0.464285714285714
v -0.0082460195686528 0.0778823268847101 -0.00300130567416625
vn 0.916132564875472 0.222520933956315 0.333444984256622
vt 0.555555555555556 0.464285714285714
v -0.00795305994940798 0.0778823268847101 -0.00370857276017475
vn 0.88358475860977 0.222520933956315 0.412022339568771
vt 0.569444444444444 0.464285714285714
v -0.00759957274175927 0.0778823268847101 -0.00438761536818086
vn 0.844312338807984 0.222520933956315 0.487463956090912
vt 0.583333333333333 0.464285714285714
v -0.0071882481967983 0.0778823268847101 -0.00503326557392052
vn 0.79861419229814 0.222520933956315 0.559195677568416
vt 0.597222222222222 0.464285714285714
v -0.00672221674267675 0.0778823268847101 -0.0056406095894738
vn 0.746838109568473 0.222520933956315 0.626671582288043
vt 0.611111111111111 0.464285714285714
v -0.00620502516015799 0.0778823268847101 -0.00620502516015799
vn 0.689378137871811 0.222520933956315 0.68937813787181
vt 0.625 0.464285714285714
v -0.0056406095894738 0.0778823268847101 -0.00672221674267675
vn 0.626671582288043 0.222520933956315 0.746838109568473
vt 0.638888888888889 0.464285714285714
v -0.00503326557392052 0.0778823268847101 -0.00718824819679829
vn 0.559195677568416 0.222520933956315 0.798614192298139
vt 0.652777777777778 0.464285714285714
v -0.00438761536818086 0.0778823268847101 -0.00759957274175927
vn 0.487463956090912 0.222520933956315 0.844312338807983
vt 0.666666666666667 0.464285714285714
v -0.00370857276017474 0.0778823268847101 -0.00795305994940798
vn 0.412022339568771 0.222520933956315 0.88358475860977
vt 0.680555555555556 0.464285714285714
v -0.00300130567416625 0.0778823268847101 -0.0082460195686528
vn 0.333444984256623 0.222520933956315 0.916132564875472
vt 0.694444444444444 0.464285714285714
v -0.00227119683973943 0.0778823268847101 -0.00847622199989742
vn 0.252329911274694 0.222520933956315 0.941708049146504
vt 0.708333333333333 0.464285714285714
v -0.00152380282597605 0.0778823268847101 -0.00864191526364005
vn 0.169294455306999 0.222520933956315 0.960116566544665
vt 0.722222222222222 0.464285714285714
v -0.000764811752609685 0.0778823268847101 -0.00874183833409527
vn 0.0849705663116306 0.222520933956315 0.971218017137188
vt 0.736111111111111 0.464285714285714
v -1.6119304974009E-18 0.0778823268847101 -0.00877523073636172
vn 1.79085437366497E-16 0.222520933956315 0.974927912181824
vt 0.75 0.464285714285714
v 0.000764811752609682 0.0778823268847101 -0.00874183833409527
vn -0.0849705663116302 0.222520933956315 0.971218017137188
vt 0.763888888888889 0.464285714285714
v 0.00152380282597604 0.0778823268847101 -0.00864191526364005
vn -0.169294455306998 0.222520933956315 0.960116566544665
vt 0.777777777777778 0.464285714285714
v 0.00227119683973943 0.0778823268847101 -0.00847622199989742
vn -0.252329911274693 0.222520933956315 0.941708049146504
vt 0.791666666666667 0.464285714285714
v 0.00300130567416625 0.0778823268847101 -0.0082460195686528
vn -0.333444984256623 0.222520933956315 0.916132564875472
vt 0.805555555555556 0.464285714285714
v 0.00370857276017474 0.0778823268847101 -0.00795305994940798
vn -0.412022339568771 0.222520933956315 0.88358475860977
vt 0.819444444444444 0.464285714285714
v 0.00438761536818086 0.0778823268847101 -0.00759957274175927
vn -0.487463956090912 0.222520933956315 0.844312338807984
vt 0.833333333333333 0.464285714285714
v 0.00503326557392052 0.0778823268847101 -0.0071882481967983
vn -0.559195677568416 0.222520933956315 0.798614192298139
vt 0.847222222222222 0.464285714285714
v 0.0056406095894738 0.0778823268847101 -0.00672221674267675
vn -0.626671582288043 0.222520933956315 0.746838109568473
vt 0.861111111111111 0.464285714285714
v 0.00620502516015799 0.0778823268847101 -0.00620502516015799
vn -0.68937813787181 0.222520933956315 0.689378137871811
vt 0.875 0.464285714285714
v 0.00672221674267675 0.0778823268847101 -0.0056406095894738
vn -0.746838109568473 0.222520933956315 0.626671582288043
vt 0.888888888888889 0.464285714285714
v 0.00718824819679829 0.0778823268847101 -0.00503326557392052
vn -0.798614192298139 0.222520933956315 0.559195677568416
vt 0.902777777777778 0.464285714285714
v 0.00759957274175927 0.0778823268847101 -0.00438761536818086
vn -0.844312338807983 0.222520933956315 0.487463956090912
vt 0.916666666666667 0.464285714285714
v 0.00795305994940798 0.0778823268847101 -0.00370857276017474
vn -0.88358475860977 0.222520933956315 0.412022339568771
vt 0.930555555555556 0.464285714285714
v 0.0082460195686528 0.0778823268847101 -0.00300130567416625
vn -0.916132564875471 0.222520933956315 0.333444984256623
vt 0.944444444444444 0.464285714285714
v 0.00847622199989742 0.0778823268847101 -0.00227119683973943
vn -0.941708049146504 0.222520933956315 0.252329911274694
vt 0.958333333333333 0.464285714285714
v 0.00864191526364005 0.0778823268847101 -0.00152380282597605
vn -0.960116566544665 0.222520933956315 0.169294455306999
vt 0.972222222222222 0.464285714285714
v 0.00874183833409527 0.0778823268847101 -0.000764811752609686
vn -0.971218017137188 0.222520933956315 0.0849705663116306
vt 0.986111111111111 0.464285714285714
v 0 4.28612223837832E-17 0
vn -1 1.22460635382238E-16 0
vt 0 0.5
v 0 4.28612223837832E-17 0
vn -0.996194698091746 1.22460635382238E-16 -0.0871557427476582
vt 0.0138888888888889 0.5
v 0 4.28612223837832E-17 0
vn -0.984807753012208 1.22460635382238E-16 -0.17364817766693
vt 0.0277777777777778 0.5
v 0 4.28612223837832E-17 0
vn -0.965925826289068 1.22460635382238E-16 -0.258819045102521
vt 0.0416666666666667 0.5
v 0 4.28612223837832E-17 0
vn -0.939692620785908 1.22460635382238E-16 -0.342020143325669
vt 0.0555555555555556 0.5
v 0 4.28612223837832E-17 0
vn -0.90630778703665 1.22460635382238E-16 -0.422618261740699
vt 0.0694444444444444 0.5
v 0 4.28612223837832E-17 0
vn -0.866025403784439 1.22460635382238E-16 -0.5
vt 0.0833333333333333 0.5
v 0 4.28612223837832E-17 0
vn -0.819152044288992 1.22460635382238E-16 -0.573576436351046
vt 0.0972222222222222 0.5
v 0 4.28612223837832E-17 0
vn -0.766044443118978 1.22460635382238E-16 -0.642787609686539
vt 0.111111111111111 0.5
v 0 4.28612223837832E-17 0
vn -0.707106781186548 1.22460635382238E-16 -0.707106781186547
vt 0.125 0.5
v 0 4.28612223837832E-17 0
vn -0.642787609686539 1.22460635382238E-16 -0.766044443118978
vt 0.138888888888889 0.5
v 0 4.28612223837832E-17 0
vn -0.573576436351046 1.22460635382238E-16 -0.819152044288992
vt 0.152777777777778 0.5
v 0 4.28612223837832E-17 0
vn -0.5 1.22460635382238E-16 -0.866025403784439
vt 0.166666666666667 0.5
v 0 4.28612223837832E-17 0
vn -0.422618261740699 1.22460635382238E-16 -0.90630778703665
vt 0.180555555555556 0.5
v 0 4.28612223837832E-17 0
vn -0.342020143325669 1.22460635382238E-16 -0.939692620785908
vt 0.194444444444444 0.5
v 0 4.28612223837832E-17 0
vn -0.258819045102521 1.22460635382238E-16 -0.965925826289068
vt 0.208333333333333 0.5
v 0 4.28612223837832E-17 0
vn -0.17364817766693 1.22460635382238E-16 -0.984807753012208
vt 0.222222222222222 0.5
v 0 4.28612223837832E-17 0
vn -0.0871557427476584 1.22460635382238E-16 -0.996194698091746
vt 0.236111111111111 0.5
v 0 4.28612223837832E-17 0
vn -6.12303176911189E-17 1.22460635382238E-16 -1
vt 0.25 0.5
v 0 4.28612223837832E-17 0
vn 0.0871557427476582 1.22460635382238E-16 -0.996194698091746
vt 0.263888888888889 0.5
v 0 4.28612223837832E-17 0
vn 0.17364817766693 1.22460635382238E-16 -0.984807753012208
vt 0.277777777777778 0.5
v 0 4.28612223837832E-17 0
vn 0.258819045102521 1.22460635382238E-16 -0.965925826289068
vt 0.291666666666667 0.5
v 0 4.28612223837832E-17 0
vn 0.342020143325669 1.22460635382238E-16 -0.939692620785908
vt 0.305555555555556 0.5
v 0 4.28612223837832E-17 0
vn 0.422618261740699 1.22460635382238E-16 -0.90630778703665
vt 0.319444444444444 0.5
v 0 4.28612223837832E-17 0
vn 0.5 1.22460635382238E-16 -0.866025403784439
vt 0.333333333333333 0.5
v 0 4.28612223837832E-17 0
vn 0.573576436351046 1.22460635382238E-16 -0.819152044288992
vt 0.347222222222222 0.5
v 0 4.28612223837832E-17 0
vn 0.642787609686539 1.22460635382238E-16 -0.766044443118978
vt 0.361111111111111 0.5
v 0 4.28612223837832E-17 0
vn 0.707106781186547 1.22460635382238E-16 -0.707106781186548
vt 0.375 0.5
v 0 4.28612223837832E-17 0
vn 0.766044443118978 1.22460635382238E-16 -0.642787609686539
vt 0.388888888888889 0.5
v 0 4.28612223837832E-17 0
vn 0.819152044288992 1.22460635382238E-16 -0.573576436351046
vt 0.402777777777778 0.5
v 0 4.28612223837832E-17 0
vn 0.866025403784439 1.22460635382238E-16 -0.5
vt 0.416666666666667 0.5
v 0 4.28612223837832E-17 0
vn 0.90630778703665 1.22460635382238E-16 -0.422618261740699
vt 0.430555555555556 0.5
v 0 4.28612223837832E-17 0
vn 0.939692620785908 1.22460635382238E-16 -0.342020143325669
vt 0.444444444444444 0.5
v 0 4.28612223837832E-17 0
vn 0.965925826289068 1.22460635382238E-16 -0.258819045102521
vt 0.458333333333333 0.5
v 0 4.28612223837832E-17 0
vn 0.984807753012208 1.22460635382238E-16 -0.173648177666931
vt 0.472222222222222 0.5
v 0 4.28612223837832E-17 0
vn 0.996194698091746 1.22460635382238E-16 -0.0871557427476582
vt 0.486111111111111 0.5
v 0 4.28612223837832E-17 0
vn 1 1.22460635382238E-16 -1.22460635382238E-16
vt 0.5 0.5
v 0 4.28612223837832E-17 0
vn 0.996194698091746 1.22460635382238E-16 0.0871557427476579
vt 0.513888888888889 0.5
v 0 4.28612223837832E-17 0
vn 0.984807753012208 1.22460635382238E-16 0.17364817766693
vt 0.527777777777778 0.5
v 0 4.28612223837832E-17 0
vn 0.965925826289068 1.22460635382238E-16 0.25881904510252
vt 0.541666666666667 0.5
v 0 4.28612223837832E-17 0
vn 0.939692620785908 1.22460635382238E-16 0.342020143325669
vt 0.555555555555556 0.5
v 0 4.28612223837832E-17 0
vn 0.90630778703665 1.22460635382238E-16 0.422618261740699
vt 0.569444444444444 0.5
v 0 4.28612223837832E-17 0
vn 0.866025403784439 1.22460635382238E-16 0.5
vt 0.583333333333333 0.5
v 0 4.28612223837832E-17 0
vn 0.819152044288992 1.22460635382238E-16 0.573576436351046
vt 0.597222222222222 0.5
v 0 4.28612223837832E-17 0
vn 0.766044443118978 1.22460635382238E-16 0.642787609686539
vt 0.611111111111111 0.5
v 0 4.28612223837832E-17 0
vn 0.707106781186548 1.22460635382238E-16 0.707106781186547
vt 0.625 0.5
v 0 4.28612223837832E-17 0
vn 0.642787609686539 1.22460635382238E-16 0.766044443118978
vt 0.638888888888889 0.5
v 0 4.28612223837832E-17 0
vn 0.573576436351046 1.22460635382238E-16 0.819152044288992
vt 0.652777777777778 0.5
v 0 4.28612223837832E-17 0
vn 0.5 1.22460635382238E-16 0.866025403784438
vt 0.666666666666667 0.5
v 0 4.28612223837832E-17 0
vn 0.422618261740699 1.22460635382238E-16 0.90630778703665
vt 0.680555555555556 0.5
v 0 4.28612223837832E-17 0
vn 0.342020143325669 1.22460635382238E-16 0.939692620785908
vt 0.694444444444444 0.5
v 0 4.28612223837832E-17 0
vn 0.258819045102521 1.22460635382238E-16 0.965925826289068
vt 0.708333333333333 0.5
v 0 4.28612223837832E-17 0
vn 0.17364817766693 1.22460635382238E-16 0.984807753012208
vt 0.722222222222222 0.5
v 0 4.28612223837832E-17 0
vn 0.0871557427476582 1.22460635382238E-16 0.996194698091746
vt 0.736111111111111 0.5
v 0 4.28612223837832E-17 0
vn 1.83690953073357E-16 1.22460635382238E-16 1
vt 0.75 0.5
v 0 4.28612223837832E-17 0
vn -0.0871557427476579 1.22460635382238E-16 0.996194698091746
vt 0.763888888888889 0.5
v 0 4.28612223837832E-17 0
vn -0.17364817766693 1.22460635382238E-16 0.984807753012208
vt 0.777777777777778 0.5
v 0 4.28612223837832E-17 0
vn -0.25881904510252 1.22460635382238E-16 0.965925826289068
vt 0.791666666666667 0.5
v 0 4.28612223837832E-17 0
vn -0.342020143325669 1.22460635382238E-16 0.939692620785908
vt 0.805555555555556 0.5
v 0 4.28612223837832E-17 0
vn -0.422618261740699 1.22460635382238E-16 0.90630778703665
vt 0.819444444444444 0.5
v 0 4.28612223837832E-17 0
vn -0.5 1.22460635382238E-16 0.866025403784439
vt 0.833333333333333 0.5
v 0 4.28612223837832E-17 0
vn -0.573576436351046 1.22460635382238E-16 0.819152044288992
vt 0.847222222222222 0.5
v 0 4.28612223837832E-17 0
vn -0.642787609686539 1.22460635382238E-16 0.766044443118978
vt 0.861111111111111 0.5
v 0 4.28612223837832E-17 0
vn -0.707106781186547 1.22460635382238E-16 0.707106781186548
vt 0.875 0.5
v 0 4.28612223837832E-17 0
vn -0.766044443118978 1.22460635382238E-16 0.64278760968654
vt 0.888888888888889 0.5
v 0 4.28612223837832E-17 0
vn -0.819152044288992 1.22460635382238E-16 0.573576436351046
vt 0.902777777777778 0.5
v 0 4.28612223837832E-17 0
vn -0.866025403784438 1.22460635382238E-16 0.5
vt 0.916666666666667 0.5
v 0 4.28612223837832E-17 0
vn -0.90630778703665 1.22460635382238E-16 0.422618261740699
vt 0.930555555555556 0.5
v 0 4.28612223837832E-17 0
vn -0.939692620785908 1.22460635382238E-16 0.342020143325669
vt 0.944444444444444 0.5
v 0 4.28612223837832E-17 0
vn -0.965925826289068 1.22460635382238E-16 0.258819045102521
vt 0.958333333333333 0.5
v 0 4.28612223837832E-17 0
vn -0.984807753012208 1.22460635382238E-16 0.17364817766693
vt 0.972222222222222 0.5
v 0 4.28612223837832E-17 0
vn -0.996194698091746 1.22460635382238E-16 0.0871557427476583
vt 0.986111111111111 0.5
v 0.00877523073636172 -0.07788232688471 0
vn -0.974927912181824 -0.222520933956314 0
vt 0 0.535714285714286
v 0.00874183833409527 -0.07788232688471 0.000764811752609685
vn -0.971218017137188 -0.222520933956314 -0.0849705663116305
vt 0.0138888888888889 0.535714285714286
v 0.00864191526364005 -0.07788232688471 0.00152380282597605
vn -0.960116566544665 -0.222520933956314 -0.169294455306999
vt 0.0277777777777778 0.535714285714286
v 0.00847622199989742 -0.07788232688471 0.00227119683973943
vn -0.941708049146504 -0.222520933956314 -0.252329911274694
vt 0.0416666666666667 0.535714285714286
v 0.0082460195686528 -0.07788232688471 0.00300130567416625
vn -0.916132564875472 -0.222520933956314 -0.333444984256622
vt 0.0555555555555556 0.535714285714286
v 0.00795305994940798 -0.07788232688471 0.00370857276017475
vn -0.88358475860977 -0.222520933956314 -0.412022339568772
vt 0.0694444444444444 0.535714285714286
v 0.00759957274175927 -0.07788232688471 0.00438761536818086
vn -0.844312338807984 -0.222520933956314 -0.487463956090912
vt 0.0833333333333333 0.535714285714286
v 0.0071882481967983 -0.07788232688471 0.00503326557392052
vn -0.798614192298139 -0.222520933956314 -0.559195677568416
vt 0.0972222222222222 0.535714285714286
v 0.00672221674267675 -0.07788232688471 0.0056406095894738
vn -0.746838109568473 -0.222520933956314 -0.626671582288043
vt 0.111111111111111 0.535714285714286
v 0.00620502516015799 -0.07788232688471 0.00620502516015799
vn -0.68937813787181 -0.222520933956314 -0.68937813787181
vt 0.125 0.535714285714286
v 0.0056406095894738 -0.07788232688471 0.00672221674267675
vn -0.626671582288043 -0.222520933956314 -0.746838109568473
vt 0.138888888888889 0.535714285714286
v 0.00503326557392052 -0.07788232688471 0.0071882481967983
vn -0.559195677568416 -0.222520933956314 -0.798614192298139
vt 0.152777777777778 0.535714285714286
v 0.00438761536818086 -0.07788232688471 0.00759957274175927
vn -0.487463956090912 -0.222520933956314 -0.844312338807984
vt 0.166666666666667 0.535714285714286
v 0.00370857276017475 -0.07788232688471 0.00795305994940798
vn -0.412022339568772 -0.222520933956314 -0.88358475860977
vt 0.180555555555556 0.535714285714286
v 0.00300130567416625 -0.07788232688471 0.0082460195686528
vn -0.333444984256622 -0.222520933956314 -0.916132564875472
vt 0.194444444444444 0.535714285714286
v 0.00227119683973943 -0.07788232688471 0.00847622199989742
vn -0.252329911274694 -0.222520933956314 -0.941708049146504
vt 0.208333333333333 0.535714285714286
v 0.00152380282597605 -0.07788232688471 0.00864191526364005
vn -0.169294455306999 -0.222520933956314 -0.960116566544665
vt 0.222222222222222 0.535714285714286
v 0.000764811752609686 -0.07788232688471 0.00874183833409527
vn -0.0849705663116307 -0.222520933956314 -0.971218017137188
vt 0.236111111111111 0.535714285714286
v 5.37310165800299E-19 -0.07788232688471 0.00877523073636172
vn -5.96951457888323E-17 -0.222520933956314 -0.974927912181824
vt 0.25 0.535714285714286
v -0.000764811752609685 -0.07788232688471 0.00874183833409527
vn 0.0849705663116306 -0.222520933956314 -0.971218017137188
vt 0.263888888888889 0.535714285714286
v -0.00152380282597605 -0.07788232688471 0.00864191526364005
vn 0.169294455306999 -0.222520933956314 -0.960116566544665
vt 0.277777777777778 0.535714285714286
v -0.00227119683973943 -0.07788232688471 0.00847622199989742
vn 0.252329911274694 -0.222520933956314 -0.941708049146504
vt 0.291666666666667 0.535714285714286
v -0.00300130567416625 -0.07788232688471 0.0082460195686528
vn 0.333444984256622 -0.222520933956314 -0.916132564875472
vt 0.305555555555556 0.535714285714286
v -0.00370857276017475 -0.07788232688471 0.00795305994940798
vn 0.412022339568771 -0.222520933956314 -0.88358475860977
vt 0.319444444444444 0.535714285714286
v -0.00438761536818086 -0.07788232688471 0.00759957274175927
vn 0.487463956090912 -0.222520933956314 -0.844312338807984
vt 0.333333333333333 0.535714285714286
v -0.00503326557392052 -0.07788232688471 0.0071882481967983
vn 0.559195677568416 -0.222520933956314 -0.79861419229814
vt 0.347222222222222 0.535714285714286
v -0.0056406095894738 -0.07788232688471 0.00672221674267675
vn 0.626671582288043 -0.222520933956314 -0.746838109568473
vt 0.361111111111111 0.535714285714286
v -0.00620502516015799 -0.07788232688471 0.00620502516015799
vn 0.68937813787181 -0.222520933956314 -0.68937813787181
vt 0.375 0.535714285714286
v -0.00672221674267675 -0.07788232688471 0.0056406095894738
vn 0.746838109568473 -0.222520933956314 -0.626671582288043
vt 0.388888888888889 0.535714285714286
v -0.0071882481967983 -0.07788232688471 0.00503326557392052
vn 0.79861419229814 -0.222520933956314 -0.559195677568416
vt 0.402777777777778 0.535714285714286
v -0.00759957274175927 -0.07788232688471 0.00438761536818086
vn 0.844312338807984 -0.222520933956314 -0.487463956090912
vt 0.416666666666667 0.535714285714286
v -0.00795305994940798 -0.07788232688471 0.00370857276017475
vn 0.88358475860977 -0.222520933956314 -0.412022339568772
vt 0.430555555555556 0.535714285714286
v -0.0082460195686528 -0.07788232688471 0.00300130567416625
vn 0.916132564875472 -0.222520933956314 -0.333444984256622
vt 0.444444444444444 0.535714285714286
v -0.00847622199989742 -0.07788232688471 0.00227119683973943
vn 0.941708049146504 -0.222520933956314 -0.252329911274694
vt 0.458333333333333 0.535714285714286
v -0.00864191526364005 -0.07788232688471 0.00152380282597605
vn 0.960116566544665 -0.222520933956314 -0.169294455306999
vt 0.472222222222222 0.535714285714286
v -0.00874183833409527 -0.07788232688471 0.000764811752609685
vn 0.971218017137188 -0.222520933956314 -0.0849705663116305
vt 0.486111111111111 0.535714285714286
v -0.00877523073636172 -0.07788232688471 1.0746203316006E-18
vn 0.974927912181824 -0.222520933956314 -1.19390291577665E-16
vt 0.5 0.535714285714286
v -0.00874183833409527 -0.07788232688471 -0.000764811752609683
vn 0.971218017137188 -0.222520933956314 0.0849705663116303
vt 0.513888888888889 0.535714285714286
v -0.00864191526364005 -0.07788232688471 -0.00152380282597605
vn 0.960116566544665 -0.222520933956314 0.169294455306999
vt 0.527777777777778 0.535714285714286
v -0.00847622199989742 -0.07788232688471 -0.00227119683973943
vn 0.941708049146504 -0.222520933956314 0.252329911274693
vt 0.541666666666667 0.535714285714286
v -0.0082460195686528 -0.07788232688471 -0.00300130567416625
vn 0.916132564875472 -0.222520933956314 0.333444984256622
vt 0.555555555555556 0.535714285714286
v -0.00795305994940798 -0.07788232688471 -0.00370857276017475
vn 0.88358475860977 -0.222520933956314 0.412022339568771
vt 0.569444444444444 0.535714285714286
v -0.00759957274175927 -0.07788232688471 -0.00438761536818086
vn 0.844312338807984 -0.222520933956314 0.487463956090912
vt 0.583333333333333 0.535714285714286
v -0.0071882481967983 -0.07788232688471 -0.00503326557392052
vn 0.79861419229814 -0.222520933956314 0.559195677568416
vt 0.597222222222222 0.535714285714286
v -0.00672221674267675 -0.07788232688471 -0.0056406095894738
vn 0.746838109568473 -0.222520933956314 0.626671582288043
vt 0.611111111111111 0.535714285714286
v -0.00620502516015799 -0.07788232688471 -0.00620502516015799
vn 0.689378137871811 -0.222520933956314 0.68937813787181
vt 0.625 0.535714285714286
v -0.0056406095894738 -0.07788232688471 -0.00672221674267675
vn 0.626671582288043 -0.222520933956314 0.746838109568473
vt 0.638888888888889 0.535714285714286
v -0.00503326557392052 -0.07788232688471 -0.00718824819679829
vn 0.559195677568416 -0.222520933956314 0.798614192298139
vt 0.652777777777778 0.535714285714286
v -0.00438761536818086 -0.07788232688471 -0.00759957274175927
vn 0.487463956090912 -0.222520933956314 0.844312338807983
vt 0.666666666666667 0.535714285714286
v -0.00370857276017474 -0.07788232688471 -0.00795305994940798
vn 0.412022339568771 -0.222520933956314 0.88358475860977
vt 0.680555555555556 0.535714285714286
v -0.00300130567416625 -0.07788232688471 -0.0082460195686528
vn 0.333444984256623 -0.222520933956314 0.916132564875472
vt 0.694444444444444 0.535714285714286
v -0.00227119683973943 -0.07788232688471 -0.00847622199989742
vn 0.252329911274694 -0.222520933956314 0.941708049146504
vt 0.708333333333333 0.535714285714286
v -0.00152380282597605 -0.07788232688471 -0.00864191526364005
vn 0.169294455306999 -0.222520933956314 0.960116566544665
vt 0.722222222222222 0.535714285714286
v -0.000764811752609685 -0.07788232688471 -0.00874183833409527
vn 0.0849705663116306 -0.222520933956314 0.971218017137188
vt 0.736111111111111 0.535714285714286
v -1.6119304974009E-18 -0.07788232688471 -0.00877523073636172
vn 1.79085437366497E-16 -0.222520933956314 0.974927912181824
vt 0.75 0.535714285714286
v 0.000764811752609682 -0.07788232688471 -0.00874183833409527
vn -0.0849705663116302 -0.222520933956314 0.971218017137188
vt 0.763888888888889 0.535714285714286
v 0.00152380282597604 -0.07788232688471 -0.00864191526364005
vn -0.169294455306998 -0.222520933956314 0.960116566544665
vt 0.777777777777778 0.535714285714286
v 0.00227119683973943 -0.07788232688471 -0.00847622199989742
vn -0.252329911274693 -0.222520933956314 0.941708049146504
vt 0.791666666666667 0.535714285714286
v 0.00300130567416625 -0.07788232688471 -0.0082460195686528
vn -0.333444984256623 -0.222520933956314 0.916132564875472
vt 0.805555555555556 0.535714285714286
v 0.00370857276017474 -0.07788232688471 -0.00795305994940798
vn -0.412022339568771 -0.222520933956314 0.88358475860977
vt 0.819444444444444 0.535714285714286
v 0.00438761536818086 -0.07788232688471 -0.00759957274175927
vn -0.487463956090912 -0.222520933956314 0.844312338807984
vt 0.833333333333333 0.535714285714286
v 0.00503326557392052 -0.07788232688471 -0.0071882481967983
vn -0.559195677568416 -0.222520933956314 0.798614192298139
vt 0.847222222222222 0.535714285714286
v 0.0056406095894738 -0.07788232688471 -0.00672221674267675
vn -0.626671582288043 -0.222520933956314 0.746838109568473
vt 0.861111111111111 0.535714285714286
v 0.00620502516015799 -0.07788232688471 -0.00620502516015799
vn -0.68937813787181 -0.222520933956314 0.689378137871811
vt 0.875 0.535714285714286
v 0.00672221674267675 -0.07788232688471 -0.0056406095894738
vn -0.746838109568473 -0.222520933956314 0.626671582288043
vt 0.888888888888889 0.535714285714286
v 0.00718824819679829 -0.07788232688471 -0.00503326557392052
vn -0.798614192298139 -0.222520933956314 0.559195677568416
vt 0.902777777777778 0.535714285714286
v 0.00759957274175927 -0.07788232688471 -0.00438761536818086
vn -0.844312338807983 -0.222520933956314 0.487463956090912
vt 0.916666666666667 0.535714285714286
v 0.00795305994940798 -0.07788232688471 -0.00370857276017474
vn -0.88358475860977 -0.222520933956314 0.412022339568771
vt 0.930555555555556 0.535714285714286
v 0.0082460195686528 -0.07788232688471 -0.00300130567416625
vn -0.916132564875471 -0.222520933956314 0.333444984256623
vt 0.944444444444444 0.535714285714286
v 0.00847622199989742 -0.07788232688471 -0.00227119683973943
vn -0.941708049146504 -0.222520933956314 0.252329911274694
vt 0.958333333333333 0.535714285714286
v 0.00864191526364005 -0.07788232688471 -0.00152380282597605
vn -0.960116566544665 -0.222520933956314 0.169294455306999
vt 0.972222222222222 0.535714285714286
v 0.00874183833409527 -0.07788232688471 -0.000764811752609686
vn -0.971218017137188 -0.222520933956314 0.0849705663116306
vt 0.986111111111111 0.535714285714286
v 0.0346608962341533 -0.151859308691145 0
vn -0.900968867902419 -0.433883739117558 0
vt 0 0.571428571428571
v 0.0345290010595717 -0.151859308691145 0.00302089615558714
vn -0.897540409350112 -0.433883739117558 -0.0785246108745521
vt 0.0138888888888889 0.571428571428571
v 0.0341343193377458 -0.151859308691145 0.00601880146736329
vn -0.887281126332934 -0.433883739117558 -0.156451602045892
vt 0.0277777777777778 0.571428571428571
v 0.0334798548348942 -0.151859308691145 0.00897090006572111
vn -0.870269098189371 -0.433883739117558 -0.233187902057603
vt 0.0416666666666667 0.571428571428571
v 0.0325705884210599 -0.151859308691145 0.0118547246978012
vn -0.846633796725737 -0.433883739117558 -0.308149501331951
vt 0.0555555555555556 0.571428571428571
v 0.0314134401626824 -0.151859308691145 0.0146483277168526
vn -0.816555100857557 -0.433883739117558 -0.380765896835406
vt 0.0694444444444444 0.571428571428571
v 0.0300172166567131 -0.151859308691145 0.0173304481170766
vn -0.780261927622401 -0.433883739117558 -0.45048443395121
vt 0.0833333333333333 0.571428571428571
v 0.0283925440070953 -0.151859308691145 0.019880673342719
vn -0.738030489983005 -0.433883739117558 -0.516774512514706
vt 0.0972222222222222 0.571428571428571
v 0.0265517869536967 -0.151859308691145 0.0222795946399446
vn -0.690182194679845 -0.433883739117558 -0.579131625000983
vt 0.111111111111111 0.571428571428571
v 0.0245089547691731 -0.151859308691145 0.0245089547691731
vn -0.637081196131767 -0.433883739117558 -0.637081196131767
vt 0.125 0.571428571428571
v 0.0222795946399446 -0.151859308691145 0.0265517869536967
vn -0.579131625000983 -0.433883739117558 -0.690182194679845
vt 0.138888888888889 0.571428571428571
v 0.019880673342719 -0.151859308691145 0.0283925440070953
vn -0.516774512514706 -0.433883739117558 -0.738030489983005
vt 0.152777777777778 0.571428571428571
v 0.0173304481170767 -0.151859308691145 0.0300172166567131
vn -0.45048443395121 -0.433883739117558 -0.780261927622401
vt 0.166666666666667 0.571428571428571
v 0.0146483277168526 -0.151859308691145 0.0314134401626824
vn -0.380765896835406 -0.433883739117558 -0.816555100857557
vt 0.180555555555556 0.571428571428571
v 0.0118547246978012 -0.151859308691145 0.0325705884210599
vn -0.308149501331951 -0.433883739117558 -0.846633796725737
vt 0.194444444444444 0.571428571428571
v 0.00897090006572111 -0.151859308691145 0.0334798548348942
vn -0.233187902057603 -0.433883739117558 -0.870269098189371
vt 0.208333333333333 0.571428571428571
v 0.00601880146736329 -0.151859308691145 0.0341343193377458
vn -0.156451602045892 -0.433883739117558 -0.887281126332934
vt 0.222222222222222 0.571428571428571
v 0.00302089615558715 -0.151859308691145 0.0345290010595717
vn -0.0785246108745522 -0.433883739117558 -0.897540409350112
vt 0.236111111111111 0.571428571428571
v 2.12229768787611E-18 -0.151859308691145 0.0346608962341533
vn -5.51666100114728E-17 -0.433883739117558 -0.900968867902419
vt 0.25 0.571428571428571
v -0.00302089615558714 -0.151859308691145 0.0345290010595717
vn 0.0785246108745521 -0.433883739117558 -0.897540409350112
vt 0.263888888888889 0.571428571428571
v -0.00601880146736329 -0.151859308691145 0.0341343193377458
vn 0.156451602045892 -0.433883739117558 -0.887281126332934
vt 0.277777777777778 0.571428571428571
v -0.00897090006572112 -0.151859308691145 0.0334798548348942
vn 0.233187902057603 -0.433883739117558 -0.870269098189371
vt 0.291666666666667 0.571428571428571
v -0.0118547246978012 -0.151859308691145 0.0325705884210599
vn 0.308149501331951 -0.433883739117558 -0.846633796725737
vt 0.305555555555556 0.571428571428571
v -0.0146483277168526 -0.151859308691145 0.0314134401626824
vn 0.380765896835406 -0.433883739117558 -0.816555100857557
vt 0.319444444444444 0.571428571428571
v -0.0173304481170766 -0.151859308691145 0.0300172166567131
vn 0.450484433951209 -0.433883739117558 -0.780261927622401
vt 0.333333333333333 0.571428571428571
v -0.019880673342719 -0.151859308691145 0.0283925440070953
vn 0.516774512514706 -0.433883739117558 -0.738030489983005
vt 0.347222222222222 0.571428571428571
v -0.0222795946399446 -0.151859308691145 0.0265517869536967
vn 0.579131625000983 -0.433883739117558 -0.690182194679845
vt 0.361111111111111 0.571428571428571
v -0.0245089547691731 -0.151859308691145 0.0245089547691731
vn 0.637081196131767 -0.433883739117558 -0.637081196131767
vt 0.375 0.571428571428571
v -0.0265517869536966 -0.151859308691145 0.0222795946399446
vn 0.690182194679845 -0.433883739117558 -0.579131625000984
vt 0.388888888888889 0.571428571428571
v -0.0283925440070953 -0.151859308691145 0.019880673342719
vn 0.738030489983005 -0.433883739117558 -0.516774512514706
vt 0.402777777777778 0.571428571428571
v -0.0300172166567131 -0.151859308691145 0.0173304481170766
vn 0.780261927622401 -0.433883739117558 -0.45048443395121
vt 0.416666666666667 0.571428571428571
v -0.0314134401626824 -0.151859308691145 0.0146483277168526
vn 0.816555100857557 -0.433883739117558 -0.380765896835406
vt 0.430555555555556 0.571428571428571
v -0.0325705884210599 -0.151859308691145 0.0118547246978012
vn 0.846633796725737 -0.433883739117558 -0.308149501331951
vt 0.444444444444444 0.571428571428571
v -0.0334798548348942 -0.151859308691145 0.00897090006572113
vn 0.870269098189371 -0.433883739117558 -0.233187902057604
vt 0.458333333333333 0.571428571428571
v -0.0341343193377458 -0.151859308691145 0.0060188014673633
vn 0.887281126332934 -0.433883739117558 -0.156451602045893
vt 0.472222222222222 0.571428571428571
v -0.0345290010595717 -0.151859308691145 0.00302089615558714
vn 0.897540409350112 -0.433883739117558 -0.0785246108745521
vt 0.486111111111111 0.571428571428571
v -0.0346608962341533 -0.151859308691145 4.24459537575222E-18
vn 0.900968867902419 -0.433883739117558 -1.10333220022946E-16
vt 0.5 0.571428571428571
v -0.0345290010595717 -0.151859308691145 -0.00302089615558713
vn 0.897540409350112 -0.433883739117558 0.0785246108745519
vt 0.513888888888889 0.571428571428571
v -0.0341343193377458 -0.151859308691145 -0.00601880146736329
vn 0.887281126332934 -0.433883739117558 0.156451602045892
vt 0.527777777777778 0.571428571428571
v -0.0334798548348942 -0.151859308691145 -0.0089709000657211
vn 0.870269098189371 -0.433883739117558 0.233187902057603
vt 0.541666666666667 0.571428571428571
v -0.0325705884210599 -0.151859308691145 -0.0118547246978012
vn 0.846633796725737 -0.433883739117558 0.308149501331951
vt 0.555555555555556 0.571428571428571
v -0.0314134401626824 -0.151859308691145 -0.0146483277168526
vn 0.816555100857557 -0.433883739117558 0.380765896835406
vt 0.569444444444444 0.571428571428571
v -0.0300172166567131 -0.151859308691145 -0.0173304481170767
vn 0.780261927622401 -0.433883739117558 0.45048443395121
vt 0.583333333333333 0.571428571428571
v -0.0283925440070953 -0.151859308691145 -0.019880673342719
vn 0.738030489983005 -0.433883739117558 0.516774512514706
vt 0.597222222222222 0.571428571428571
v -0.0265517869536967 -0.151859308691145 -0.0222795946399446
vn 0.690182194679845 -0.433883739117558 0.579131625000983
vt 0.611111111111111 0.571428571428571
v -0.0245089547691731 -0.151859308691145 -0.0245089547691731
vn 0.637081196131768 -0.433883739117558 0.637081196131767
vt 0.625 0.571428571428571
v -0.0222795946399446 -0.151859308691145 -0.0265517869536966
vn 0.579131625000984 -0.433883739117558 0.690182194679845
vt 0.638888888888889 0.571428571428571
v -0.0198806733427191 -0.151859308691145 -0.0283925440070953
vn 0.516774512514706 -0.433883739117558 0.738030489983005
vt 0.652777777777778 0.571428571428571
v -0.0173304481170767 -0.151859308691145 -0.0300172166567131
vn 0.45048443395121 -0.433883739117558 0.780261927622401
vt 0.666666666666667 0.571428571428571
v -0.0146483277168526 -0.151859308691145 -0.0314134401626824
vn 0.380765896835406 -0.433883739117558 0.816555100857557
vt 0.680555555555556 0.571428571428571
v -0.0118547246978013 -0.151859308691145 -0.0325705884210599
vn 0.308149501331951 -0.433883739117558 0.846633796725737
vt 0.694444444444444 0.571428571428571
v -0.00897090006572111 -0.151859308691145 -0.0334798548348942
vn 0.233187902057603 -0.433883739117558 0.870269098189371
vt 0.708333333333333 0.571428571428571
v -0.00601880146736329 -0.151859308691145 -0.0341343193377458
vn 0.156451602045892 -0.433883739117558 0.887281126332934
vt 0.722222222222222 0.571428571428571
v -0.00302089615558714 -0.151859308691145 -0.0345290010595717
vn 0.0785246108745521 -0.433883739117558 0.897540409350112
vt 0.736111111111111 0.571428571428571
v -6.36689306362834E-18 -0.151859308691145 -0.0346608962341533
vn 1.65499830034418E-16 -0.433883739117558 0.900968867902419
vt 0.75 0.571428571428571
v 0.00302089615558713 -0.151859308691145 -0.0345290010595717
vn -0.0785246108745518 -0.433883739117558 0.897540409350112
vt 0.763888888888889 0.571428571428571
v 0.00601880146736328 -0.151859308691145 -0.0341343193377458
vn -0.156451602045892 -0.433883739117558 0.887281126332934
vt 0.777777777777778 0.571428571428571
v 0.0089709000657211 -0.151859308691145 -0.0334798548348942
vn -0.233187902057603 -0.433883739117558 0.870269098189371
vt 0.791666666666667 0.571428571428571
v 0.0118547246978013 -0.151859308691145 -0.0325705884210599
vn -0.308149501331951 -0.433883739117558 0.846633796725737
vt 0.805555555555556 0.571428571428571
v 0.0146483277168526 -0.151859308691145 -0.0314134401626824
vn -0.380765896835406 -0.433883739117558 0.816555100857558
vt 0.819444444444444 0.571428571428571
v 0.0173304481170767 -0.151859308691145 -0.0300172166567131
vn -0.45048443395121 -0.433883739117558 0.780261927622401
vt 0.833333333333333 0.571428571428571
v 0.019880673342719 -0.151859308691145 -0.0283925440070953
vn -0.516774512514706 -0.433883739117558 0.738030489983005
vt 0.847222222222222 0.571428571428571
v 0.0222795946399446 -0.151859308691145 -0.0265517869536967
vn -0.579131625000983 -0.433883739117558 0.690182194679845
vt 0.861111111111111 0.571428571428571
v 0.0245089547691731 -0.151859308691145 -0.0245089547691731
vn -0.637081196131767 -0.433883739117558 0.637081196131768
vt 0.875 0.571428571428571
v 0.0265517869536966 -0.151859308691145 -0.0222795946399446
vn -0.690182194679845 -0.433883739117558 0.579131625000984
vt 0.888888888888889 0.571428571428571
v 0.0283925440070953 -0.151859308691145 -0.0198806733427191
vn -0.738030489983005 -0.433883739117558 0.516774512514706
vt 0.902777777777778 0.571428571428571
v 0.0300172166567131 -0.151859308691145 -0.0173304481170767
vn -0.780261927622401 -0.433883739117558 0.45048443395121
vt 0.916666666666667 0.571428571428571
v 0.0314134401626824 -0.151859308691145 -0.0146483277168526
vn -0.816555100857557 -0.433883739117558 0.380765896835406
vt 0.930555555555556 0.571428571428571
v 0.0325705884210599 -0.151859308691145 -0.0118547246978013
vn -0.846633796725737 -0.433883739117558 0.308149501331952
vt 0.944444444444444 0.571428571428571
v 0.0334798548348942 -0.151859308691145 -0.00897090006572111
vn -0.870269098189371 -0.433883739117558 0.233187902057603
vt 0.958333333333333 0.571428571428571
v 0.0341343193377458 -0.151859308691145 -0.00601880146736329
vn -0.887281126332934 -0.433883739117558 0.156451602045892
vt 0.972222222222222 0.571428571428571
v 0.0345290010595717 -0.151859308691145 -0.00302089615558714
vn -0.897540409350112 -0.433883739117558 0.0785246108745522
vt 0.986111111111111 0.571428571428571
v 0.0763589811361894 -0.218221430650557 0
vn -0.78183148246803 -0.623489801858733 0
vt 0 0.607142857142857
v 0.0760684121595595 -0.218221430650557 0.00665512371637901
vn -0.778856377635861 -0.623489801858733 -0.0681411035580038
vt 0.0138888888888889 0.607142857142857
v 0.0751989166350323 -0.218221430650557 0.0132595979228028
vn -0.769953705483544 -0.623489801858733 -0.135763612173208
vt 0.0277777777777778 0.607142857142857
v 0.0737571119485652 -0.218221430650557 0.0197631585826699
vn -0.755191220721739 -0.623489801858733 -0.202352877723464
vt 0.0416666666666667 0.607142857142857
v 0.0717539711044076 -0.218221430650557 0.0261163096724015
vn -0.734681274773315 -0.623489801858733 -0.267402115690236
vt 0.0555555555555556 0.607142857142857
v 0.0692047392139132 -0.218221430650557 0.0322706998760672
vn -0.708579960711184 -0.623489801858733 -0.330416262094793
vt 0.0694444444444444 0.607142857142857
v 0.0661288174710368 -0.218221430650557 0.0381794905680947
vn -0.677085925295762 -0.623489801858733 -0.390915741234015
vt 0.0833333333333333 0.607142857142857
v 0.0625496154975341 -0.218221430650557 0.0437977122834923
vn -0.64043885715318 -0.623489801858733 -0.448440115541068
vt 0.0972222222222222 0.607142857142857
v 0.0584943731816048 -0.218221430650557 0.0490826069626308
vn -0.598917662600107 -0.623489801858733 -0.502551589793308
vt 0.111111111111111 0.607142857142857
v 0.0539939533658952 -0.218221430650557 0.0539939533658952
vn -0.552838342998276 -0.623489801858733 -0.552838342998275
vt 0.125 0.607142857142857
v 0.0490826069626308 -0.218221430650557 0.0584943731816048
vn -0.502551589793309 -0.623489801858733 -0.598917662600107
vt 0.138888888888889 0.607142857142857
v 0.0437977122834923 -0.218221430650557 0.0625496154975341
vn -0.448440115541068 -0.623489801858733 -0.64043885715318
vt 0.152777777777778 0.607142857142857
v 0.0381794905680947 -0.218221430650557 0.0661288174710368
vn -0.390915741234015 -0.623489801858733 -0.677085925295762
vt 0.166666666666667 0.607142857142857
v 0.0322706998760672 -0.218221430650557 0.0692047392139132
vn -0.330416262094793 -0.623489801858733 -0.708579960711184
vt 0.180555555555556 0.607142857142857
v 0.0261163096724016 -0.218221430650557 0.0717539711044076
vn -0.267402115690236 -0.623489801858733 -0.734681274773315
vt 0.194444444444444 0.607142857142857
v 0.0197631585826699 -0.218221430650557 0.0737571119485652
vn -0.202352877723464 -0.623489801858733 -0.755191220721739
vt 0.208333333333333 0.607142857142857
v 0.0132595979228028 -0.218221430650557 0.0751989166350323
vn -0.135763612173208 -0.623489801858733 -0.769953705483544
vt 0.222222222222222 0.607142857142857
v 0.00665512371637902 -0.218221430650557 0.0760684121595595
vn -0.068141103558004 -0.623489801858733 -0.778856377635861
vt 0.236111111111111 0.607142857142857
v 4.67548467353903E-18 -0.218221430650557 0.0763589811361894
vn -4.78717900524359E-17 -0.623489801858733 -0.78183148246803
vt 0.25 0.607142857142857
v -0.00665512371637901 -0.218221430650557 0.0760684121595595
vn 0.0681411035580039 -0.623489801858733 -0.778856377635861
vt 0.263888888888889 0.607142857142857
v -0.0132595979228028 -0.218221430650557 0.0751989166350323
vn 0.135763612173208 -0.623489801858733 -0.769953705483544
vt 0.277777777777778 0.607142857142857
v -0.01976315858267 -0.218221430650557 0.0737571119485652
vn 0.202352877723464 -0.623489801858733 -0.755191220721739
vt 0.291666666666667 0.607142857142857
v -0.0261163096724015 -0.218221430650557 0.0717539711044076
vn 0.267402115690236 -0.623489801858733 -0.734681274773315
vt 0.305555555555556 0.607142857142857
v -0.0322706998760672 -0.218221430650557 0.0692047392139132
vn 0.330416262094793 -0.623489801858733 -0.708579960711184
vt 0.319444444444444 0.607142857142857
v -0.0381794905680947 -0.218221430650557 0.0661288174710368
vn 0.390915741234015 -0.623489801858733 -0.677085925295762
vt 0.333333333333333 0.607142857142857
v -0.0437977122834923 -0.218221430650557 0.0625496154975342
vn 0.448440115541068 -0.623489801858733 -0.64043885715318
vt 0.347222222222222 0.607142857142857
v -0.0490826069626308 -0.218221430650557 0.0584943731816048
vn 0.502551589793309 -0.623489801858733 -0.598917662600107
vt 0.361111111111111 0.607142857142857
v -0.0539939533658952 -0.218221430650557 0.0539939533658952
vn 0.552838342998275 -0.623489801858733 -0.552838342998276
vt 0.375 0.607142857142857
v -0.0584943731816048 -0.218221430650557 0.0490826069626308
vn 0.598917662600107 -0.623489801858733 -0.502551589793309
vt 0.388888888888889 0.607142857142857
v -0.0625496154975342 -0.218221430650557 0.0437977122834923
vn 0.64043885715318 -0.623489801858733 -0.448440115541068
vt 0.402777777777778 0.607142857142857
v -0.0661288174710368 -0.218221430650557 0.0381794905680947
vn 0.677085925295762 -0.623489801858733 -0.390915741234015
vt 0.416666666666667 0.607142857142857
v -0.0692047392139132 -0.218221430650557 0.0322706998760672
vn 0.708579960711184 -0.623489801858733 -0.330416262094793
vt 0.430555555555556 0.607142857142857
v -0.0717539711044076 -0.218221430650557 0.0261163096724016
vn 0.734681274773315 -0.623489801858733 -0.267402115690236
vt 0.444444444444444 0.607142857142857
v -0.0737571119485652 -0.218221430650557 0.01976315858267
vn 0.755191220721739 -0.623489801858733 -0.202352877723464
vt 0.458333333333333 0.607142857142857
v -0.0751989166350323 -0.218221430650557 0.0132595979228028
vn 0.769953705483544 -0.623489801858733 -0.135763612173208
vt 0.472222222222222 0.607142857142857
v -0.0760684121595595 -0.218221430650557 0.00665512371637901
vn 0.778856377635861 -0.623489801858733 -0.0681411035580039
vt 0.486111111111111 0.607142857142857
v -0.0763589811361894 -0.218221430650557 9.35096934707806E-18
vn 0.78183148246803 -0.623489801858733 -9.57435801048718E-17
vt 0.5 0.607142857142857
v -0.0760684121595595 -0.218221430650557 -0.00665512371637899
vn 0.778856377635861 -0.623489801858733 0.0681411035580037
vt 0.513888888888889 0.607142857142857
v -0.0751989166350323 -0.218221430650557 -0.0132595979228028
vn 0.769953705483544 -0.623489801858733 0.135763612173208
vt 0.527777777777778 0.607142857142857
v -0.0737571119485652 -0.218221430650557 -0.0197631585826699
vn 0.755191220721739 -0.623489801858733 0.202352877723463
vt 0.541666666666667 0.607142857142857
v -0.0717539711044076 -0.218221430650557 -0.0261163096724015
vn 0.734681274773315 -0.623489801858733 0.267402115690236
vt 0.555555555555556 0.607142857142857
v -0.0692047392139132 -0.218221430650557 -0.0322706998760672
vn 0.708579960711184 -0.623489801858733 0.330416262094793
vt 0.569444444444444 0.607142857142857
v -0.0661288174710368 -0.218221430650557 -0.0381794905680947
vn 0.677085925295762 -0.623489801858733 0.390915741234015
vt 0.583333333333333 0.607142857142857
v -0.0625496154975342 -0.218221430650557 -0.0437977122834923
vn 0.64043885715318 -0.623489801858733 0.448440115541068
vt 0.597222222222222 0.607142857142857
v -0.0584943731816048 -0.218221430650557 -0.0490826069626308
vn 0.598917662600107 -0.623489801858733 0.502551589793308
vt 0.611111111111111 0.607142857142857
v -0.0539939533658952 -0.218221430650557 -0.0539939533658952
vn 0.552838342998276 -0.623489801858733 0.552838342998275
vt 0.625 0.607142857142857
v -0.0490826069626308 -0.218221430650557 -0.0584943731816048
vn 0.502551589793309 -0.623489801858733 0.598917662600107
vt 0.638888888888889 0.607142857142857
v -0.0437977122834923 -0.218221430650557 -0.0625496154975341
vn 0.448440115541068 -0.623489801858733 0.64043885715318
vt 0.652777777777778 0.607142857142857
v -0.0381794905680948 -0.218221430650557 -0.0661288174710368
vn 0.390915741234015 -0.623489801858733 0.677085925295762
vt 0.666666666666667 0.607142857142857
v -0.0322706998760672 -0.218221430650557 -0.0692047392139132
vn 0.330416262094793 -0.623489801858733 0.708579960711184
vt 0.680555555555556 0.607142857142857
v -0.0261163096724016 -0.218221430650557 -0.0717539711044076
vn 0.267402115690236 -0.623489801858733 0.734681274773315
vt 0.694444444444444 0.607142857142857
v -0.0197631585826699 -0.218221430650557 -0.0737571119485652
vn 0.202352877723464 -0.623489801858733 0.755191220721739
vt 0.708333333333333 0.607142857142857
v -0.0132595979228028 -0.218221430650557 -0.0751989166350323
vn 0.135763612173208 -0.623489801858733 0.769953705483544
vt 0.722222222222222 0.607142857142857
v -0.00665512371637902 -0.218221430650557 -0.0760684121595595
vn 0.0681411035580039 -0.623489801858733 0.778856377635861
vt 0.736111111111111 0.607142857142857
v -1.40264540206171E-17 -0.218221430650557 -0.0763589811361894
vn 1.43615370157308E-16 -0.623489801858733 0.78183148246803
vt 0.75 0.607142857142857
v 0.00665512371637899 -0.218221430650557 -0.0760684121595595
vn -0.0681411035580036 -0.623489801858733 0.778856377635861
vt 0.763888888888889 0.607142857142857
v 0.0132595979228028 -0.218221430650557 -0.0751989166350323
vn -0.135763612173208 -0.623489801858733 0.769953705483544
vt 0.777777777777778 0.607142857142857
v 0.0197631585826699 -0.218221430650557 -0.0737571119485652
vn -0.202352877723463 -0.623489801858733 0.755191220721739
vt 0.791666666666667 0.607142857142857
v 0.0261163096724016 -0.218221430650557 -0.0717539711044076
vn -0.267402115690236 -0.623489801858733 0.734681274773315
vt 0.805555555555556 0.607142857142857
v 0.0322706998760672 -0.218221430650557 -0.0692047392139132
vn -0.330416262094793 -0.623489801858733 0.708579960711184
vt 0.819444444444444 0.607142857142857
v 0.0381794905680947 -0.218221430650557 -0.0661288174710368
vn -0.390915741234015 -0.623489801858733 0.677085925295762
vt 0.833333333333333 0.607142857142857
v 0.0437977122834923 -0.218221430650557 -0.0625496154975341
vn -0.448440115541068 -0.623489801858733 0.64043885715318
vt 0.847222222222222 0.607142857142857
v 0.0490826069626308 -0.218221430650557 -0.0584943731816048
vn -0.502551589793308 -0.623489801858733 0.598917662600107
vt 0.861111111111111 0.607142857142857
v 0.0539939533658952 -0.218221430650557 -0.0539939533658952
vn -0.552838342998275 -0.623489801858733 0.552838342998276
vt 0.875 0.607142857142857
v 0.0584943731816048 -0.218221430650557 -0.0490826069626308
vn -0.598917662600107 -0.623489801858733 0.502551589793309
vt 0.888888888888889 0.607142857142857
v 0.0625496154975341 -0.218221430650557 -0.0437977122834923
vn -0.64043885715318 -0.623489801858733 0.448440115541068
vt 0.902777777777778 0.607142857142857
v 0.0661288174710368 -0.218221430650557 -0.0381794905680948
vn -0.677085925295762 -0.623489801858733 0.390915741234015
vt 0.916666666666667 0.607142857142857
v 0.0692047392139132 -0.218221430650557 -0.0322706998760672
vn -0.708579960711184 -0.623489801858733 0.330416262094793
vt 0.930555555555556 0.607142857142857
v 0.0717539711044076 -0.218221430650557 -0.0261163096724016
vn -0.734681274773315 -0.623489801858733 0.267402115690236
vt 0.944444444444444 0.607142857142857
v 0.0737571119485652 -0.218221430650557 -0.0197631585826699
vn -0.755191220721739 -0.623489801858733 0.202352877723464
vt 0.958333333333333 0.607142857142857
v 0.0751989166350323 -0.218221430650557 -0.0132595979228028
vn -0.769953705483544 -0.623489801858733 0.135763612173208
vt 0.972222222222222 0.607142857142857
v 0.0760684121595595 -0.218221430650557 -0.00665512371637902
vn -0.778856377635861 -0.623489801858733 0.068141103558004
vt 0.986111111111111 0.607142857142857
v 0.131778569349443 -0.27364101886381 0
vn -0.623489801858734 -0.78183148246803 0
vt 0 0.642857142857143
v 0.131277112108031 -0.27364101886381 0.0114852590898745
vn -0.621117234925944 -0.78183148246803 -0.0543407167765882
vt 0.0138888888888889 0.642857142857143
v 0.129776556776189 -0.27364101886381 0.022883108423086
vn -0.614017590794526 -0.78183148246803 -0.108267867886685
vt 0.0277777777777778 0.642857142857143
v 0.127288323486052 -0.27364101886381 0.0341068034839992
vn -0.602244902043205 -0.78183148246803 -0.161371035148237
vt 0.0416666666666667 0.642857142857143
v 0.123831349195396 -0.27364101886381 0.0450709251761481
vn -0.58588876594192 -0.78183148246803 -0.213246071393817
vt 0.0555555555555556 0.642857142857143
v 0.11943194356595 -0.27364101886381 0.0556920299131379
vn -0.565073662562508 -0.78183148246803 -0.263498176274591
vt 0.0694444444444444 0.642857142857143
v 0.114123588730987 -0.27364101886381 0.0658892846747216
vn -0.53995800741019 -0.78183148246803 -0.311744900929367
vt 0.0833333333333333 0.642857142857143
v 0.107946684476075 -0.27364101886381 0.0755850821948928
vn -0.51073294578592 -0.78183148246803 -0.357619058651352
vt 0.0972222222222222 0.642857142857143
v 0.10094824077231 -0.27364101886381 0.0847056316000404
vn -0.477620898055236 -0.78183148246803 -0.400771519400709
vt 0.111111111111111 0.642857142857143
v 0.093181520002053 -0.27364101886381 0.093181520002053
vn -0.440873866894967 -0.78183148246803 -0.440873866894967
vt 0.125 0.642857142857143
v 0.0847056316000404 -0.27364101886381 0.10094824077231
vn -0.400771519400709 -0.78183148246803 -0.477620898055236
vt 0.138888888888889 0.642857142857143
v 0.0755850821948928 -0.27364101886381 0.107946684476075
vn -0.357619058651352 -0.78183148246803 -0.51073294578592
vt 0.152777777777778 0.642857142857143
v 0.0658892846747216 -0.27364101886381 0.114123588730987
vn -0.311744900929367 -0.78183148246803 -0.53995800741019
vt 0.166666666666667 0.642857142857143
v 0.0556920299131379 -0.27364101886381 0.11943194356595
vn -0.263498176274591 -0.78183148246803 -0.565073662562508
vt 0.180555555555556 0.642857142857143
v 0.0450709251761481 -0.27364101886381 0.123831349195396
vn -0.213246071393817 -0.78183148246803 -0.58588876594192
vt 0.194444444444444 0.642857142857143
v 0.0341068034839992 -0.27364101886381 0.127288323486052
vn -0.161371035148237 -0.78183148246803 -0.602244902043205
vt 0.208333333333333 0.642857142857143
v 0.022883108423086 -0.27364101886381 0.129776556776189
vn -0.108267867886685 -0.78183148246803 -0.614017590794526
vt 0.222222222222222 0.642857142857143
v 0.0114852590898745 -0.27364101886381 0.131277112108031
vn -0.0543407167765883 -0.78183148246803 -0.621117234925944
vt 0.236111111111111 0.642857142857143
v 8.06884366614754E-18 -0.27364101886381 0.131778569349443
vn -3.8176478644983E-17 -0.78183148246803 -0.623489801858734
vt 0.25 0.642857142857143
v -0.0114852590898745 -0.27364101886381 0.131277112108031
vn 0.0543407167765882 -0.78183148246803 -0.621117234925944
vt 0.263888888888889 0.642857142857143
v -0.022883108423086 -0.27364101886381 0.129776556776189
vn 0.108267867886685 -0.78183148246803 -0.614017590794526
vt 0.277777777777778 0.642857142857143
v -0.0341068034839992 -0.27364101886381 0.127288323486052
vn 0.161371035148237 -0.78183148246803 -0.602244902043205
vt 0.291666666666667 0.642857142857143
v -0.0450709251761481 -0.27364101886381 0.123831349195396
vn 0.213246071393817 -0.78183148246803 -0.58588876594192
vt 0.305555555555556 0.642857142857143
v -0.0556920299131379 -0.27364101886381 0.11943194356595
vn 0.263498176274591 -0.78183148246803 -0.565073662562508
vt 0.319444444444444 0.642857142857143
v -0.0658892846747216 -0.27364101886381 0.114123588730987
vn 0.311744900929367 -0.78183148246803 -0.53995800741019
vt 0.333333333333333 0.642857142857143
v -0.0755850821948928 -0.27364101886381 0.107946684476075
vn 0.357619058651352 -0.78183148246803 -0.51073294578592
vt 0.347222222222222 0.642857142857143
v -0.0847056316000404 -0.27364101886381 0.10094824077231
vn 0.400771519400709 -0.78183148246803 -0.477620898055236
vt 0.361111111111111 0.642857142857143
v -0.093181520002053 -0.27364101886381 0.093181520002053
vn 0.440873866894967 -0.78183148246803 -0.440873866894967
vt 0.375 0.642857142857143
v -0.10094824077231 -0.27364101886381 0.0847056316000405
vn 0.477620898055236 -0.78183148246803 -0.40077151940071
vt 0.388888888888889 0.642857142857143
v -0.107946684476075 -0.27364101886381 0.0755850821948928
vn 0.51073294578592 -0.78183148246803 -0.357619058651352
vt 0.402777777777778 0.642857142857143
v -0.114123588730987 -0.27364101886381 0.0658892846747216
vn 0.53995800741019 -0.78183148246803 -0.311744900929367
vt 0.416666666666667 0.642857142857143
v -0.11943194356595 -0.27364101886381 0.0556920299131379
vn 0.565073662562508 -0.78183148246803 -0.263498176274591
vt 0.430555555555556 0.642857142857143
v -0.123831349195396 -0.27364101886381 0.0450709251761481
vn 0.58588876594192 -0.78183148246803 -0.213246071393817
vt 0.444444444444444 0.642857142857143
v -0.127288323486052 -0.27364101886381 0.0341068034839992
vn 0.602244902043205 -0.78183148246803 -0.161371035148238
vt 0.458333333333333 0.642857142857143
v -0.129776556776189 -0.27364101886381 0.0228831084230861
vn 0.614017590794526 -0.78183148246803 -0.108267867886685
vt 0.472222222222222 0.642857142857143
v -0.131277112108031 -0.27364101886381 0.0114852590898745
vn 0.621117234925944 -0.78183148246803 -0.0543407167765882
vt 0.486111111111111 0.642857142857143
v -0.131778569349443 -0.27364101886381 1.61376873322951E-17
vn 0.623489801858734 -0.78183148246803 -7.6352957289966E-17
vt 0.5 0.642857142857143
v -0.131277112108031 -0.27364101886381 -0.0114852590898745
vn 0.621117234925944 -0.78183148246803 0.054340716776588
vt 0.513888888888889 0.642857142857143
v -0.129776556776189 -0.27364101886381 -0.022883108423086
vn 0.614017590794526 -0.78183148246803 0.108267867886685
vt 0.527777777777778 0.642857142857143
v -0.127288323486052 -0.27364101886381 -0.0341068034839991
vn 0.602244902043205 -0.78183148246803 0.161371035148237
vt 0.541666666666667 0.642857142857143
v -0.123831349195396 -0.27364101886381 -0.0450709251761481
vn 0.58588876594192 -0.78183148246803 0.213246071393817
vt 0.555555555555556 0.642857142857143
v -0.11943194356595 -0.27364101886381 -0.0556920299131379
vn 0.565073662562508 -0.78183148246803 0.263498176274591
vt 0.569444444444444 0.642857142857143
v -0.114123588730987 -0.27364101886381 -0.0658892846747216
vn 0.53995800741019 -0.78183148246803 0.311744900929367
vt 0.583333333333333 0.642857142857143
v -0.107946684476075 -0.27364101886381 -0.0755850821948928
vn 0.51073294578592 -0.78183148246803 0.357619058651352
vt 0.597222222222222 0.642857142857143
v -0.10094824077231 -0.27364101886381 -0.0847056316000404
vn 0.477620898055236 -0.78183148246803 0.400771519400709
vt 0.611111111111111 0.642857142857143
v -0.093181520002053 -0.27364101886381 -0.093181520002053
vn 0.440873866894968 -0.78183148246803 0.440873866894967
vt 0.625 0.642857142857143
v -0.0847056316000405 -0.27364101886381 -0.10094824077231
vn 0.40077151940071 -0.78183148246803 0.477620898055236
vt 0.638888888888889 0.642857142857143
v -0.0755850821948928 -0.27364101886381 -0.107946684476075
vn 0.357619058651353 -0.78183148246803 0.51073294578592
vt 0.652777777777778 0.642857142857143
v -0.0658892846747216 -0.27364101886381 -0.114123588730987
vn 0.311744900929367 -0.78183148246803 0.539958007410189
vt 0.666666666666667 0.642857142857143
v -0.0556920299131379 -0.27364101886381 -0.11943194356595
vn 0.263498176274591 -0.78183148246803 0.565073662562508
vt 0.680555555555556 0.642857142857143
v -0.0450709251761482 -0.27364101886381 -0.123831349195396
vn 0.213246071393817 -0.78183148246803 0.58588876594192
vt 0.694444444444444 0.642857142857143
v -0.0341068034839992 -0.27364101886381 -0.127288323486052
vn 0.161371035148237 -0.78183148246803 0.602244902043205
vt 0.708333333333333 0.642857142857143
v -0.022883108423086 -0.27364101886381 -0.129776556776189
vn 0.108267867886685 -0.78183148246803 0.614017590794526
vt 0.722222222222222 0.642857142857143
v -0.0114852590898745 -0.27364101886381 -0.131277112108031
vn 0.0543407167765882 -0.78183148246803 0.621117234925944
vt 0.736111111111111 0.642857142857143
v -2.42065309984426E-17 -0.27364101886381 -0.131778569349443
vn 1.14529435934949E-16 -0.78183148246803 0.623489801858734
vt 0.75 0.642857142857143
v 0.0114852590898745 -0.27364101886381 -0.131277112108031
vn -0.054340716776588 -0.78183148246803 0.621117234925944
vt 0.763888888888889 0.642857142857143
v 0.022883108423086 -0.27364101886381 -0.129776556776189
vn -0.108267867886684 -0.78183148246803 0.614017590794526
vt 0.777777777777778 0.642857142857143
v 0.0341068034839991 -0.27364101886381 -0.127288323486052
vn -0.161371035148237 -0.78183148246803 0.602244902043205
vt 0.791666666666667 0.642857142857143
v 0.0450709251761482 -0.27364101886381 -0.123831349195396
vn -0.213246071393817 -0.78183148246803 0.58588876594192
vt 0.805555555555556 0.642857142857143
v 0.0556920299131378 -0.27364101886381 -0.11943194356595
vn -0.263498176274591 -0.78183148246803 0.565073662562508
vt 0.819444444444444 0.642857142857143
v 0.0658892846747216 -0.27364101886381 -0.114123588730987
vn -0.311744900929367 -0.78183148246803 0.53995800741019
vt 0.833333333333333 0.642857142857143
v 0.0755850821948928 -0.27364101886381 -0.107946684476075
vn -0.357619058651352 -0.78183148246803 0.51073294578592
vt 0.847222222222222 0.642857142857143
v 0.0847056316000404 -0.27364101886381 -0.10094824077231
vn -0.400771519400709 -0.78183148246803 0.477620898055236
vt 0.861111111111111 0.642857142857143
v 0.093181520002053 -0.27364101886381 -0.093181520002053
vn -0.440873866894967 -0.78183148246803 0.440873866894968
vt 0.875 0.642857142857143
v 0.10094824077231 -0.27364101886381 -0.0847056316000405
vn -0.477620898055235 -0.78183148246803 0.40077151940071
vt 0.888888888888889 0.642857142857143
v 0.107946684476075 -0.27364101886381 -0.0755850821948929
vn -0.51073294578592 -0.78183148246803 0.357619058651353
vt 0.902777777777778 0.642857142857143
v 0.114123588730987 -0.27364101886381 -0.0658892846747216
vn -0.539958007410189 -0.78183148246803 0.311744900929367
vt 0.916666666666667 0.642857142857143
v 0.11943194356595 -0.27364101886381 -0.0556920299131379
vn -0.565073662562508 -0.78183148246803 0.263498176274591
vt 0.930555555555556 0.642857142857143
v 0.123831349195396 -0.27364101886381 -0.0450709251761482
vn -0.58588876594192 -0.78183148246803 0.213246071393817
vt 0.944444444444444 0.642857142857143
v 0.127288323486052 -0.27364101886381 -0.0341068034839992
vn -0.602244902043205 -0.78183148246803 0.161371035148237
vt 0.958333333333333 0.642857142857143
v 0.129776556776189 -0.27364101886381 -0.022883108423086
vn -0.614017590794526 -0.78183148246803 0.108267867886685
vt 0.972222222222222 0.642857142857143
v 0.131277112108031 -0.27364101886381 -0.0114852590898745
vn -0.621117234925944 -0.78183148246803 0.0543407167765882
vt 0.986111111111111 0.642857142857143
v 0.198140691308855 -0.315339103765847 0
vn -0.433883739117558 -0.900968867902419 0
vt 0 0.678571428571429
v 0.197386706158114 -0.315339103765847 0.0172690991195577
vn -0.432232680497134 -0.900968867902419 -0.0378154595489219
vt 0.0138888888888889 0.678571428571429
v 0.195130488988159 -0.315339103765847 0.0344067699674484
vn -0.427292070188898 -0.900968867902419 -0.0753431206170778
vt 0.0277777777777778 0.678571428571429
v 0.191389210973993 -0.315339103765847 0.0512825845205111
vn -0.419099509220518 -0.900968867902419 -0.112297375043918
vt 0.0416666666666667 0.678571428571429
v 0.186191345500349 -0.315339103765847 0.0677681076401015
vn -0.407717347927768 -0.900968867902419 -0.148396978639664
vt 0.0555555555555556 0.678571428571429
v 0.17957645146204 -0.315339103765847 0.0837378745410486
vn -0.393232211430821 -0.900968867902419 -0.183367191623418
vt 0.0694444444444444 0.678571428571429
v 0.171594872196879 -0.315339103765847 0.0990703456544273
vn -0.375754340364785 -0.900968867902419 -0.216941869558779
vt 0.0833333333333333 0.678571428571429
v 0.162307352342482 -0.315339103765847 0.113648831617066
vn -0.355416751881899 -0.900968867902419 -0.248865488873716
vt 0.0972222222222222 0.678571428571429
v 0.151784575532901 -0.315339103765847 0.127362381348057
vn -0.33237422731069 -0.900968867902419 -0.278895091549233
vt 0.111111111111111 0.678571428571429
v 0.140106626453482 -0.315339103765847 0.140106626453481
vn -0.3068021341766 -0.900968867902419 -0.3068021341766
vt 0.125 0.678571428571429
v 0.127362381348057 -0.315339103765847 0.151784575532901
vn -0.278895091549233 -0.900968867902419 -0.33237422731069
vt 0.138888888888889 0.678571428571429
v 0.113648831617066 -0.315339103765847 0.162307352342482
vn -0.248865488873716 -0.900968867902419 -0.355416751881899
vt 0.152777777777778 0.678571428571429
v 0.0990703456544273 -0.315339103765847 0.171594872196879
vn -0.216941869558779 -0.900968867902419 -0.375754340364785
vt 0.166666666666667 0.678571428571429
v 0.0837378745410486 -0.315339103765847 0.17957645146204
vn -0.183367191623418 -0.900968867902419 -0.393232211430821
vt 0.180555555555556 0.678571428571429
v 0.0677681076401015 -0.315339103765847 0.186191345500349
vn -0.148396978639664 -0.900968867902419 -0.407717347927768
vt 0.194444444444444 0.678571428571429
v 0.0512825845205111 -0.315339103765847 0.191389210973993
vn -0.112297375043918 -0.900968867902419 -0.419099509220518
vt 0.208333333333333 0.678571428571429
v 0.0344067699674484 -0.315339103765847 0.195130488988159
vn -0.0753431206170778 -0.900968867902419 -0.427292070188898
vt 0.222222222222222 0.678571428571429
v 0.0172690991195577 -0.315339103765847 0.197386706158114
vn -0.037815459548922 -0.900968867902419 -0.432232680497134
vt 0.236111111111111 0.678571428571429
v 1.21322174763791E-17 -0.315339103765847 0.198140691308855
vn -2.65668391871786E-17 -0.900968867902419 -0.433883739117558
vt 0.25 0.678571428571429
v -0.0172690991195577 -0.315339103765847 0.197386706158114
vn 0.037815459548922 -0.900968867902419 -0.432232680497134
vt 0.263888888888889 0.678571428571429
v -0.0344067699674484 -0.315339103765847 0.195130488988159
vn 0.0753431206170778 -0.900968867902419 -0.427292070188898
vt 0.277777777777778 0.678571428571429
v -0.0512825845205111 -0.315339103765847 0.191389210973993
vn 0.112297375043918 -0.900968867902419 -0.419099509220518
vt 0.291666666666667 0.678571428571429
v -0.0677681076401015 -0.315339103765847 0.186191345500349
vn 0.148396978639664 -0.900968867902419 -0.407717347927768
vt 0.305555555555556 0.678571428571429
v -0.0837378745410486 -0.315339103765847 0.17957645146204
vn 0.183367191623418 -0.900968867902419 -0.393232211430821
vt 0.319444444444444 0.678571428571429
v -0.0990703456544273 -0.315339103765847 0.171594872196879
vn 0.216941869558779 -0.900968867902419 -0.375754340364785
vt 0.333333333333333 0.678571428571429
v -0.113648831617065 -0.315339103765847 0.162307352342482
vn 0.248865488873716 -0.900968867902419 -0.3554167518819
vt 0.347222222222222 0.678571428571429
v -0.127362381348057 -0.315339103765847 0.151784575532901
vn 0.278895091549233 -0.900968867902419 -0.33237422731069
vt 0.361111111111111 0.678571428571429
v -0.140106626453481 -0.315339103765847 0.140106626453482
vn 0.3068021341766 -0.900968867902419 -0.3068021341766
vt 0.375 0.678571428571429
v -0.151784575532901 -0.315339103765847 0.127362381348057
vn 0.33237422731069 -0.900968867902419 -0.278895091549233
vt 0.388888888888889 0.678571428571429
v -0.162307352342482 -0.315339103765847 0.113648831617065
vn 0.3554167518819 -0.900968867902419 -0.248865488873716
vt 0.402777777777778 0.678571428571429
v -0.171594872196879 -0.315339103765847 0.0990703456544273
vn 0.375754340364785 -0.900968867902419 -0.216941869558779
vt 0.416666666666667 0.678571428571429
v -0.17957645146204 -0.315339103765847 0.0837378745410487
vn 0.393232211430821 -0.900968867902419 -0.183367191623418
vt 0.430555555555556 0.678571428571429
v -0.186191345500349 -0.315339103765847 0.0677681076401016
vn 0.407717347927768 -0.900968867902419 -0.148396978639664
vt 0.444444444444444 0.678571428571429
v -0.191389210973993 -0.315339103765847 0.0512825845205111
vn 0.419099509220518 -0.900968867902419 -0.112297375043918
vt 0.458333333333333 0.678571428571429
v -0.195130488988159 -0.315339103765847 0.0344067699674485
vn 0.427292070188898 -0.900968867902419 -0.075343120617078
vt 0.472222222222222 0.678571428571429
v -0.197386706158114 -0.315339103765847 0.0172690991195577
vn 0.432232680497134 -0.900968867902419 -0.037815459548922
vt 0.486111111111111 0.678571428571429
v -0.198140691308855 -0.315339103765847 2.42644349527582E-17
vn 0.433883739117558 -0.900968867902419 -5.31336783743573E-17
vt 0.5 0.678571428571429
v -0.197386706158114 -0.315339103765847 -0.0172690991195576
vn 0.432232680497134 -0.900968867902419 0.0378154595489218
vt 0.513888888888889 0.678571428571429
v -0.195130488988159 -0.315339103765847 -0.0344067699674484
vn 0.427292070188898 -0.900968867902419 0.0753431206170779
vt 0.527777777777778 0.678571428571429
v -0.191389210973993 -0.315339103765847 -0.051282584520511
vn 0.419099509220518 -0.900968867902419 0.112297375043917
vt 0.541666666666667 0.678571428571429
v -0.186191345500349 -0.315339103765847 -0.0677681076401015
vn 0.407717347927768 -0.900968867902419 0.148396978639664
vt 0.555555555555556 0.678571428571429
v -0.17957645146204 -0.315339103765847 -0.0837378745410486
vn 0.393232211430821 -0.900968867902419 0.183367191623418
vt 0.569444444444444 0.678571428571429
v -0.171594872196879 -0.315339103765847 -0.0990703456544273
vn 0.375754340364785 -0.900968867902419 0.216941869558779
vt 0.583333333333333 0.678571428571429
v -0.162307352342482 -0.315339103765847 -0.113648831617065
vn 0.3554167518819 -0.900968867902419 0.248865488873716
vt 0.597222222222222 0.678571428571429
v -0.151784575532901 -0.315339103765847 -0.127362381348057
vn 0.33237422731069 -0.900968867902419 0.278895091549233
vt 0.611111111111111 0.678571428571429
v -0.140106626453482 -0.315339103765847 -0.140106626453481
vn 0.3068021341766 -0.900968867902419 0.3068021341766
vt 0.625 0.678571428571429
v -0.127362381348057 -0.315339103765847 -0.151784575532901
vn 0.278895091549233 -0.900968867902419 0.33237422731069
vt 0.638888888888889 0.678571428571429
v -0.113648831617066 -0.315339103765847 -0.162307352342482
vn 0.248865488873716 -0.900968867902419 0.355416751881899
vt 0.652777777777778 0.678571428571429
v -0.0990703456544274 -0.315339103765847 -0.171594872196879
vn 0.216941869558779 -0.900968867902419 0.375754340364785
vt 0.666666666666667 0.678571428571429
v -0.0837378745410486 -0.315339103765847 -0.17957645146204
vn 0.183367191623417 -0.900968867902419 0.393232211430821
vt 0.680555555555556 0.678571428571429
v -0.0677681076401017 -0.315339103765847 -0.186191345500349
vn 0.148396978639665 -0.900968867902419 0.407717347927768
vt 0.694444444444444 0.678571428571429
v -0.0512825845205111 -0.315339103765847 -0.191389210973993
vn 0.112297375043918 -0.900968867902419 0.419099509220518
vt 0.708333333333333 0.678571428571429
v -0.0344067699674484 -0.315339103765847 -0.195130488988159
vn 0.0753431206170778 -0.900968867902419 0.427292070188898
vt 0.722222222222222 0.678571428571429
v -0.0172690991195577 -0.315339103765847 -0.197386706158114
vn 0.037815459548922 -0.900968867902419 0.432232680497134
vt 0.736111111111111 0.678571428571429
v -3.63966524291372E-17 -0.315339103765847 -0.198140691308855
vn 7.97005175615359E-17 -0.900968867902419 0.433883739117558
vt 0.75 0.678571428571429
v 0.0172690991195576 -0.315339103765847 -0.197386706158114
vn -0.0378154595489218 -0.900968867902419 0.432232680497134
vt 0.763888888888889 0.678571428571429
v 0.0344067699674483 -0.315339103765847 -0.195130488988159
vn -0.0753431206170777 -0.900968867902419 0.427292070188898
vt 0.777777777777778 0.678571428571429
v 0.051282584520511 -0.315339103765847 -0.191389210973993
vn -0.112297375043917 -0.900968867902419 0.419099509220518
vt 0.791666666666667 0.678571428571429
v 0.0677681076401016 -0.315339103765847 -0.186191345500349
vn -0.148396978639664 -0.900968867902419 0.407717347927768
vt 0.805555555555556 0.678571428571429
v 0.0837378745410485 -0.315339103765847 -0.17957645146204
vn -0.183367191623417 -0.900968867902419 0.393232211430822
vt 0.819444444444444 0.678571428571429
v 0.0990703456544273 -0.315339103765847 -0.171594872196879
vn -0.216941869558779 -0.900968867902419 0.375754340364785
vt 0.833333333333333 0.678571428571429
v 0.113648831617066 -0.315339103765847 -0.162307352342482
vn -0.248865488873716 -0.900968867902419 0.355416751881899
vt 0.847222222222222 0.678571428571429
v 0.127362381348057 -0.315339103765847 -0.151784575532901
vn -0.278895091549233 -0.900968867902419 0.33237422731069
vt 0.861111111111111 0.678571428571429
v 0.140106626453481 -0.315339103765847 -0.140106626453482
vn -0.3068021341766 -0.900968867902419 0.3068021341766
vt 0.875 0.678571428571429
v 0.151784575532901 -0.315339103765847 -0.127362381348057
vn -0.33237422731069 -0.900968867902419 0.278895091549233
vt 0.888888888888889 0.678571428571429
v 0.162307352342482 -0.315339103765847 -0.113648831617066
vn -0.355416751881899 -0.900968867902419 0.248865488873716
vt 0.902777777777778 0.678571428571429
v 0.171594872196879 -0.315339103765847 -0.0990703456544274
vn -0.375754340364785 -0.900968867902419 0.216941869558779
vt 0.916666666666667 0.678571428571429
v 0.17957645146204 -0.315339103765847 -0.0837378745410486
vn -0.393232211430821 -0.900968867902419 0.183367191623417
vt 0.930555555555556 0.678571428571429
v 0.186191345500349 -0.315339103765847 -0.0677681076401017
vn -0.407717347927768 -0.900968867902419 0.148396978639665
vt 0.944444444444444 0.678571428571429
v 0.191389210973993 -0.315339103765847 -0.0512825845205111
vn -0.419099509220518 -0.900968867902419 0.112297375043918
vt 0.958333333333333 0.678571428571429
v 0.195130488988159 -0.315339103765847 -0.0344067699674484
vn -0.427292070188898 -0.900968867902419 0.0753431206170778
vt 0.972222222222222 0.678571428571429
v 0.197386706158114 -0.315339103765847 -0.0172690991195577
vn -0.432232680497134 -0.900968867902419 0.037815459548922
vt 0.986111111111111 0.678571428571429
v 0.27211767311529 -0.341224769263638 0
vn -0.222520933956315 -0.974927912181824 0
vt 0 0.714285714285714
v 0.271082183214514 -0.341224769263638 0.0237166179151275
vn -0.221674174621704 -0.974927912181824 -0.0193939772758652
vt 0.0138888888888889 0.714285714285714
v 0.267983594215579 -0.341224769263638 0.0472527380474355
vn -0.219140340967696 -0.974927912181824 -0.0386403546742574
vt 0.0277777777777778 0.714285714285714
v 0.262845488251745 -0.341224769263638 0.0704292363112192
vn -0.214938716998368 -0.974927912181824 -0.0575926556418944
vt 0.0416666666666667 0.714285714285714
v 0.25570696941187 -0.341224769263638 0.0930697255603389
vn -0.209101279609137 -0.974927912181824 -0.0761066417247004
vt 0.0555555555555556 0.714285714285714
v 0.246622366134681 -0.341224769263638 0.115001898000908
vn -0.201672455223276 -0.974927912181824 -0.0940414103095347
vt 0.0694444444444444 0.714285714285714
v 0.235660817736551 -0.341224769263638 0.136058836557645
vn -0.192708781680008 -0.974927912181824 -0.111260466978157
vt 0.0833333333333333 0.714285714285714
v 0.222905748219553 -0.341224769263638 0.156080285213607
vn -0.182278477947411 -0.974927912181824 -0.127632764312169
vt 0.0972222222222222 0.714285714285714
v 0.208454231364434 -0.341224769263638 0.17491386865524
vn -0.17046092493488 -0.974927912181824 -0.143033699242996
vt 0.111111111111111 0.714285714285714
v 0.192416251940526 -0.341224769263638 0.192416251940526
vn -0.157346061356474 -0.974927912181824 -0.157346061356474
vt 0.125 0.714285714285714
v 0.17491386865524 -0.341224769263638 0.208454231364434
vn -0.143033699242996 -0.974927912181824 -0.17046092493488
vt 0.138888888888889 0.714285714285714
v 0.156080285213607 -0.341224769263638 0.222905748219553
vn -0.127632764312169 -0.974927912181824 -0.182278477947411
vt 0.152777777777778 0.714285714285714
v 0.136058836557645 -0.341224769263638 0.235660817736551
vn -0.111260466978157 -0.974927912181824 -0.192708781680008
vt 0.166666666666667 0.714285714285714
v 0.115001898000908 -0.341224769263638 0.246622366134681
vn -0.0940414103095347 -0.974927912181824 -0.201672455223276
vt 0.180555555555556 0.714285714285714
v 0.0930697255603389 -0.341224769263638 0.25570696941187
vn -0.0761066417247004 -0.974927912181824 -0.209101279609137
vt 0.194444444444444 0.714285714285714
v 0.0704292363112192 -0.341224769263638 0.262845488251745
vn -0.0575926556418944 -0.974927912181824 -0.214938716998368
vt 0.208333333333333 0.714285714285714
v 0.0472527380474356 -0.341224769263638 0.267983594215579
vn -0.0386403546742574 -0.974927912181824 -0.219140340967696
vt 0.222222222222222 0.714285714285714
v 0.0237166179151276 -0.341224769263638 0.271082183214514
vn -0.0193939772758652 -0.974927912181824 -0.221674174621704
vt 0.236111111111111 0.714285714285714
v 1.66618515742172E-17 -0.341224769263638 0.27211767311529
vn -1.36250274790696E-17 -0.974927912181824 -0.222520933956315
vt 0.25 0.714285714285714
v -0.0237166179151276 -0.341224769263638 0.271082183214514
vn 0.0193939772758652 -0.974927912181824 -0.221674174621704
vt 0.263888888888889 0.714285714285714
v -0.0472527380474355 -0.341224769263638 0.267983594215579
vn 0.0386403546742574 -0.974927912181824 -0.219140340967696
vt 0.277777777777778 0.714285714285714
v -0.0704292363112192 -0.341224769263638 0.262845488251745
vn 0.0575926556418944 -0.974927912181824 -0.214938716998368
vt 0.291666666666667 0.714285714285714
v -0.0930697255603389 -0.341224769263638 0.25570696941187
vn 0.0761066417247004 -0.974927912181824 -0.209101279609137
vt 0.305555555555556 0.714285714285714
v -0.115001898000908 -0.341224769263638 0.246622366134681
vn 0.0940414103095346 -0.974927912181824 -0.201672455223276
vt 0.319444444444444 0.714285714285714
v -0.136058836557645 -0.341224769263638 0.235660817736551
vn 0.111260466978157 -0.974927912181824 -0.192708781680008
vt 0.333333333333333 0.714285714285714
v -0.156080285213607 -0.341224769263638 0.222905748219553
vn 0.127632764312169 -0.974927912181824 -0.182278477947411
vt 0.347222222222222 0.714285714285714
v -0.17491386865524 -0.341224769263638 0.208454231364434
vn 0.143033699242996 -0.974927912181824 -0.17046092493488
vt 0.361111111111111 0.714285714285714
v -0.192416251940526 -0.341224769263638 0.192416251940526
vn 0.157346061356474 -0.974927912181824 -0.157346061356474
vt 0.375 0.714285714285714
v -0.208454231364434 -0.341224769263638 0.17491386865524
vn 0.17046092493488 -0.974927912181824 -0.143033699242996
vt 0.388888888888889 0.714285714285714
v -0.222905748219553 -0.341224769263638 0.156080285213607
vn 0.182278477947411 -0.974927912181824 -0.127632764312169
vt 0.402777777777778 0.714285714285714
v -0.235660817736551 -0.341224769263638 0.136058836557645
vn 0.192708781680008 -0.974927912181824 -0.111260466978157
vt 0.416666666666667 0.714285714285714
v -0.246622366134681 -0.341224769263638 0.115001898000908
vn 0.201672455223276 -0.974927912181824 -0.0940414103095347
vt 0.430555555555556 0.714285714285714
v -0.25570696941187 -0.341224769263638 0.093069725560339
vn 0.209101279609137 -0.974927912181824 -0.0761066417247004
vt 0.444444444444444 0.714285714285714
v -0.262845488251745 -0.341224769263638 0.0704292363112193
vn 0.214938716998368 -0.974927912181824 -0.0575926556418945
vt 0.458333333333333 0.714285714285714
v -0.267983594215579 -0.341224769263638 0.0472527380474356
vn 0.219140340967696 -0.974927912181824 -0.0386403546742575
vt 0.472222222222222 0.714285714285714
v -0.271082183214514 -0.341224769263638 0.0237166179151275
vn 0.221674174621704 -0.974927912181824 -0.0193939772758652
vt 0.486111111111111 0.714285714285714
v -0.27211767311529 -0.341224769263638 3.33237031484345E-17
vn 0.222520933956315 -0.974927912181824 -2.72500549581392E-17
vt 0.5 0.714285714285714
v -0.271082183214514 -0.341224769263638 -0.0237166179151275
vn 0.221674174621704 -0.974927912181824 0.0193939772758651
vt 0.513888888888889 0.714285714285714
v -0.267983594215579 -0.341224769263638 -0.0472527380474356
vn 0.219140340967696 -0.974927912181824 0.0386403546742574
vt 0.527777777777778 0.714285714285714
v -0.262845488251745 -0.341224769263638 -0.0704292363112191
vn 0.214938716998368 -0.974927912181824 0.0575926556418943
vt 0.541666666666667 0.714285714285714
v -0.25570696941187 -0.341224769263638 -0.0930697255603389
vn 0.209101279609137 -0.974927912181824 0.0761066417247004
vt 0.555555555555556 0.714285714285714
v -0.246622366134681 -0.341224769263638 -0.115001898000908
vn 0.201672455223276 -0.974927912181824 0.0940414103095346
vt 0.569444444444444 0.714285714285714
v -0.235660817736551 -0.341224769263638 -0.136058836557645
vn 0.192708781680008 -0.974927912181824 0.111260466978157
vt 0.583333333333333 0.714285714285714
v -0.222905748219553 -0.341224769263638 -0.156080285213607
vn 0.182278477947411 -0.974927912181824 0.127632764312169
vt 0.597222222222222 0.714285714285714
v -0.208454231364434 -0.341224769263638 -0.17491386865524
vn 0.17046092493488 -0.974927912181824 0.143033699242996
vt 0.611111111111111 0.714285714285714
v -0.192416251940526 -0.341224769263638 -0.192416251940526
vn 0.157346061356474 -0.974927912181824 0.157346061356474
vt 0.625 0.714285714285714
v -0.17491386865524 -0.341224769263638 -0.208454231364434
vn 0.143033699242996 -0.974927912181824 0.17046092493488
vt 0.638888888888889 0.714285714285714
v -0.156080285213607 -0.341224769263638 -0.222905748219553
vn 0.127632764312169 -0.974927912181824 0.182278477947411
vt 0.652777777777778 0.714285714285714
v -0.136058836557645 -0.341224769263638 -0.235660817736551
vn 0.111260466978157 -0.974927912181824 0.192708781680008
vt 0.666666666666667 0.714285714285714
v -0.115001898000908 -0.341224769263638 -0.246622366134681
vn 0.0940414103095346 -0.974927912181824 0.201672455223276
vt 0.680555555555556 0.714285714285714
v -0.0930697255603391 -0.341224769263638 -0.25570696941187
vn 0.0761066417247005 -0.974927912181824 0.209101279609137
vt 0.694444444444444 0.714285714285714
v -0.0704292363112192 -0.341224769263638 -0.262845488251745
vn 0.0575926556418944 -0.974927912181824 0.214938716998368
vt 0.708333333333333 0.714285714285714
v -0.0472527380474355 -0.341224769263638 -0.267983594215579
vn 0.0386403546742574 -0.974927912181824 0.219140340967696
vt 0.722222222222222 0.714285714285714
v -0.0237166179151276 -0.341224769263638 -0.271082183214514
vn 0.0193939772758652 -0.974927912181824 0.221674174621704
vt 0.736111111111111 0.714285714285714
v -4.99855547226517E-17 -0.341224769263638 -0.27211767311529
vn 4.08750824372089E-17 -0.974927912181824 0.222520933956315
vt 0.75 0.714285714285714
v 0.0237166179151275 -0.341224769263638 -0.271082183214514
vn -0.0193939772758651 -0.974927912181824 0.221674174621704
vt 0.763888888888889 0.714285714285714
v 0.0472527380474354 -0.341224769263638 -0.267983594215579
vn -0.0386403546742573 -0.974927912181824 0.219140340967696
vt 0.777777777777778 0.714285714285714
v 0.0704292363112191 -0.341224769263638 -0.262845488251745
vn -0.0575926556418943 -0.974927912181824 0.214938716998368
vt 0.791666666666667 0.714285714285714
v 0.093069725560339 -0.341224769263638 -0.25570696941187
vn -0.0761066417247004 -0.974927912181824 0.209101279609137
vt 0.805555555555556 0.714285714285714
v 0.115001898000908 -0.341224769263638 -0.246622366134681
vn -0.0940414103095345 -0.974927912181824 0.201672455223276
vt 0.819444444444444 0.714285714285714
v 0.136058836557645 -0.341224769263638 -0.235660817736551
vn -0.111260466978157 -0.974927912181824 0.192708781680008
vt 0.833333333333333 0.714285714285714
v 0.156080285213607 -0.341224769263638 -0.222905748219553
vn -0.127632764312169 -0.974927912181824 0.182278477947411
vt 0.847222222222222 0.714285714285714
v 0.17491386865524 -0.341224769263638 -0.208454231364434
vn -0.143033699242996 -0.974927912181824 0.17046092493488
vt 0.861111111111111 0.714285714285714
v 0.192416251940526 -0.341224769263638 -0.192416251940526
vn -0.157346061356474 -0.974927912181824 0.157346061356474
vt 0.875 0.714285714285714
v 0.208454231364434 -0.341224769263638 -0.17491386865524
vn -0.17046092493488 -0.974927912181824 0.143033699242996
vt 0.888888888888889 0.714285714285714
v 0.222905748219553 -0.341224769263638 -0.156080285213607
vn -0.182278477947411 -0.974927912181824 0.127632764312169
vt 0.902777777777778 0.714285714285714
v 0.235660817736551 -0.341224769263638 -0.136058836557645
vn -0.192708781680008 -0.974927912181824 0.111260466978157
vt 0.916666666666667 0.714285714285714
v 0.246622366134681 -0.341224769263638 -0.115001898000908
vn -0.201672455223276 -0.974927912181824 0.0940414103095346
vt 0.930555555555556 0.714285714285714
v 0.25570696941187 -0.341224769263638 -0.0930697255603391
vn -0.209101279609137 -0.974927912181824 0.0761066417247005
vt 0.944444444444444 0.714285714285714
v 0.262845488251745 -0.341224769263638 -0.0704292363112192
vn -0.214938716998368 -0.974927912181824 0.0575926556418944
vt 0.958333333333333 0.714285714285714
v 0.267983594215579 -0.341224769263638 -0.0472527380474355
vn -0.219140340967696 -0.974927912181824 0.0386403546742574
vt 0.972222222222222 0.714285714285714
v 0.271082183214514 -0.341224769263638 -0.0237166179151276
vn -0.221674174621704 -0.974927912181824 0.0193939772758652
vt 0.986111111111111 0.714285714285714
v 0.35 -0.35 0
vn -1.83690953073357E-16 -1 0
vt 0 0.75
v 0.348668144332111 -0.35 0.0305045099616804
vn -1.82991953539097E-16 -1 -1.60097214511336E-17
vt 0.0138888888888889 0.75
v 0.344682713554273 -0.35 0.0607768621834256
vn -1.80900274744843E-16 -1 -3.189759925509E-17
vt 0.0277777777777778 0.75
v 0.338074039201174 -0.35 0.0905866657858822
vn -1.77431835629208E-16 -1 -4.75427170684181E-17
vt 0.0416666666666667 0.75
v 0.328892417275068 -0.35 0.119707050163984
vn -1.72613033108164E-16 -1 -6.28260060977781E-17
vt 0.0555555555555556 0.75
v 0.317207725462827 -0.35 0.147916391609245
vn -1.66480541178567E-16 -1 -7.76311512853543E-17
vt 0.0694444444444444 0.75
v 0.303108891324553 -0.35 0.175
vn -1.59081031806902E-16 -1 -9.18454765366783E-17
vt 0.0833333333333333 0.75
v 0.286703215501147 -0.35 0.200751752722866
vn -1.50470819727433E-16 -1 -1.05360802253743E-16
vt 0.0972222222222222 0.75
v 0.268115555091642 -0.35 0.224975663390289
vn -1.40715433853074E-16 -1 -1.18074268647065E-16
vt 0.111111111111111 0.75
v 0.247487373415292 -0.35 0.247487373415292
vn -1.2988911856079E-16 -1 -1.2988911856079E-16
vt 0.125 0.75
v 0.224975663390289 -0.35 0.268115555091642
vn -1.18074268647065E-16 -1 -1.40715433853074E-16
vt 0.138888888888889 0.75
v 0.200751752722866 -0.35 0.286703215501147
vn -1.05360802253743E-16 -1 -1.50470819727433E-16
vt 0.152777777777778 0.75
v 0.175 -0.35 0.303108891324553
vn -9.18454765366783E-17 -1 -1.59081031806902E-16
vt 0.166666666666667 0.75
v 0.147916391609245 -0.35 0.317207725462827
vn -7.76311512853543E-17 -1 -1.66480541178567E-16
vt 0.180555555555556 0.75
v 0.119707050163984 -0.35 0.328892417275068
vn -6.28260060977781E-17 -1 -1.72613033108164E-16
vt 0.194444444444444 0.75
v 0.0905866657858822 -0.35 0.338074039201174
vn -4.75427170684181E-17 -1 -1.77431835629208E-16
vt 0.208333333333333 0.75
v 0.0607768621834256 -0.35 0.344682713554273
vn -3.189759925509E-17 -1 -1.80900274744843E-16
vt 0.222222222222222 0.75
v 0.0305045099616804 -0.35 0.348668144332111
vn -1.60097214511337E-17 -1 -1.82991953539097E-16
vt 0.236111111111111 0.75
v 2.14306111918916E-17 -0.35 0.35
vn -1.1247455413666E-32 -1 -1.83690953073357E-16
vt 0.25 0.75
v -0.0305045099616804 -0.35 0.348668144332111
vn 1.60097214511336E-17 -1 -1.82991953539097E-16
vt 0.263888888888889 0.75
v -0.0607768621834256 -0.35 0.344682713554273
vn 3.189759925509E-17 -1 -1.80900274744843E-16
vt 0.277777777777778 0.75
v -0.0905866657858823 -0.35 0.338074039201174
vn 4.75427170684181E-17 -1 -1.77431835629208E-16
vt 0.291666666666667 0.75
v -0.119707050163984 -0.35 0.328892417275068
vn 6.28260060977781E-17 -1 -1.72613033108164E-16
vt 0.305555555555556 0.75
v -0.147916391609245 -0.35 0.317207725462827
vn 7.76311512853543E-17 -1 -1.66480541178567E-16
vt 0.319444444444444 0.75
v -0.175 -0.35 0.303108891324553
vn 9.18454765366783E-17 -1 -1.59081031806902E-16
vt 0.333333333333333 0.75
v -0.200751752722866 -0.35 0.286703215501147
vn 1.05360802253743E-16 -1 -1.50470819727433E-16
vt 0.347222222222222 0.75
v -0.224975663390289 -0.35 0.268115555091642
vn 1.18074268647065E-16 -1 -1.40715433853074E-16
vt 0.361111111111111 0.75
v -0.247487373415292 -0.35 0.247487373415292
vn 1.2988911856079E-16 -1 -1.2988911856079E-16
vt 0.375 0.75
v -0.268115555091642 -0.35 0.224975663390289
vn 1.40715433853074E-16 -1 -1.18074268647065E-16
vt 0.388888888888889 0.75
v -0.286703215501147 -0.35 0.200751752722866
vn 1.50470819727433E-16 -1 -1.05360802253743E-16
vt 0.402777777777778 0.75
v -0.303108891324553 -0.35 0.175
vn 1.59081031806902E-16 -1 -9.18454765366783E-17
vt 0.416666666666667 0.75
v -0.317207725462827 -0.35 0.147916391609245
vn 1.66480541178567E-16 -1 -7.76311512853544E-17
vt 0.430555555555556 0.75
v -0.328892417275068 -0.35 0.119707050163984
vn 1.72613033108164E-16 -1 -6.28260060977781E-17
vt 0.444444444444444 0.75
v -0.338074039201174 -0.35 0.0905866657858823
vn 1.77431835629208E-16 -1 -4.75427170684182E-17
vt 0.458333333333333 0.75
v -0.344682713554273 -0.35 0.0607768621834257
vn 1.80900274744843E-16 -1 -3.18975992550901E-17
vt 0.472222222222222 0.75
v -0.348668144332111 -0.35 0.0305045099616804
vn 1.82991953539097E-16 -1 -1.60097214511336E-17
vt 0.486111111111111 0.75
v -0.35 -0.35 4.28612223837832E-17
vn 1.83690953073357E-16 -1 -2.24949108273321E-32
vt 0.5 0.75
v -0.348668144332111 -0.35 -0.0305045099616803
vn 1.82991953539097E-16 -1 1.60097214511336E-17
vt 0.513888888888889 0.75
v -0.344682713554273 -0.35 -0.0607768621834257
vn 1.80900274744843E-16 -1 3.189759925509E-17
vt 0.527777777777778 0.75
v -0.338074039201174 -0.35 -0.0905866657858821
vn 1.77431835629208E-16 -1 4.7542717068418E-17
vt 0.541666666666667 0.75
v -0.328892417275068 -0.35 -0.119707050163984
vn 1.72613033108164E-16 -1 6.28260060977781E-17
vt 0.555555555555556 0.75
v -0.317207725462827 -0.35 -0.147916391609245
vn 1.66480541178567E-16 -1 7.76311512853543E-17
vt 0.569444444444444 0.75
v -0.303108891324553 -0.35 -0.175
vn 1.59081031806902E-16 -1 9.18454765366783E-17
vt 0.583333333333333 0.75
v -0.286703215501147 -0.35 -0.200751752722866
vn 1.50470819727433E-16 -1 1.05360802253743E-16
vt 0.597222222222222 0.75
v -0.268115555091642 -0.35 -0.224975663390289
vn 1.40715433853074E-16 -1 1.18074268647065E-16
vt 0.611111111111111 0.75
v -0.247487373415292 -0.35 -0.247487373415292
vn 1.2988911856079E-16 -1 1.2988911856079E-16
vt 0.625 0.75
v -0.224975663390289 -0.35 -0.268115555091642
vn 1.18074268647065E-16 -1 1.40715433853074E-16
vt 0.638888888888889 0.75
v -0.200751752722866 -0.35 -0.286703215501147
vn 1.05360802253743E-16 -1 1.50470819727433E-16
vt 0.652777777777778 0.75
v -0.175 -0.35 -0.303108891324553
vn 9.18454765366784E-17 -1 1.59081031806902E-16
vt 0.666666666666667 0.75
v -0.147916391609245 -0.35 -0.317207725462827
vn 7.76311512853543E-17 -1 1.66480541178567E-16
vt 0.680555555555556 0.75
v -0.119707050163984 -0.35 -0.328892417275068
vn 6.28260060977782E-17 -1 1.72613033108164E-16
vt 0.694444444444444 0.75
v -0.0905866657858822 -0.35 -0.338074039201174
vn 4.75427170684181E-17 -1 1.77431835629208E-16
vt 0.708333333333333 0.75
v -0.0607768621834256 -0.35 -0.344682713554273
vn 3.189759925509E-17 -1 1.80900274744843E-16
vt 0.722222222222222 0.75
v -0.0305045099616804 -0.35 -0.348668144332111
vn 1.60097214511336E-17 -1 1.82991953539097E-16
vt 0.736111111111111 0.75
v -6.42918335756748E-17 -0.35 -0.35
vn 3.37423662409981E-32 -1 1.83690953073357E-16
vt 0.75 0.75
v 0.0305045099616803 -0.35 -0.348668144332111
vn -1.60097214511336E-17 -1 1.82991953539097E-16
vt 0.763888888888889 0.75
v 0.0607768621834255 -0.35 -0.344682713554273
vn -3.18975992550899E-17 -1 1.80900274744843E-16
vt 0.777777777777778 0.75
v 0.0905866657858821 -0.35 -0.338074039201174
vn -4.7542717068418E-17 -1 1.77431835629208E-16
vt 0.791666666666667 0.75
v 0.119707050163984 -0.35 -0.328892417275068
vn -6.28260060977782E-17 -1 1.72613033108164E-16
vt 0.805555555555556 0.75
v 0.147916391609245 -0.35 -0.317207725462828
vn -7.76311512853542E-17 -1 1.66480541178567E-16
vt 0.819444444444444 0.75
v 0.175 -0.35 -0.303108891324553
vn -9.18454765366783E-17 -1 1.59081031806902E-16
vt 0.833333333333333 0.75
v 0.200751752722866 -0.35 -0.286703215501147
vn -1.05360802253743E-16 -1 1.50470819727433E-16
vt 0.847222222222222 0.75
v 0.224975663390289 -0.35 -0.268115555091642
vn -1.18074268647065E-16 -1 1.40715433853074E-16
vt 0.861111111111111 0.75
v 0.247487373415292 -0.35 -0.247487373415292
vn -1.2988911856079E-16 -1 1.2988911856079E-16
vt 0.875 0.75
v 0.268115555091642 -0.35 -0.224975663390289
vn -1.40715433853074E-16 -1 1.18074268647065E-16
vt 0.888888888888889 0.75
v 0.286703215501147 -0.35 -0.200751752722866
vn -1.50470819727433E-16 -1 1.05360802253743E-16
vt 0.902777777777778 0.75
v 0.303108891324553 -0.35 -0.175
vn -1.59081031806902E-16 -1 9.18454765366784E-17
vt 0.916666666666667 0.75
v 0.317207725462827 -0.35 -0.147916391609245
vn -1.66480541178567E-16 -1 7.76311512853543E-17
vt 0.930555555555556 0.75
v 0.328892417275068 -0.35 -0.119707050163984
vn -1.72613033108164E-16 -1 6.28260060977782E-17
vt 0.944444444444444 0.75
v 0.338074039201174 -0.35 -0.0905866657858822
vn -1.77431835629208E-16 -1 4.75427170684181E-17
vt 0.958333333333333 0.75
v 0.344682713554273 -0.35 -0.0607768621834256
vn -1.80900274744843E-16 -1 3.189759925509E-17
vt 0.972222222222222 0.75
v 0.348668144332111 -0.35 -0.0305045099616804
vn -1.82991953539097E-16 -1 1.60097214511336E-17
vt 0.986111111111111 0.75
v 0.42788232688471 -0.341224769263638 0
vn 0.222520933956314 -0.974927912181824 0
vt 0 0.785714285714286
v 0.426254105449707 -0.341224769263638 0.0372924020082332
vn 0.221674174621704 -0.974927912181824 0.0193939772758652
vt 0.0138888888888889 0.785714285714286
v 0.421381832892966 -0.341224769263638 0.0743009863194157
vn 0.219140340967696 -0.974927912181824 0.0386403546742573
vt 0.0277777777777778 0.785714285714286
v 0.413302590150603 -0.341224769263638 0.110744095260545
vn 0.214938716998368 -0.974927912181824 0.0575926556418943
vt 0.0416666666666667 0.785714285714286
v 0.402077865138266 -0.341224769263638 0.146344374767629
vn 0.209101279609137 -0.974927912181824 0.0761066417247002
vt 0.0555555555555556 0.785714285714286
v 0.387793084790974 -0.341224769263638 0.180830885217582
vn 0.201672455223276 -0.974927912181824 0.0940414103095345
vt 0.0694444444444444 0.785714285714286
v 0.370556964912556 -0.341224769263638 0.213941163442355
vn 0.192708781680007 -0.974927912181824 0.111260466978157
vt 0.0833333333333333 0.785714285714286
v 0.350500682782741 -0.341224769263638 0.245423220232125
vn 0.182278477947411 -0.974927912181824 0.127632764312169
vt 0.0972222222222222 0.785714285714286
v 0.32777687881885 -0.341224769263638 0.275037458125337
vn 0.17046092493488 -0.974927912181824 0.143033699242995
vt 0.111111111111111 0.785714285714286
v 0.302558494890057 -0.341224769263638 0.302558494890057
vn 0.157346061356474 -0.974927912181824 0.157346061356474
vt 0.125 0.785714285714286
v 0.275037458125337 -0.341224769263638 0.32777687881885
vn 0.143033699242995 -0.974927912181824 0.17046092493488
vt 0.138888888888889 0.785714285714286
v 0.245423220232125 -0.341224769263638 0.350500682782741
vn 0.127632764312169 -0.974927912181824 0.182278477947411
vt 0.152777777777778 0.785714285714286
v 0.213941163442355 -0.341224769263638 0.370556964912556
vn 0.111260466978157 -0.974927912181824 0.192708781680007
vt 0.166666666666667 0.785714285714286
v 0.180830885217582 -0.341224769263638 0.387793084790974
vn 0.0940414103095345 -0.974927912181824 0.201672455223276
vt 0.180555555555556 0.785714285714286
v 0.146344374767629 -0.341224769263638 0.402077865138266
vn 0.0761066417247003 -0.974927912181824 0.209101279609137
vt 0.194444444444444 0.785714285714286
v 0.110744095260545 -0.341224769263638 0.413302590150603
vn 0.0575926556418943 -0.974927912181824 0.214938716998368
vt 0.208333333333333 0.785714285714286
v 0.0743009863194157 -0.341224769263638 0.421381832892966
vn 0.0386403546742573 -0.974927912181824 0.219140340967696
vt 0.222222222222222 0.785714285714286
v 0.0372924020082332 -0.341224769263638 0.426254105449707
vn 0.0193939772758652 -0.974927912181824 0.221674174621704
vt 0.236111111111111 0.785714285714286
v 2.6199370809566E-17 -0.341224769263638 0.42788232688471
vn 1.36250274790696E-17 -0.974927912181824 0.222520933956314
vt 0.25 0.785714285714286
v -0.0372924020082332 -0.341224769263638 0.426254105449707
vn -0.0193939772758652 -0.974927912181824 0.221674174621704
vt 0.263888888888889 0.785714285714286
v -0.0743009863194157 -0.341224769263638 0.421381832892966
vn -0.0386403546742573 -0.974927912181824 0.219140340967696
vt 0.277777777777778 0.785714285714286
v -0.110744095260545 -0.341224769263638 0.413302590150603
vn -0.0575926556418944 -0.974927912181824 0.214938716998368
vt 0.291666666666667 0.785714285714286
v -0.146344374767629 -0.341224769263638 0.402077865138266
vn -0.0761066417247002 -0.974927912181824 0.209101279609137
vt 0.305555555555556 0.785714285714286
v -0.180830885217582 -0.341224769263638 0.387793084790974
vn -0.0940414103095345 -0.974927912181824 0.201672455223276
vt 0.319444444444444 0.785714285714286
v -0.213941163442355 -0.341224769263638 0.370556964912556
vn -0.111260466978157 -0.974927912181824 0.192708781680007
vt 0.333333333333333 0.785714285714286
v -0.245423220232125 -0.341224769263638 0.350500682782741
vn -0.127632764312169 -0.974927912181824 0.182278477947411
vt 0.347222222222222 0.785714285714286
v -0.275037458125337 -0.341224769263638 0.32777687881885
vn -0.143033699242995 -0.974927912181824 0.17046092493488
vt 0.361111111111111 0.785714285714286
v -0.302558494890057 -0.341224769263638 0.302558494890057
vn -0.157346061356474 -0.974927912181824 0.157346061356474
vt 0.375 0.785714285714286
v -0.32777687881885 -0.341224769263638 0.275037458125337
vn -0.17046092493488 -0.974927912181824 0.143033699242996
vt 0.388888888888889 0.785714285714286
v -0.350500682782741 -0.341224769263638 0.245423220232125
vn -0.182278477947411 -0.974927912181824 0.127632764312169
vt 0.402777777777778 0.785714285714286
v -0.370556964912556 -0.341224769263638 0.213941163442355
vn -0.192708781680007 -0.974927912181824 0.111260466978157
vt 0.416666666666667 0.785714285714286
v -0.387793084790974 -0.341224769263638 0.180830885217582
vn -0.201672455223276 -0.974927912181824 0.0940414103095345
vt 0.430555555555556 0.785714285714286
v -0.402077865138266 -0.341224769263638 0.146344374767629
vn -0.209101279609137 -0.974927912181824 0.0761066417247003
vt 0.444444444444444 0.785714285714286
v -0.413302590150603 -0.341224769263638 0.110744095260545
vn -0.214938716998368 -0.974927912181824 0.0575926556418944
vt 0.458333333333333 0.785714285714286
v -0.421381832892966 -0.341224769263638 0.0743009863194158
vn -0.219140340967696 -0.974927912181824 0.0386403546742574
vt 0.472222222222222 0.785714285714286
v -0.426254105449707 -0.341224769263638 0.0372924020082332
vn -0.221674174621704 -0.974927912181824 0.0193939772758652
vt 0.486111111111111 0.785714285714286
v -0.42788232688471 -0.341224769263638 5.23987416191319E-17
vn -0.222520933956314 -0.974927912181824 2.72500549581392E-17
vt 0.5 0.785714285714286
v -0.426254105449707 -0.341224769263638 -0.0372924020082331
vn -0.221674174621704 -0.974927912181824 -0.0193939772758651
vt 0.513888888888889 0.785714285714286
v -0.421381832892966 -0.341224769263638 -0.0743009863194157
vn -0.219140340967696 -0.974927912181824 -0.0386403546742574
vt 0.527777777777778 0.785714285714286
v -0.413302590150603 -0.341224769263638 -0.110744095260545
vn -0.214938716998368 -0.974927912181824 -0.0575926556418942
vt 0.541666666666667 0.785714285714286
v -0.402077865138266 -0.341224769263638 -0.146344374767629
vn -0.209101279609137 -0.974927912181824 -0.0761066417247002
vt 0.555555555555556 0.785714285714286
v -0.387793084790974 -0.341224769263638 -0.180830885217582
vn -0.201672455223276 -0.974927912181824 -0.0940414103095345
vt 0.569444444444444 0.785714285714286
v -0.370556964912556 -0.341224769263638 -0.213941163442355
vn -0.192708781680007 -0.974927912181824 -0.111260466978157
vt 0.583333333333333 0.785714285714286
v -0.350500682782741 -0.341224769263638 -0.245423220232125
vn -0.182278477947411 -0.974927912181824 -0.127632764312169
vt 0.597222222222222 0.785714285714286
v -0.32777687881885 -0.341224769263638 -0.275037458125337
vn -0.17046092493488 -0.974927912181824 -0.143033699242995
vt 0.611111111111111 0.785714285714286
v -0.302558494890057 -0.341224769263638 -0.302558494890057
vn -0.157346061356474 -0.974927912181824 -0.157346061356474
vt 0.625 0.785714285714286
v -0.275037458125337 -0.341224769263638 -0.32777687881885
vn -0.143033699242996 -0.974927912181824 -0.17046092493488
vt 0.638888888888889 0.785714285714286
v -0.245423220232125 -0.341224769263638 -0.350500682782741
vn -0.127632764312169 -0.974927912181824 -0.18227847794741
vt 0.652777777777778 0.785714285714286
v -0.213941163442355 -0.341224769263638 -0.370556964912556
vn -0.111260466978157 -0.974927912181824 -0.192708781680007
vt 0.666666666666667 0.785714285714286
v -0.180830885217582 -0.341224769263638 -0.387793084790974
vn -0.0940414103095344 -0.974927912181824 -0.201672455223276
vt 0.680555555555556 0.785714285714286
v -0.146344374767629 -0.341224769263638 -0.402077865138266
vn -0.0761066417247004 -0.974927912181824 -0.209101279609137
vt 0.694444444444444 0.785714285714286
v -0.110744095260545 -0.341224769263638 -0.413302590150603
vn -0.0575926556418943 -0.974927912181824 -0.214938716998368
vt 0.708333333333333 0.785714285714286
v -0.0743009863194157 -0.341224769263638 -0.421381832892966
vn -0.0386403546742573 -0.974927912181824 -0.219140340967696
vt 0.722222222222222 0.785714285714286
v -0.0372924020082332 -0.341224769263638 -0.426254105449707
vn -0.0193939772758652 -0.974927912181824 -0.221674174621704
vt 0.736111111111111 0.785714285714286
v -7.85981124286979E-17 -0.341224769263638 -0.42788232688471
vn -4.08750824372088E-17 -0.974927912181824 -0.222520933956314
vt 0.75 0.785714285714286
v 0.037292402008233 -0.341224769263638 -0.426254105449707
vn 0.0193939772758651 -0.974927912181824 -0.221674174621704
vt 0.763888888888889 0.785714285714286
v 0.0743009863194155 -0.341224769263638 -0.421381832892966
vn 0.0386403546742572 -0.974927912181824 -0.219140340967696
vt 0.777777777777778 0.785714285714286
v 0.110744095260545 -0.341224769263638 -0.413302590150603
vn 0.0575926556418942 -0.974927912181824 -0.214938716998368
vt 0.791666666666667 0.785714285714286
v 0.146344374767629 -0.341224769263638 -0.402077865138266
vn 0.0761066417247003 -0.974927912181824 -0.209101279609137
vt 0.805555555555556 0.785714285714286
v 0.180830885217582 -0.341224769263638 -0.387793084790974
vn 0.0940414103095344 -0.974927912181824 -0.201672455223276
vt 0.819444444444444 0.785714285714286
v 0.213941163442355 -0.341224769263638 -0.370556964912556
vn 0.111260466978157 -0.974927912181824 -0.192708781680007
vt 0.833333333333333 0.785714285714286
v 0.245423220232125 -0.341224769263638 -0.350500682782741
vn 0.127632764312169 -0.974927912181824 -0.182278477947411
vt 0.847222222222222 0.785714285714286
v 0.275037458125337 -0.341224769263638 -0.32777687881885
vn 0.143033699242995 -0.974927912181824 -0.17046092493488
vt 0.861111111111111 0.785714285714286
v 0.302558494890057 -0.341224769263638 -0.302558494890057
vn 0.157346061356474 -0.974927912181824 -0.157346061356474
vt 0.875 0.785714285714286
v 0.32777687881885 -0.341224769263638 -0.275037458125337
vn 0.17046092493488 -0.974927912181824 -0.143033699242996
vt 0.888888888888889 0.785714285714286
v 0.350500682782741 -0.341224769263638 -0.245423220232126
vn 0.18227847794741 -0.974927912181824 -0.127632764312169
vt 0.902777777777778 0.785714285714286
v 0.370556964912556 -0.341224769263638 -0.213941163442355
vn 0.192708781680007 -0.974927912181824 -0.111260466978157
vt 0.916666666666667 0.785714285714286
v 0.387793084790974 -0.341224769263638 -0.180830885217582
vn 0.201672455223276 -0.974927912181824 -0.0940414103095344
vt 0.930555555555556 0.785714285714286
v 0.402077865138266 -0.341224769263638 -0.146344374767629
vn 0.209101279609137 -0.974927912181824 -0.0761066417247004
vt 0.944444444444444 0.785714285714286
v 0.413302590150603 -0.341224769263638 -0.110744095260545
vn 0.214938716998368 -0.974927912181824 -0.0575926556418943
vt 0.958333333333333 0.785714285714286
v 0.421381832892966 -0.341224769263638 -0.0743009863194157
vn 0.219140340967696 -0.974927912181824 -0.0386403546742573
vt 0.972222222222222 0.785714285714286
v 0.426254105449707 -0.341224769263638 -0.0372924020082332
vn 0.221674174621704 -0.974927912181824 -0.0193939772758652
vt 0.986111111111111 0.785714285714286
v 0.501859308691145 -0.315339103765847 0
vn 0.433883739117558 -0.900968867902419 0
vt 0 0.821428571428571
v 0.499949582506108 -0.315339103765847 0.043739920803803
vn 0.432232680497133 -0.900968867902419 0.0378154595489219
vt 0.0138888888888889 0.821428571428571
v 0.494234938120387 -0.315339103765847 0.0871469543994028
vn 0.427292070188897 -0.900968867902419 0.0753431206170777
vt 0.0277777777777778 0.821428571428571
v 0.484758867428355 -0.315339103765847 0.129890747051253
vn 0.419099509220518 -0.900968867902419 0.112297375043918
vt 0.0416666666666667 0.821428571428571
v 0.471593489049787 -0.315339103765847 0.171645992687867
vn 0.407717347927767 -0.900968867902419 0.148396978639664
vt 0.0555555555555556 0.821428571428571
v 0.454838999463615 -0.315339103765847 0.212094908677441
vn 0.393232211430821 -0.900968867902419 0.183367191623417
vt 0.0694444444444444 0.821428571428571
v 0.434622910452228 -0.315339103765847 0.250929654345573
vn 0.375754340364785 -0.900968867902419 0.216941869558779
vt 0.0833333333333333 0.821428571428571
v 0.411099078659812 -0.315339103765847 0.287854673828667
vn 0.355416751881899 -0.900968867902419 0.248865488873716
vt 0.0972222222222222 0.821428571428571
v 0.384446534650384 -0.315339103765847 0.32258894543252
vn 0.33237422731069 -0.900968867902419 0.278895091549233
vt 0.111111111111111 0.821428571428571
v 0.354868120377102 -0.315339103765847 0.354868120377102
vn 0.3068021341766 -0.900968867902419 0.3068021341766
vt 0.125 0.821428571428571
v 0.32258894543252 -0.315339103765847 0.384446534650384
vn 0.278895091549233 -0.900968867902419 0.33237422731069
vt 0.138888888888889 0.821428571428571
v 0.287854673828667 -0.315339103765847 0.411099078659812
vn 0.248865488873716 -0.900968867902419 0.355416751881899
vt 0.152777777777778 0.821428571428571
v 0.250929654345573 -0.315339103765847 0.434622910452228
vn 0.216941869558779 -0.900968867902419 0.375754340364785
vt 0.166666666666667 0.821428571428571
v 0.212094908677441 -0.315339103765847 0.454838999463615
vn 0.183367191623417 -0.900968867902419 0.393232211430821
vt 0.180555555555556 0.821428571428571
v 0.171645992687867 -0.315339103765847 0.471593489049786
vn 0.148396978639664 -0.900968867902419 0.407717347927767
vt 0.194444444444444 0.821428571428571
v 0.129890747051253 -0.315339103765847 0.484758867428355
vn 0.112297375043918 -0.900968867902419 0.419099509220518
vt 0.208333333333333 0.821428571428571
v 0.0871469543994029 -0.315339103765847 0.494234938120387
vn 0.0753431206170778 -0.900968867902419 0.427292070188897
vt 0.222222222222222 0.821428571428571
v 0.0437399208038031 -0.315339103765847 0.499949582506108
vn 0.037815459548922 -0.900968867902419 0.432232680497133
vt 0.236111111111111 0.821428571428571
v 3.07290049074041E-17 -0.315339103765847 0.501859308691145
vn 2.65668391871786E-17 -0.900968867902419 0.433883739117558
vt 0.25 0.821428571428571
v -0.0437399208038031 -0.315339103765847 0.499949582506108
vn -0.0378154595489219 -0.900968867902419 0.432232680497133
vt 0.263888888888889 0.821428571428571
v -0.0871469543994028 -0.315339103765847 0.494234938120387
vn -0.0753431206170777 -0.900968867902419 0.427292070188897
vt 0.277777777777778 0.821428571428571
v -0.129890747051253 -0.315339103765847 0.484758867428355
vn -0.112297375043918 -0.900968867902419 0.419099509220518
vt 0.291666666666667 0.821428571428571
v -0.171645992687867 -0.315339103765847 0.471593489049787
vn -0.148396978639664 -0.900968867902419 0.407717347927767
vt 0.305555555555556 0.821428571428571
v -0.212094908677441 -0.315339103765847 0.454838999463615
vn -0.183367191623417 -0.900968867902419 0.393232211430821
vt 0.319444444444444 0.821428571428571
v -0.250929654345573 -0.315339103765847 0.434622910452228
vn -0.216941869558779 -0.900968867902419 0.375754340364785
vt 0.333333333333333 0.821428571428571
v -0.287854673828667 -0.315339103765847 0.411099078659812
vn -0.248865488873716 -0.900968867902419 0.355416751881899
vt 0.347222222222222 0.821428571428571
v -0.32258894543252 -0.315339103765847 0.384446534650384
vn -0.278895091549233 -0.900968867902419 0.33237422731069
vt 0.361111111111111 0.821428571428571
v -0.354868120377102 -0.315339103765847 0.354868120377102
vn -0.3068021341766 -0.900968867902419 0.3068021341766
vt 0.375 0.821428571428571
v -0.384446534650384 -0.315339103765847 0.32258894543252
vn -0.33237422731069 -0.900968867902419 0.278895091549233
vt 0.388888888888889 0.821428571428571
v -0.411099078659812 -0.315339103765847 0.287854673828667
vn -0.355416751881899 -0.900968867902419 0.248865488873716
vt 0.402777777777778 0.821428571428571
v -0.434622910452228 -0.315339103765847 0.250929654345573
vn -0.375754340364785 -0.900968867902419 0.216941869558779
vt 0.416666666666667 0.821428571428571
v -0.454838999463615 -0.315339103765847 0.212094908677441
vn -0.393232211430821 -0.900968867902419 0.183367191623417
vt 0.430555555555556 0.821428571428571
v -0.471593489049786 -0.315339103765847 0.171645992687867
vn -0.407717347927767 -0.900968867902419 0.148396978639664
vt 0.444444444444444 0.821428571428571
v -0.484758867428355 -0.315339103765847 0.129890747051254
vn -0.419099509220518 -0.900968867902419 0.112297375043918
vt 0.458333333333333 0.821428571428571
v -0.494234938120387 -0.315339103765847 0.087146954399403
vn -0.427292070188897 -0.900968867902419 0.0753431206170779
vt 0.472222222222222 0.821428571428571
v -0.499949582506108 -0.315339103765847 0.043739920803803
vn -0.432232680497133 -0.900968867902419 0.0378154595489219
vt 0.486111111111111 0.821428571428571
v -0.501859308691145 -0.315339103765847 6.14580098148082E-17
vn -0.433883739117558 -0.900968867902419 5.31336783743572E-17
vt 0.5 0.821428571428571
v -0.499949582506108 -0.315339103765847 -0.0437399208038029
vn -0.432232680497133 -0.900968867902419 -0.0378154595489218
vt 0.513888888888889 0.821428571428571
v -0.494234938120387 -0.315339103765847 -0.0871469543994029
vn -0.427292070188897 -0.900968867902419 -0.0753431206170778
vt 0.527777777777778 0.821428571428571
v -0.484758867428355 -0.315339103765847 -0.129890747051253
vn -0.419099509220518 -0.900968867902419 -0.112297375043917
vt 0.541666666666667 0.821428571428571
v -0.471593489049787 -0.315339103765847 -0.171645992687866
vn -0.407717347927767 -0.900968867902419 -0.148396978639664
vt 0.555555555555556 0.821428571428571
v -0.454838999463615 -0.315339103765847 -0.212094908677441
vn -0.393232211430821 -0.900968867902419 -0.183367191623417
vt 0.569444444444444 0.821428571428571
v -0.434622910452228 -0.315339103765847 -0.250929654345573
vn -0.375754340364785 -0.900968867902419 -0.216941869558779
vt 0.583333333333333 0.821428571428571
v -0.411099078659812 -0.315339103765847 -0.287854673828667
vn -0.355416751881899 -0.900968867902419 -0.248865488873716
vt 0.597222222222222 0.821428571428571
v -0.384446534650384 -0.315339103765847 -0.32258894543252
vn -0.33237422731069 -0.900968867902419 -0.278895091549233
vt 0.611111111111111 0.821428571428571
v -0.354868120377102 -0.315339103765847 -0.354868120377102
vn -0.3068021341766 -0.900968867902419 -0.3068021341766
vt 0.625 0.821428571428571
v -0.32258894543252 -0.315339103765847 -0.384446534650384
vn -0.278895091549233 -0.900968867902419 -0.33237422731069
vt 0.638888888888889 0.821428571428571
v -0.287854673828667 -0.315339103765847 -0.411099078659812
vn -0.248865488873716 -0.900968867902419 -0.355416751881899
vt 0.652777777777778 0.821428571428571
v -0.250929654345573 -0.315339103765847 -0.434622910452228
vn -0.216941869558779 -0.900968867902419 -0.375754340364785
vt 0.666666666666667 0.821428571428571
v -0.212094908677441 -0.315339103765847 -0.454838999463615
vn -0.183367191623417 -0.900968867902419 -0.393232211430821
vt 0.680555555555556 0.821428571428571
v -0.171645992687867 -0.315339103765847 -0.471593489049786
vn -0.148396978639665 -0.900968867902419 -0.407717347927767
vt 0.694444444444444 0.821428571428571
v -0.129890747051253 -0.315339103765847 -0.484758867428355
vn -0.112297375043918 -0.900968867902419 -0.419099509220518
vt 0.708333333333333 0.821428571428571
v -0.0871469543994028 -0.315339103765847 -0.494234938120387
vn -0.0753431206170777 -0.900968867902419 -0.427292070188897
vt 0.722222222222222 0.821428571428571
v -0.0437399208038031 -0.315339103765847 -0.499949582506108
vn -0.0378154595489219 -0.900968867902419 -0.432232680497133
vt 0.736111111111111 0.821428571428571
v -9.21870147222123E-17 -0.315339103765847 -0.501859308691145
vn -7.97005175615358E-17 -0.900968867902419 -0.433883739117558
vt 0.75 0.821428571428571
v 0.0437399208038029 -0.315339103765847 -0.499949582506108
vn 0.0378154595489218 -0.900968867902419 -0.432232680497133
vt 0.763888888888889 0.821428571428571
v 0.0871469543994026 -0.315339103765847 -0.494234938120387
vn 0.0753431206170776 -0.900968867902419 -0.427292070188897
vt 0.777777777777778 0.821428571428571
v 0.129890747051253 -0.315339103765847 -0.484758867428355
vn 0.112297375043917 -0.900968867902419 -0.419099509220518
vt 0.791666666666667 0.821428571428571
v 0.171645992687867 -0.315339103765847 -0.471593489049786
vn 0.148396978639664 -0.900968867902419 -0.407717347927767
vt 0.805555555555556 0.821428571428571
v 0.212094908677441 -0.315339103765847 -0.454838999463615
vn 0.183367191623417 -0.900968867902419 -0.393232211430821
vt 0.819444444444444 0.821428571428571
v 0.250929654345573 -0.315339103765847 -0.434622910452228
vn 0.216941869558779 -0.900968867902419 -0.375754340364785
vt 0.833333333333333 0.821428571428571
v 0.287854673828667 -0.315339103765847 -0.411099078659812
vn 0.248865488873716 -0.900968867902419 -0.355416751881899
vt 0.847222222222222 0.821428571428571
v 0.32258894543252 -0.315339103765847 -0.384446534650384
vn 0.278895091549233 -0.900968867902419 -0.33237422731069
vt 0.861111111111111 0.821428571428571
v 0.354868120377102 -0.315339103765847 -0.354868120377102
vn 0.3068021341766 -0.900968867902419 -0.3068021341766
vt 0.875 0.821428571428571
v 0.384446534650384 -0.315339103765847 -0.32258894543252
vn 0.332374227310689 -0.900968867902419 -0.278895091549233
vt 0.888888888888889 0.821428571428571
v 0.411099078659812 -0.315339103765847 -0.287854673828667
vn 0.355416751881899 -0.900968867902419 -0.248865488873716
vt 0.902777777777778 0.821428571428571
v 0.434622910452228 -0.315339103765847 -0.250929654345573
vn 0.375754340364785 -0.900968867902419 -0.216941869558779
vt 0.916666666666667 0.821428571428571
v 0.454838999463615 -0.315339103765847 -0.212094908677441
vn 0.393232211430821 -0.900968867902419 -0.183367191623417
vt 0.930555555555556 0.821428571428571
v 0.471593489049786 -0.315339103765847 -0.171645992687867
vn 0.407717347927767 -0.900968867902419 -0.148396978639665
vt 0.944444444444444 0.821428571428571
v 0.484758867428355 -0.315339103765847 -0.129890747051253
vn 0.419099509220518 -0.900968867902419 -0.112297375043918
vt 0.958333333333333 0.821428571428571
v 0.494234938120387 -0.315339103765847 -0.0871469543994029
vn 0.427292070188897 -0.900968867902419 -0.0753431206170778
vt 0.972222222222222 0.821428571428571
v 0.499949582506108 -0.315339103765847 -0.0437399208038031
vn 0.432232680497133 -0.900968867902419 -0.037815459548922
vt 0.986111111111111 0.821428571428571
v 0.568221430650557 -0.27364101886381 0
vn 0.623489801858733 -0.78183148246803 0
vt 0 0.857142857142857
v 0.566059176556191 -0.27364101886381 0.0495237608334862
vn 0.621117234925943 -0.78183148246803 0.0543407167765881
vt 0.0138888888888889 0.857142857142857
v 0.559588870332357 -0.27364101886381 0.0986706159437652
vn 0.614017590794526 -0.78183148246803 0.108267867886685
vt 0.0277777777777778 0.857142857142857
v 0.548859754916295 -0.27364101886381 0.147066528087765
vn 0.602244902043204 -0.78183148246803 0.161371035148237
vt 0.0416666666666667 0.857142857142857
v 0.53395348535474 -0.27364101886381 0.19434317515182
vn 0.58588876594192 -0.78183148246803 0.213246071393817
vt 0.0555555555555556 0.857142857142857
v 0.514983507359705 -0.27364101886381 0.240140753305352
vn 0.565073662562508 -0.78183148246803 0.263498176274591
vt 0.0694444444444444 0.857142857142857
v 0.49209419391812 -0.27364101886381 0.284110715325278
vn 0.539958007410189 -0.78183148246803 0.311744900929367
vt 0.0833333333333333 0.857142857142857
v 0.465459746526219 -0.27364101886381 0.325918423250839
vn 0.51073294578592 -0.78183148246803 0.357619058651352
vt 0.0972222222222222 0.857142857142857
v 0.435282869410975 -0.27364101886381 0.365245695180537
vn 0.477620898055235 -0.78183148246803 0.400771519400709
vt 0.111111111111111 0.857142857142857
v 0.40179322682853 -0.27364101886381 0.40179322682853
vn 0.440873866894967 -0.78183148246803 0.440873866894967
vt 0.125 0.857142857142857
v 0.365245695180537 -0.27364101886381 0.435282869410975
vn 0.400771519400709 -0.78183148246803 0.477620898055235
vt 0.138888888888889 0.857142857142857
v 0.325918423250839 -0.27364101886381 0.465459746526219
vn 0.357619058651352 -0.78183148246803 0.51073294578592
vt 0.152777777777778 0.857142857142857
v 0.284110715325278 -0.27364101886381 0.49209419391812
vn 0.311744900929367 -0.78183148246803 0.539958007410189
vt 0.166666666666667 0.857142857142857
v 0.240140753305352 -0.27364101886381 0.514983507359705
vn 0.263498176274591 -0.78183148246803 0.565073662562508
vt 0.180555555555556 0.857142857142857
v 0.19434317515182 -0.27364101886381 0.53395348535474
vn 0.213246071393817 -0.78183148246803 0.58588876594192
vt 0.194444444444444 0.857142857142857
v 0.147066528087765 -0.27364101886381 0.548859754916295
vn 0.161371035148237 -0.78183148246803 0.602244902043204
vt 0.208333333333333 0.857142857142857
v 0.0986706159437652 -0.27364101886381 0.559588870332357
vn 0.108267867886685 -0.78183148246803 0.614017590794526
vt 0.222222222222222 0.857142857142857
v 0.0495237608334863 -0.27364101886381 0.566059176556191
vn 0.0543407167765882 -0.78183148246803 0.621117234925943
vt 0.236111111111111 0.857142857142857
v 3.47923787176356E-17 -0.27364101886381 0.568221430650557
vn 3.8176478644983E-17 -0.78183148246803 0.623489801858733
vt 0.25 0.857142857142857
v -0.0495237608334862 -0.27364101886381 0.566059176556191
vn -0.0543407167765882 -0.78183148246803 0.621117234925943
vt 0.263888888888889 0.857142857142857
v -0.0986706159437652 -0.27364101886381 0.559588870332357
vn -0.108267867886685 -0.78183148246803 0.614017590794526
vt 0.277777777777778 0.857142857142857
v -0.147066528087765 -0.27364101886381 0.548859754916295
vn -0.161371035148237 -0.78183148246803 0.602244902043204
vt 0.291666666666667 0.857142857142857
v -0.19434317515182 -0.27364101886381 0.53395348535474
vn -0.213246071393817 -0.78183148246803 0.58588876594192
vt 0.305555555555556 0.857142857142857
v -0.240140753305352 -0.27364101886381 0.514983507359705
vn -0.263498176274591 -0.78183148246803 0.565073662562508
vt 0.319444444444444 0.857142857142857
v -0.284110715325278 -0.27364101886381 0.49209419391812
vn -0.311744900929367 -0.78183148246803 0.539958007410189
vt 0.333333333333333 0.857142857142857
v -0.325918423250839 -0.27364101886381 0.465459746526219
vn -0.357619058651352 -0.78183148246803 0.51073294578592
vt 0.347222222222222 0.857142857142857
v -0.365245695180537 -0.27364101886381 0.435282869410975
vn -0.400771519400709 -0.78183148246803 0.477620898055235
vt 0.361111111111111 0.857142857142857
v -0.40179322682853 -0.27364101886381 0.40179322682853
vn -0.440873866894967 -0.78183148246803 0.440873866894967
vt 0.375 0.857142857142857
v -0.435282869410975 -0.27364101886381 0.365245695180537
vn -0.477620898055235 -0.78183148246803 0.400771519400709
vt 0.388888888888889 0.857142857142857
v -0.465459746526219 -0.27364101886381 0.325918423250839
vn -0.51073294578592 -0.78183148246803 0.357619058651352
vt 0.402777777777778 0.857142857142857
v -0.49209419391812 -0.27364101886381 0.284110715325278
vn -0.539958007410189 -0.78183148246803 0.311744900929367
vt 0.416666666666667 0.857142857142857
v -0.514983507359705 -0.27364101886381 0.240140753305352
vn -0.565073662562508 -0.78183148246803 0.263498176274591
vt 0.430555555555556 0.857142857142857
v -0.53395348535474 -0.27364101886381 0.19434317515182
vn -0.58588876594192 -0.78183148246803 0.213246071393817
vt 0.444444444444444 0.857142857142857
v -0.548859754916295 -0.27364101886381 0.147066528087765
vn -0.602244902043204 -0.78183148246803 0.161371035148237
vt 0.458333333333333 0.857142857142857
v -0.559588870332357 -0.27364101886381 0.0986706159437654
vn -0.614017590794526 -0.78183148246803 0.108267867886685
vt 0.472222222222222 0.857142857142857
v -0.566059176556191 -0.27364101886381 0.0495237608334862
vn -0.621117234925943 -0.78183148246803 0.0543407167765881
vt 0.486111111111111 0.857142857142857
v -0.568221430650557 -0.27364101886381 6.95847574352713E-17
vn -0.623489801858733 -0.78183148246803 7.6352957289966E-17
vt 0.5 0.857142857142857
v -0.566059176556191 -0.27364101886381 -0.0495237608334861
vn -0.621117234925943 -0.78183148246803 -0.054340716776588
vt 0.513888888888889 0.857142857142857
v -0.559588870332357 -0.27364101886381 -0.0986706159437653
vn -0.614017590794526 -0.78183148246803 -0.108267867886685
vt 0.527777777777778 0.857142857142857
v -0.548859754916295 -0.27364101886381 -0.147066528087765
vn -0.602244902043205 -0.78183148246803 -0.161371035148237
vt 0.541666666666667 0.857142857142857
v -0.53395348535474 -0.27364101886381 -0.19434317515182
vn -0.58588876594192 -0.78183148246803 -0.213246071393817
vt 0.555555555555556 0.857142857142857
v -0.514983507359705 -0.27364101886381 -0.240140753305352
vn -0.565073662562508 -0.78183148246803 -0.263498176274591
vt 0.569444444444444 0.857142857142857
v -0.49209419391812 -0.27364101886381 -0.284110715325278
vn -0.539958007410189 -0.78183148246803 -0.311744900929367
vt 0.583333333333333 0.857142857142857
v -0.465459746526219 -0.27364101886381 -0.325918423250839
vn -0.51073294578592 -0.78183148246803 -0.357619058651352
vt 0.597222222222222 0.857142857142857
v -0.435282869410975 -0.27364101886381 -0.365245695180537
vn -0.477620898055235 -0.78183148246803 -0.400771519400709
vt 0.611111111111111 0.857142857142857
v -0.40179322682853 -0.27364101886381 -0.40179322682853
vn -0.440873866894967 -0.78183148246803 -0.440873866894967
vt 0.625 0.857142857142857
v -0.365245695180537 -0.27364101886381 -0.435282869410975
vn -0.400771519400709 -0.78183148246803 -0.477620898055235
vt 0.638888888888889 0.857142857142857
v -0.32591842325084 -0.27364101886381 -0.465459746526219
vn -0.357619058651352 -0.78183148246803 -0.51073294578592
vt 0.652777777777778 0.857142857142857
v -0.284110715325279 -0.27364101886381 -0.49209419391812
vn -0.311744900929367 -0.78183148246803 -0.539958007410189
vt 0.666666666666667 0.857142857142857
v -0.240140753305351 -0.27364101886381 -0.514983507359705
vn -0.263498176274591 -0.78183148246803 -0.565073662562508
vt 0.680555555555556 0.857142857142857
v -0.19434317515182 -0.27364101886381 -0.53395348535474
vn -0.213246071393817 -0.78183148246803 -0.58588876594192
vt 0.694444444444444 0.857142857142857
v -0.147066528087765 -0.27364101886381 -0.548859754916295
vn -0.161371035148237 -0.78183148246803 -0.602244902043204
vt 0.708333333333333 0.857142857142857
v -0.0986706159437652 -0.27364101886381 -0.559588870332357
vn -0.108267867886685 -0.78183148246803 -0.614017590794526
vt 0.722222222222222 0.857142857142857
v -0.0495237608334862 -0.27364101886381 -0.566059176556191
vn -0.0543407167765882 -0.78183148246803 -0.621117234925943
vt 0.736111111111111 0.857142857142857
v -1.04377136152907E-16 -0.27364101886381 -0.568221430650557
vn -1.14529435934949E-16 -0.78183148246803 -0.623489801858733
vt 0.75 0.857142857142857
v 0.049523760833486 -0.27364101886381 -0.566059176556191
vn 0.054340716776588 -0.78183148246803 -0.621117234925943
vt 0.763888888888889 0.857142857142857
v 0.098670615943765 -0.27364101886381 -0.559588870332357
vn 0.108267867886684 -0.78183148246803 -0.614017590794526
vt 0.777777777777778 0.857142857142857
v 0.147066528087765 -0.27364101886381 -0.548859754916295
vn 0.161371035148237 -0.78183148246803 -0.602244902043205
vt 0.791666666666667 0.857142857142857
v 0.19434317515182 -0.27364101886381 -0.53395348535474
vn 0.213246071393817 -0.78183148246803 -0.58588876594192
vt 0.805555555555556 0.857142857142857
v 0.240140753305351 -0.27364101886381 -0.514983507359705
vn 0.263498176274591 -0.78183148246803 -0.565073662562508
vt 0.819444444444444 0.857142857142857
v 0.284110715325278 -0.27364101886381 -0.49209419391812
vn 0.311744900929367 -0.78183148246803 -0.539958007410189
vt 0.833333333333333 0.857142857142857
v 0.325918423250839 -0.27364101886381 -0.465459746526219
vn 0.357619058651352 -0.78183148246803 -0.51073294578592
vt 0.847222222222222 0.857142857142857
v 0.365245695180537 -0.27364101886381 -0.435282869410975
vn 0.400771519400709 -0.78183148246803 -0.477620898055235
vt 0.861111111111111 0.857142857142857
v 0.40179322682853 -0.27364101886381 -0.40179322682853
vn 0.440873866894967 -0.78183148246803 -0.440873866894967
vt 0.875 0.857142857142857
v 0.435282869410974 -0.27364101886381 -0.365245695180537
vn 0.477620898055235 -0.78183148246803 -0.400771519400709
vt 0.888888888888889 0.857142857142857
v 0.465459746526219 -0.27364101886381 -0.32591842325084
vn 0.51073294578592 -0.78183148246803 -0.357619058651352
vt 0.902777777777778 0.857142857142857
v 0.49209419391812 -0.27364101886381 -0.284110715325279
vn 0.539958007410189 -0.78183148246803 -0.311744900929367
vt 0.916666666666667 0.857142857142857
v 0.514983507359705 -0.27364101886381 -0.240140753305352
vn 0.565073662562508 -0.78183148246803 -0.263498176274591
vt 0.930555555555556 0.857142857142857
v 0.53395348535474 -0.27364101886381 -0.19434317515182
vn 0.58588876594192 -0.78183148246803 -0.213246071393817
vt 0.944444444444444 0.857142857142857
v 0.548859754916295 -0.27364101886381 -0.147066528087765
vn 0.602244902043204 -0.78183148246803 -0.161371035148237
vt 0.958333333333333 0.857142857142857
v 0.559588870332357 -0.27364101886381 -0.0986706159437652
vn 0.614017590794526 -0.78183148246803 -0.108267867886685
vt 0.972222222222222 0.857142857142857
v 0.566059176556191 -0.27364101886381 -0.0495237608334863
vn 0.621117234925943 -0.78183148246803 -0.0543407167765882
vt 0.986111111111111 0.857142857142857
v 0.62364101886381 -0.218221430650557 0
vn 0.78183148246803 -0.623489801858734 0
vt 0 0.892857142857143
v 0.621267876504662 -0.218221430650557 0.0543538962069817
vn 0.778856377635861 -0.623489801858734 0.0681411035580038
vt 0.0138888888888889 0.892857142857143
v 0.614166510473513 -0.218221430650557 0.108294126444048
vn 0.769953705483544 -0.623489801858734 0.135763612173208
vt 0.0277777777777778 0.892857142857143
v 0.602390966453783 -0.218221430650557 0.161410172989095
vn 0.755191220721739 -0.623489801858734 0.202352877723464
vt 0.0416666666666667 0.892857142857143
v 0.586030863445728 -0.218221430650557 0.213297790655567
vn 0.734681274773315 -0.623489801858734 0.267402115690236
vt 0.0555555555555556 0.892857142857143
v 0.565210711711742 -0.218221430650557 0.263562083342422
vn 0.708579960711183 -0.623489801858734 0.330416262094793
vt 0.0694444444444444 0.892857142857143
v 0.54008896517807 -0.218221430650557 0.311820509431905
vn 0.677085925295762 -0.623489801858734 0.390915741234015
vt 0.0833333333333333 0.892857142857143
v 0.51085681550476 -0.218221430650557 0.35770579316224
vn 0.64043885715318 -0.623489801858734 0.448440115541068
vt 0.0972222222222222 0.892857142857143
v 0.47773673700168 -0.218221430650557 0.400868719817947
vn 0.598917662600107 -0.623489801858734 0.502551589793308
vt 0.111111111111111 0.892857142857143
v 0.440980793464688 -0.218221430650557 0.440980793464688
vn 0.552838342998275 -0.623489801858734 0.552838342998275
vt 0.125 0.892857142857143
v 0.400868719817947 -0.218221430650557 0.47773673700168
vn 0.502551589793308 -0.623489801858734 0.598917662600107
vt 0.138888888888889 0.892857142857143
v 0.35770579316224 -0.218221430650557 0.51085681550476
vn 0.448440115541068 -0.623489801858734 0.64043885715318
vt 0.152777777777778 0.892857142857143
v 0.311820509431905 -0.218221430650557 0.54008896517807
vn 0.390915741234015 -0.623489801858734 0.677085925295762
vt 0.166666666666667 0.892857142857143
v 0.263562083342422 -0.218221430650557 0.565210711711742
vn 0.330416262094793 -0.623489801858734 0.708579960711183
vt 0.180555555555556 0.892857142857143
v 0.213297790655567 -0.218221430650557 0.586030863445728
vn 0.267402115690236 -0.623489801858734 0.734681274773315
vt 0.194444444444444 0.892857142857143
v 0.161410172989095 -0.218221430650557 0.602390966453783
vn 0.202352877723464 -0.623489801858734 0.755191220721739
vt 0.208333333333333 0.892857142857143
v 0.108294126444048 -0.218221430650557 0.614166510473513
vn 0.135763612173208 -0.623489801858734 0.769953705483544
vt 0.222222222222222 0.892857142857143
v 0.0543538962069818 -0.218221430650557 0.621267876504662
vn 0.068141103558004 -0.623489801858734 0.778856377635861
vt 0.236111111111111 0.892857142857143
v 3.81857377102442E-17 -0.218221430650557 0.62364101886381
vn 4.78717900524359E-17 -0.623489801858734 0.78183148246803
vt 0.25 0.892857142857143
v -0.0543538962069817 -0.218221430650557 0.621267876504662
vn -0.0681411035580039 -0.623489801858734 0.778856377635861
vt 0.263888888888889 0.892857142857143
v -0.108294126444048 -0.218221430650557 0.614166510473513
vn -0.135763612173208 -0.623489801858734 0.769953705483544
vt 0.277777777777778 0.892857142857143
v -0.161410172989095 -0.218221430650557 0.602390966453783
vn -0.202352877723464 -0.623489801858734 0.755191220721739
vt 0.291666666666667 0.892857142857143
v -0.213297790655567 -0.218221430650557 0.586030863445728
vn -0.267402115690236 -0.623489801858734 0.734681274773315
vt 0.305555555555556 0.892857142857143
v -0.263562083342422 -0.218221430650557 0.565210711711742
vn -0.330416262094793 -0.623489801858734 0.708579960711183
vt 0.319444444444444 0.892857142857143
v -0.311820509431905 -0.218221430650557 0.54008896517807
vn -0.390915741234015 -0.623489801858734 0.677085925295762
vt 0.333333333333333 0.892857142857143
v -0.35770579316224 -0.218221430650557 0.51085681550476
vn -0.448440115541068 -0.623489801858734 0.64043885715318
vt 0.347222222222222 0.892857142857143
v -0.400868719817947 -0.218221430650557 0.47773673700168
vn -0.502551589793308 -0.623489801858734 0.598917662600107
vt 0.361111111111111 0.892857142857143
v -0.440980793464688 -0.218221430650557 0.440980793464688
vn -0.552838342998275 -0.623489801858734 0.552838342998275
vt 0.375 0.892857142857143
v -0.47773673700168 -0.218221430650557 0.400868719817947
vn -0.598917662600107 -0.623489801858734 0.502551589793308
vt 0.388888888888889 0.892857142857143
v -0.51085681550476 -0.218221430650557 0.35770579316224
vn -0.64043885715318 -0.623489801858734 0.448440115541068
vt 0.402777777777778 0.892857142857143
v -0.54008896517807 -0.218221430650557 0.311820509431905
vn -0.677085925295762 -0.623489801858734 0.390915741234015
vt 0.416666666666667 0.892857142857143
v -0.565210711711742 -0.218221430650557 0.263562083342422
vn -0.708579960711183 -0.623489801858734 0.330416262094793
vt 0.430555555555556 0.892857142857143
v -0.586030863445728 -0.218221430650557 0.213297790655567
vn -0.734681274773315 -0.623489801858734 0.267402115690236
vt 0.444444444444444 0.892857142857143
v -0.602390966453782 -0.218221430650557 0.161410172989095
vn -0.755191220721739 -0.623489801858734 0.202352877723464
vt 0.458333333333333 0.892857142857143
v -0.614166510473513 -0.218221430650557 0.108294126444049
vn -0.769953705483544 -0.623489801858734 0.135763612173208
vt 0.472222222222222 0.892857142857143
v -0.621267876504662 -0.218221430650557 0.0543538962069817
vn -0.778856377635861 -0.623489801858734 0.0681411035580038
vt 0.486111111111111 0.892857142857143
v -0.62364101886381 -0.218221430650557 7.63714754204883E-17
vn -0.78183148246803 -0.623489801858734 9.57435801048718E-17
vt 0.5 0.892857142857143
v -0.621267876504662 -0.218221430650557 -0.0543538962069816
vn -0.778856377635861 -0.623489801858734 -0.0681411035580036
vt 0.513888888888889 0.892857142857143
v -0.614166510473513 -0.218221430650557 -0.108294126444048
vn -0.769953705483544 -0.623489801858734 -0.135763612173208
vt 0.527777777777778 0.892857142857143
v -0.602390966453783 -0.218221430650557 -0.161410172989094
vn -0.755191220721739 -0.623489801858734 -0.202352877723463
vt 0.541666666666667 0.892857142857143
v -0.586030863445728 -0.218221430650557 -0.213297790655566
vn -0.734681274773315 -0.623489801858734 -0.267402115690236
vt 0.555555555555556 0.892857142857143
v -0.565210711711742 -0.218221430650557 -0.263562083342422
vn -0.708579960711183 -0.623489801858734 -0.330416262094793
vt 0.569444444444444 0.892857142857143
v -0.54008896517807 -0.218221430650557 -0.311820509431905
vn -0.677085925295762 -0.623489801858734 -0.390915741234015
vt 0.583333333333333 0.892857142857143
v -0.51085681550476 -0.218221430650557 -0.35770579316224
vn -0.64043885715318 -0.623489801858734 -0.448440115541068
vt 0.597222222222222 0.892857142857143
v -0.47773673700168 -0.218221430650557 -0.400868719817947
vn -0.598917662600107 -0.623489801858734 -0.502551589793308
vt 0.611111111111111 0.892857142857143
v -0.440980793464688 -0.218221430650557 -0.440980793464688
vn -0.552838342998275 -0.623489801858734 -0.552838342998275
vt 0.625 0.892857142857143
v -0.400868719817947 -0.218221430650557 -0.47773673700168
vn -0.502551589793308 -0.623489801858734 -0.598917662600107
vt 0.638888888888889 0.892857142857143
v -0.35770579316224 -0.218221430650557 -0.51085681550476
vn -0.448440115541068 -0.623489801858734 -0.640438857153179
vt 0.652777777777778 0.892857142857143
v -0.311820509431905 -0.218221430650557 -0.54008896517807
vn -0.390915741234015 -0.623489801858734 -0.677085925295762
vt 0.666666666666667 0.892857142857143
v -0.263562083342422 -0.218221430650557 -0.565210711711742
vn -0.330416262094793 -0.623489801858734 -0.708579960711183
vt 0.680555555555556 0.892857142857143
v -0.213297790655567 -0.218221430650557 -0.586030863445728
vn -0.267402115690236 -0.623489801858734 -0.734681274773315
vt 0.694444444444444 0.892857142857143
v -0.161410172989094 -0.218221430650557 -0.602390966453783
vn -0.202352877723464 -0.623489801858734 -0.755191220721739
vt 0.708333333333333 0.892857142857143
v -0.108294126444048 -0.218221430650557 -0.614166510473513
vn -0.135763612173208 -0.623489801858734 -0.769953705483544
vt 0.722222222222222 0.892857142857143
v -0.0543538962069817 -0.218221430650557 -0.621267876504662
vn -0.0681411035580039 -0.623489801858734 -0.778856377635861
vt 0.736111111111111 0.892857142857143
v -1.14557213130732E-16 -0.218221430650557 -0.62364101886381
vn -1.43615370157308E-16 -0.623489801858734 -0.78183148246803
vt 0.75 0.892857142857143
v 0.0543538962069815 -0.218221430650557 -0.621267876504662
vn 0.0681411035580036 -0.623489801858734 -0.778856377635861
vt 0.763888888888889 0.892857142857143
v 0.108294126444048 -0.218221430650557 -0.614166510473513
vn 0.135763612173208 -0.623489801858734 -0.769953705483544
vt 0.777777777777778 0.892857142857143
v 0.161410172989094 -0.218221430650557 -0.602390966453783
vn 0.202352877723463 -0.623489801858734 -0.755191220721739
vt 0.791666666666667 0.892857142857143
v 0.213297790655567 -0.218221430650557 -0.586030863445728
vn 0.267402115690236 -0.623489801858734 -0.734681274773315
vt 0.805555555555556 0.892857142857143
v 0.263562083342422 -0.218221430650557 -0.565210711711742
vn 0.330416262094792 -0.623489801858734 -0.708579960711184
vt 0.819444444444444 0.892857142857143
v 0.311820509431905 -0.218221430650557 -0.54008896517807
vn 0.390915741234015 -0.623489801858734 -0.677085925295762
vt 0.833333333333333 0.892857142857143
v 0.35770579316224 -0.218221430650557 -0.51085681550476
vn 0.448440115541068 -0.623489801858734 -0.64043885715318
vt 0.847222222222222 0.892857142857143
v 0.400868719817947 -0.218221430650557 -0.47773673700168
vn 0.502551589793308 -0.623489801858734 -0.598917662600107
vt 0.861111111111111 0.892857142857143
v 0.440980793464688 -0.218221430650557 -0.440980793464688
vn 0.552838342998275 -0.623489801858734 -0.552838342998275
vt 0.875 0.892857142857143
v 0.47773673700168 -0.218221430650557 -0.400868719817947
vn 0.598917662600107 -0.623489801858734 -0.502551589793308
vt 0.888888888888889 0.892857142857143
v 0.51085681550476 -0.218221430650557 -0.35770579316224
vn 0.640438857153179 -0.623489801858734 -0.448440115541068
vt 0.902777777777778 0.892857142857143
v 0.54008896517807 -0.218221430650557 -0.311820509431905
vn 0.677085925295762 -0.623489801858734 -0.390915741234015
vt 0.916666666666667 0.892857142857143
v 0.565210711711742 -0.218221430650557 -0.263562083342422
vn 0.708579960711183 -0.623489801858734 -0.330416262094793
vt 0.930555555555556 0.892857142857143
v 0.586030863445728 -0.218221430650557 -0.213297790655567
vn 0.734681274773315 -0.623489801858734 -0.267402115690236
vt 0.944444444444444 0.892857142857143
v 0.602390966453783 -0.218221430650557 -0.161410172989094
vn 0.755191220721739 -0.623489801858734 -0.202352877723464
vt 0.958333333333333 0.892857142857143
v 0.614166510473513 -0.218221430650557 -0.108294126444048
vn 0.769953705483544 -0.623489801858734 -0.135763612173208
vt 0.972222222222222 0.892857142857143
v 0.621267876504662 -0.218221430650557 -0.0543538962069818
vn 0.778856377635861 -0.623489801858734 -0.0681411035580039
vt 0.986111111111111 0.892857142857143
v 0.665339103765847 -0.151859308691145 0
vn 0.900968867902419 -0.433883739117558 0
vt 0 0.928571428571429
v 0.66280728760465 -0.151859308691145 0.0579881237677736
vn 0.897540409350112 -0.433883739117558 0.0785246108745521
vt 0.0138888888888889 0.928571428571429
v 0.6552311077708 -0.151859308691145 0.115534922899488
vn 0.887281126332934 -0.433883739117558 0.156451602045892
vt 0.0277777777777778 0.928571428571429
v 0.642668223567454 -0.151859308691145 0.172202431506043
vn 0.870269098189371 -0.433883739117558 0.233187902057603
vt 0.0416666666666667 0.928571428571429
v 0.625214246129076 -0.151859308691145 0.227559375630167
vn 0.846633796725737 -0.433883739117558 0.308149501331951
vt 0.0555555555555556 0.928571428571429
v 0.603002010762972 -0.151859308691145 0.281184455501637
vn 0.816555100857557 -0.433883739117558 0.380765896835406
vt 0.0694444444444444 0.928571428571429
v 0.576200565992394 -0.151859308691145 0.332669551882923
vn 0.780261927622401 -0.433883739117558 0.450484433951209
vt 0.0833333333333333 0.928571428571429
v 0.545013886995199 -0.151859308691145 0.381622832103013
vn 0.738030489983005 -0.433883739117558 0.516774512514706
vt 0.0972222222222222 0.928571428571429
v 0.509679323229588 -0.151859308691145 0.427671732140633
vn 0.690182194679845 -0.433883739117558 0.579131625000983
vt 0.111111111111111 0.928571428571429
v 0.47046579206141 -0.151859308691145 0.47046579206141
vn 0.637081196131767 -0.433883739117558 0.637081196131767
vt 0.125 0.928571428571429
v 0.427671732140633 -0.151859308691145 0.509679323229588
vn 0.579131625000983 -0.433883739117558 0.690182194679845
vt 0.138888888888889 0.928571428571429
v 0.381622832103013 -0.151859308691145 0.545013886995199
vn 0.516774512514706 -0.433883739117558 0.738030489983005
vt 0.152777777777778 0.928571428571429
v 0.332669551882923 -0.151859308691145 0.576200565992394
vn 0.45048443395121 -0.433883739117558 0.780261927622401
vt 0.166666666666667 0.928571428571429
v 0.281184455501637 -0.151859308691145 0.603002010762972
vn 0.380765896835406 -0.433883739117558 0.816555100857557
vt 0.180555555555556 0.928571428571429
v 0.227559375630167 -0.151859308691145 0.625214246129076
vn 0.308149501331951 -0.433883739117558 0.846633796725737
vt 0.194444444444444 0.928571428571429
v 0.172202431506043 -0.151859308691145 0.642668223567454
vn 0.233187902057603 -0.433883739117558 0.870269098189371
vt 0.208333333333333 0.928571428571429
v 0.115534922899488 -0.151859308691145 0.6552311077708
vn 0.156451602045892 -0.433883739117558 0.887281126332934
vt 0.222222222222222 0.928571428571429
v 0.0579881237677737 -0.151859308691145 0.66280728760465
vn 0.0785246108745522 -0.433883739117558 0.897540409350112
vt 0.236111111111111 0.928571428571429
v 4.07389246959071E-17 -0.151859308691145 0.665339103765847
vn 5.51666100114728E-17 -0.433883739117558 0.900968867902419
vt 0.25 0.928571428571429
v -0.0579881237677736 -0.151859308691145 0.66280728760465
vn -0.0785246108745521 -0.433883739117558 0.897540409350112
vt 0.263888888888889 0.928571428571429
v -0.115534922899488 -0.151859308691145 0.6552311077708
vn -0.156451602045892 -0.433883739117558 0.887281126332934
vt 0.277777777777778 0.928571428571429
v -0.172202431506043 -0.151859308691145 0.642668223567454
vn -0.233187902057603 -0.433883739117558 0.870269098189371
vt 0.291666666666667 0.928571428571429
v -0.227559375630167 -0.151859308691145 0.625214246129076
vn -0.308149501331951 -0.433883739117558 0.846633796725737
vt 0.305555555555556 0.928571428571429
v -0.281184455501637 -0.151859308691145 0.603002010762973
vn -0.380765896835406 -0.433883739117558 0.816555100857557
vt 0.319444444444444 0.928571428571429
v -0.332669551882923 -0.151859308691145 0.576200565992394
vn -0.450484433951209 -0.433883739117558 0.780261927622401
vt 0.333333333333333 0.928571428571429
v -0.381622832103013 -0.151859308691145 0.545013886995199
vn -0.516774512514706 -0.433883739117558 0.738030489983005
vt 0.347222222222222 0.928571428571429
v -0.427671732140633 -0.151859308691145 0.509679323229588
vn -0.579131625000983 -0.433883739117558 0.690182194679845
vt 0.361111111111111 0.928571428571429
v -0.47046579206141 -0.151859308691145 0.47046579206141
vn -0.637081196131767 -0.433883739117558 0.637081196131767
vt 0.375 0.928571428571429
v -0.509679323229588 -0.151859308691145 0.427671732140633
vn -0.690182194679845 -0.433883739117558 0.579131625000983
vt 0.388888888888889 0.928571428571429
v -0.545013886995199 -0.151859308691145 0.381622832103013
vn -0.738030489983005 -0.433883739117558 0.516774512514706
vt 0.402777777777778 0.928571428571429
v -0.576200565992394 -0.151859308691145 0.332669551882923
vn -0.780261927622401 -0.433883739117558 0.450484433951209
vt 0.416666666666667 0.928571428571429
v -0.603002010762972 -0.151859308691145 0.281184455501637
vn -0.816555100857557 -0.433883739117558 0.380765896835406
vt 0.430555555555556 0.928571428571429
v -0.625214246129076 -0.151859308691145 0.227559375630167
vn -0.846633796725737 -0.433883739117558 0.308149501331951
vt 0.444444444444444 0.928571428571429
v -0.642668223567453 -0.151859308691145 0.172202431506044
vn -0.87026909818937 -0.433883739117558 0.233187902057603
vt 0.458333333333333 0.928571428571429
v -0.6552311077708 -0.151859308691145 0.115534922899488
vn -0.887281126332934 -0.433883739117558 0.156451602045893
vt 0.472222222222222 0.928571428571429
v -0.66280728760465 -0.151859308691145 0.0579881237677736
vn -0.897540409350112 -0.433883739117558 0.0785246108745521
vt 0.486111111111111 0.928571428571429
v -0.665339103765847 -0.151859308691145 8.14778493918142E-17
vn -0.900968867902419 -0.433883739117558 1.10333220022946E-16
vt 0.5 0.928571428571429
v -0.66280728760465 -0.151859308691145 -0.0579881237677734
vn -0.897540409350112 -0.433883739117558 -0.0785246108745518
vt 0.513888888888889 0.928571428571429
v -0.6552311077708 -0.151859308691145 -0.115534922899488
vn -0.887281126332934 -0.433883739117558 -0.156451602045892
vt 0.527777777777778 0.928571428571429
v -0.642668223567454 -0.151859308691145 -0.172202431506043
vn -0.870269098189371 -0.433883739117558 -0.233187902057603
vt 0.541666666666667 0.928571428571429
v -0.625214246129076 -0.151859308691145 -0.227559375630167
vn -0.846633796725737 -0.433883739117558 -0.308149501331951
vt 0.555555555555556 0.928571428571429
v -0.603002010762973 -0.151859308691145 -0.281184455501637
vn -0.816555100857557 -0.433883739117558 -0.380765896835406
vt 0.569444444444444 0.928571428571429
v -0.576200565992394 -0.151859308691145 -0.332669551882923
vn -0.780261927622401 -0.433883739117558 -0.45048443395121
vt 0.583333333333333 0.928571428571429
v -0.545013886995199 -0.151859308691145 -0.381622832103013
vn -0.738030489983005 -0.433883739117558 -0.516774512514706
vt 0.597222222222222 0.928571428571429
v -0.509679323229588 -0.151859308691145 -0.427671732140633
vn -0.690182194679845 -0.433883739117558 -0.579131625000983
vt 0.611111111111111 0.928571428571429
v -0.47046579206141 -0.151859308691145 -0.47046579206141
vn -0.637081196131767 -0.433883739117558 -0.637081196131767
vt 0.625 0.928571428571429
v -0.427671732140633 -0.151859308691145 -0.509679323229588
vn -0.579131625000983 -0.433883739117558 -0.690182194679845
vt 0.638888888888889 0.928571428571429
v -0.381622832103013 -0.151859308691145 -0.545013886995199
vn -0.516774512514706 -0.433883739117558 -0.738030489983005
vt 0.652777777777778 0.928571428571429
v -0.332669551882924 -0.151859308691145 -0.576200565992394
vn -0.45048443395121 -0.433883739117558 -0.780261927622401
vt 0.666666666666667 0.928571428571429
v -0.281184455501637 -0.151859308691145 -0.603002010762973
vn -0.380765896835406 -0.433883739117558 -0.816555100857557
vt 0.680555555555556 0.928571428571429
v -0.227559375630167 -0.151859308691145 -0.625214246129076
vn -0.308149501331951 -0.433883739117558 -0.846633796725737
vt 0.694444444444444 0.928571428571429
v -0.172202431506043 -0.151859308691145 -0.642668223567454
vn -0.233187902057603 -0.433883739117558 -0.870269098189371
vt 0.708333333333333 0.928571428571429
v -0.115534922899488 -0.151859308691145 -0.6552311077708
vn -0.156451602045892 -0.433883739117558 -0.887281126332934
vt 0.722222222222222 0.928571428571429
v -0.0579881237677736 -0.151859308691145 -0.66280728760465
vn -0.0785246108745521 -0.433883739117558 -0.897540409350112
vt 0.736111111111111 0.928571428571429
v -1.22216774087721E-16 -0.151859308691145 -0.665339103765847
vn -1.65499830034418E-16 -0.433883739117558 -0.900968867902419
vt 0.75 0.928571428571429
v 0.0579881237677734 -0.151859308691145 -0.66280728760465
vn 0.0785246108745518 -0.433883739117558 -0.897540409350112
vt 0.763888888888889 0.928571428571429
v 0.115534922899488 -0.151859308691145 -0.6552311077708
vn 0.156451602045892 -0.433883739117558 -0.887281126332934
vt 0.777777777777778 0.928571428571429
v 0.172202431506043 -0.151859308691145 -0.642668223567454
vn 0.233187902057603 -0.433883739117558 -0.870269098189371
vt 0.791666666666667 0.928571428571429
v 0.227559375630167 -0.151859308691145 -0.625214246129076
vn 0.308149501331951 -0.433883739117558 -0.846633796725737
vt 0.805555555555556 0.928571428571429
v 0.281184455501637 -0.151859308691145 -0.603002010762973
vn 0.380765896835406 -0.433883739117558 -0.816555100857557
vt 0.819444444444444 0.928571428571429
v 0.332669551882923 -0.151859308691145 -0.576200565992394
vn 0.45048443395121 -0.433883739117558 -0.780261927622401
vt 0.833333333333333 0.928571428571429
v 0.381622832103013 -0.151859308691145 -0.545013886995199
vn 0.516774512514706 -0.433883739117558 -0.738030489983005
vt 0.847222222222222 0.928571428571429
v 0.427671732140633 -0.151859308691145 -0.509679323229588
vn 0.579131625000983 -0.433883739117558 -0.690182194679845
vt 0.861111111111111 0.928571428571429
v 0.47046579206141 -0.151859308691145 -0.47046579206141
vn 0.637081196131767 -0.433883739117558 -0.637081196131767
vt 0.875 0.928571428571429
v 0.509679323229588 -0.151859308691145 -0.427671732140633
vn 0.690182194679844 -0.433883739117558 -0.579131625000984
vt 0.888888888888889 0.928571428571429
v 0.545013886995199 -0.151859308691145 -0.381622832103013
vn 0.738030489983005 -0.433883739117558 -0.516774512514706
vt 0.902777777777778 0.928571428571429
v 0.576200565992394 -0.151859308691145 -0.332669551882924
vn 0.780261927622401 -0.433883739117558 -0.45048443395121
vt 0.916666666666667 0.928571428571429
v 0.603002010762973 -0.151859308691145 -0.281184455501637
vn 0.816555100857557 -0.433883739117558 -0.380765896835406
vt 0.930555555555556 0.928571428571429
v 0.625214246129076 -0.151859308691145 -0.227559375630167
vn 0.846633796725737 -0.433883739117558 -0.308149501331952
vt 0.944444444444444 0.928571428571429
v 0.642668223567454 -0.151859308691145 -0.172202431506043
vn 0.870269098189371 -0.433883739117558 -0.233187902057603
vt 0.958333333333333 0.928571428571429
v 0.6552311077708 -0.151859308691145 -0.115534922899488
vn 0.887281126332934 -0.433883739117558 -0.156451602045892
vt 0.972222222222222 0.928571428571429
v 0.66280728760465 -0.151859308691145 -0.0579881237677737
vn 0.897540409350112 -0.433883739117558 -0.0785246108745522
vt 0.986111111111111 0.928571428571429
v 0.691224769263638 -0.0778823268847101 0
vn 0.974927912181824 -0.222520933956315 0
vt 0 0.964285714285714
v 0.688594450330127 -0.0778823268847101 0.060244208170751
vn 0.971218017137187 -0.222520933956315 0.0849705663116305
vt 0.0138888888888889 0.964285714285714
v 0.680723511844905 -0.0778823268847101 0.120029921540875
vn 0.960116566544665 -0.222520933956315 0.169294455306999
vt 0.0277777777777778 0.964285714285714
v 0.66767185640245 -0.0778823268847101 0.178902134732025
vn 0.941708049146504 -0.222520933956315 0.252329911274694
vt 0.0416666666666667 0.964285714285714
v 0.649538814981483 -0.0778823268847101 0.236412794653802
vn 0.916132564875472 -0.222520933956315 0.333444984256622
vt 0.0555555555555556 0.964285714285714
v 0.626462390976247 -0.0778823268847101 0.292124210458315
vn 0.88358475860977 -0.222520933956315 0.412022339568772
vt 0.0694444444444444 0.964285714285714
v 0.598618209907348 -0.0778823268847101 0.345612384631819
vn 0.844312338807984 -0.222520933956315 0.487463956090912
vt 0.0833333333333333 0.964285714285714
v 0.566218182805496 -0.0778823268847101 0.396470239871812
vn 0.798614192298139 -0.222520933956315 0.559195677568416
vt 0.0972222222222222 0.964285714285714
v 0.529508893440608 -0.0778823268847101 0.444310717191104
vn 0.746838109568473 -0.222520933956315 0.626671582288043
vt 0.111111111111111 0.964285714285714
v 0.488769721670425 -0.0778823268847101 0.488769721670425
vn 0.68937813787181 -0.222520933956315 0.68937813787181
vt 0.125 0.964285714285714
v 0.444310717191104 -0.0778823268847101 0.529508893440608
vn 0.626671582288043 -0.222520933956315 0.746838109568473
vt 0.138888888888889 0.964285714285714
v 0.396470239871812 -0.0778823268847101 0.566218182805496
vn 0.559195677568416 -0.222520933956315 0.798614192298139
vt 0.152777777777778 0.964285714285714
v 0.345612384631819 -0.0778823268847101 0.598618209907348
vn 0.487463956090912 -0.222520933956315 0.844312338807983
vt 0.166666666666667 0.964285714285714
v 0.292124210458315 -0.0778823268847101 0.626462390976247
vn 0.412022339568772 -0.222520933956315 0.88358475860977
vt 0.180555555555556 0.964285714285714
v 0.236412794653802 -0.0778823268847101 0.649538814981483
vn 0.333444984256622 -0.222520933956315 0.916132564875472
vt 0.194444444444444 0.964285714285714
v 0.178902134732025 -0.0778823268847101 0.66767185640245
vn 0.252329911274694 -0.222520933956315 0.941708049146504
vt 0.208333333333333 0.964285714285714
v 0.120029921540875 -0.0778823268847101 0.680723511844905
vn 0.169294455306999 -0.222520933956315 0.960116566544665
vt 0.222222222222222 0.964285714285714
v 0.0602442081707512 -0.0778823268847101 0.688594450330127
vn 0.0849705663116307 -0.222520933956315 0.971218017137187
vt 0.236111111111111 0.964285714285714
v 4.23239122179829E-17 -0.0778823268847101 0.691224769263638
vn 5.96951457888323E-17 -0.222520933956315 0.974927912181824
vt 0.25 0.964285714285714
v -0.0602442081707511 -0.0778823268847101 0.688594450330127
vn -0.0849705663116306 -0.222520933956315 0.971218017137187
vt 0.263888888888889 0.964285714285714
v -0.120029921540875 -0.0778823268847101 0.680723511844905
vn -0.169294455306999 -0.222520933956315 0.960116566544665
vt 0.277777777777778 0.964285714285714
v -0.178902134732025 -0.0778823268847101 0.66767185640245
vn -0.252329911274694 -0.222520933956315 0.941708049146504
vt 0.291666666666667 0.964285714285714
v -0.236412794653802 -0.0778823268847101 0.649538814981483
vn -0.333444984256622 -0.222520933956315 0.916132564875472
vt 0.305555555555556 0.964285714285714
v -0.292124210458315 -0.0778823268847101 0.626462390976247
vn -0.412022339568771 -0.222520933956315 0.88358475860977
vt 0.319444444444444 0.964285714285714
v -0.345612384631819 -0.0778823268847101 0.598618209907348
vn -0.487463956090912 -0.222520933956315 0.844312338807984
vt 0.333333333333333 0.964285714285714
v -0.396470239871812 -0.0778823268847101 0.566218182805496
vn -0.559195677568416 -0.222520933956315 0.79861419229814
vt 0.347222222222222 0.964285714285714
v -0.444310717191104 -0.0778823268847101 0.529508893440608
vn -0.626671582288043 -0.222520933956315 0.746838109568473
vt 0.361111111111111 0.964285714285714
v -0.488769721670425 -0.0778823268847101 0.488769721670425
vn -0.68937813787181 -0.222520933956315 0.68937813787181
vt 0.375 0.964285714285714
v -0.529508893440608 -0.0778823268847101 0.444310717191104
vn -0.746838109568473 -0.222520933956315 0.626671582288043
vt 0.388888888888889 0.964285714285714
v -0.566218182805496 -0.0778823268847101 0.396470239871812
vn -0.798614192298139 -0.222520933956315 0.559195677568416
vt 0.402777777777778 0.964285714285714
v -0.598618209907348 -0.0778823268847101 0.345612384631819
vn -0.844312338807984 -0.222520933956315 0.487463956090912
vt 0.416666666666667 0.964285714285714
v -0.626462390976247 -0.0778823268847101 0.292124210458315
vn -0.88358475860977 -0.222520933956315 0.412022339568772
vt 0.430555555555556 0.964285714285714
v -0.649538814981483 -0.0778823268847101 0.236412794653802
vn -0.916132564875472 -0.222520933956315 0.333444984256622
vt 0.444444444444444 0.964285714285714
v -0.66767185640245 -0.0778823268847101 0.178902134732025
vn -0.941708049146504 -0.222520933956315 0.252329911274694
vt 0.458333333333333 0.964285714285714
v -0.680723511844905 -0.0778823268847101 0.120029921540875
vn -0.960116566544665 -0.222520933956315 0.169294455306999
vt 0.472222222222222 0.964285714285714
v -0.688594450330127 -0.0778823268847101 0.060244208170751
vn -0.971218017137187 -0.222520933956315 0.0849705663116305
vt 0.486111111111111 0.964285714285714
v -0.691224769263638 -0.0778823268847101 8.46478244359658E-17
vn -0.974927912181824 -0.222520933956315 1.19390291577665E-16
vt 0.5 0.964285714285714
v -0.688594450330127 -0.0778823268847101 -0.0602442081707509
vn -0.971218017137187 -0.222520933956315 -0.0849705663116303
vt 0.513888888888889 0.964285714285714
v -0.680723511844905 -0.0778823268847101 -0.120029921540875
vn -0.960116566544665 -0.222520933956315 -0.169294455306999
vt 0.527777777777778 0.964285714285714
v -0.66767185640245 -0.0778823268847101 -0.178902134732025
vn -0.941708049146504 -0.222520933956315 -0.252329911274693
vt 0.541666666666667 0.964285714285714
v -0.649538814981483 -0.0778823268847101 -0.236412794653802
vn -0.916132564875472 -0.222520933956315 -0.333444984256622
vt 0.555555555555556 0.964285714285714
v -0.626462390976247 -0.0778823268847101 -0.292124210458315
vn -0.88358475860977 -0.222520933956315 -0.412022339568771
vt 0.569444444444444 0.964285714285714
v -0.598618209907348 -0.0778823268847101 -0.345612384631819
vn -0.844312338807983 -0.222520933956315 -0.487463956090912
vt 0.583333333333333 0.964285714285714
v -0.566218182805496 -0.0778823268847101 -0.396470239871812
vn -0.79861419229814 -0.222520933956315 -0.559195677568416
vt 0.597222222222222 0.964285714285714
v -0.529508893440608 -0.0778823268847101 -0.444310717191104
vn -0.746838109568473 -0.222520933956315 -0.626671582288043
vt 0.611111111111111 0.964285714285714
v -0.488769721670425 -0.0778823268847101 -0.488769721670425
vn -0.68937813787181 -0.222520933956315 -0.68937813787181
vt 0.625 0.964285714285714
v -0.444310717191104 -0.0778823268847101 -0.529508893440608
vn -0.626671582288043 -0.222520933956315 -0.746838109568473
vt 0.638888888888889 0.964285714285714
v -0.396470239871812 -0.0778823268847101 -0.566218182805496
vn -0.559195677568416 -0.222520933956315 -0.798614192298139
vt 0.652777777777778 0.964285714285714
v -0.345612384631819 -0.0778823268847101 -0.598618209907347
vn -0.487463956090912 -0.222520933956315 -0.844312338807983
vt 0.666666666666667 0.964285714285714
v -0.292124210458315 -0.0778823268847101 -0.626462390976247
vn -0.412022339568771 -0.222520933956315 -0.88358475860977
vt 0.680555555555556 0.964285714285714
v -0.236412794653802 -0.0778823268847101 -0.649538814981483
vn -0.333444984256623 -0.222520933956315 -0.916132564875471
vt 0.694444444444444 0.964285714285714
v -0.178902134732025 -0.0778823268847101 -0.66767185640245
vn -0.252329911274694 -0.222520933956315 -0.941708049146504
vt 0.708333333333333 0.964285714285714
v -0.120029921540875 -0.0778823268847101 -0.680723511844905
vn -0.169294455306999 -0.222520933956315 -0.960116566544665
vt 0.722222222222222 0.964285714285714
v -0.0602442081707511 -0.0778823268847101 -0.688594450330127
vn -0.0849705663116306 -0.222520933956315 -0.971218017137187
vt 0.736111111111111 0.964285714285714
v -1.26971736653949E-16 -0.0778823268847101 -0.691224769263638
vn -1.79085437366497E-16 -0.222520933956315 -0.974927912181824
vt 0.75 0.964285714285714
v 0.0602442081707508 -0.0778823268847101 -0.688594450330127
vn 0.0849705663116302 -0.222520933956315 -0.971218017137187
vt 0.763888888888889 0.964285714285714
v 0.120029921540875 -0.0778823268847101 -0.680723511844906
vn 0.169294455306998 -0.222520933956315 -0.960116566544665
vt 0.777777777777778 0.964285714285714
v 0.178902134732025 -0.0778823268847101 -0.66767185640245
vn 0.252329911274693 -0.222520933956315 -0.941708049146504
vt 0.791666666666667 0.964285714285714
v 0.236412794653802 -0.0778823268847101 -0.649538814981483
vn 0.333444984256623 -0.222520933956315 -0.916132564875472
vt 0.805555555555556 0.964285714285714
v 0.292124210458314 -0.0778823268847101 -0.626462390976247
vn 0.412022339568771 -0.222520933956315 -0.88358475860977
vt 0.819444444444444 0.964285714285714
v 0.345612384631819 -0.0778823268847101 -0.598618209907348
vn 0.487463956090912 -0.222520933956315 -0.844312338807983
vt 0.833333333333333 0.964285714285714
v 0.396470239871812 -0.0778823268847101 -0.566218182805496
vn 0.559195677568416 -0.222520933956315 -0.798614192298139
vt 0.847222222222222 0.964285714285714
v 0.444310717191104 -0.0778823268847101 -0.529508893440608
vn 0.626671582288043 -0.222520933956315 -0.746838109568473
vt 0.861111111111111 0.964285714285714
v 0.488769721670425 -0.0778823268847101 -0.488769721670425
vn 0.68937813787181 -0.222520933956315 -0.68937813787181
vt 0.875 0.964285714285714
v 0.529508893440608 -0.0778823268847101 -0.444310717191104
vn 0.746838109568473 -0.222520933956315 -0.626671582288043
vt 0.888888888888889 0.964285714285714
v 0.566218182805496 -0.0778823268847101 -0.396470239871812
vn 0.798614192298139 -0.222520933956315 -0.559195677568416
vt 0.902777777777778 0.964285714285714
v 0.598618209907347 -0.0778823268847101 -0.345612384631819
vn 0.844312338807983 -0.222520933956315 -0.487463956090912
vt 0.916666666666667 0.964285714285714
v 0.626462390976247 -0.0778823268847101 -0.292124210458315
vn 0.88358475860977 -0.222520933956315 -0.412022339568771
vt 0.930555555555556 0.964285714285714
v 0.649538814981483 -0.0778823268847101 -0.236412794653802
vn 0.916132564875471 -0.222520933956315 -0.333444984256623
vt 0.944444444444444 0.964285714285714
v 0.66767185640245 -0.0778823268847101 -0.178902134732025
vn 0.941708049146504 -0.222520933956315 -0.252329911274694
vt 0.958333333333333 0.964285714285714
v 0.680723511844905 -0.0778823268847101 -0.120029921540875
vn 0.960116566544665 -0.222520933956315 -0.169294455306999
vt 0.972222222222222 0.964285714285714
v 0.688594450330127 -0.0778823268847101 -0.0602442081707511
vn 0.971218017137187 -0.222520933956315 -0.0849705663116306
vt 0.986111111111111 0.964285714285714
f 1/1/1 74/74/74 2/2/2
f 1/1/1 73/73/73 74/74/74
f 2/2/2 75/75/75 3/3/3
f 2/2/2 74/74/74 75/75/75
f 3/3/3 76/76/76 4/4/4
f 3/3/3 75/75/75 76/76/76
f 4/4/4 77/77/77 5/5/5
f 4/4/4 76/76/76 77/77/77
f 5/5/5 78/78/78 6/6/6
f 5/5/5 77/77/77 78/78/78
f 6/6/6 79/79/79 7/7/7
f 6/6/6 78/78/78 79/79/79
f 7/7/7 80/80/80 8/8/8
f 7/7/7 79/79/79 80/80/80
f 8/8/8 81/81/81 9/9/9
f 8/8/8 80/80/80 81/81/81
f 9/9/9 82/82/82 10/10/10
f 9/9/9 81/81/81 82/82/82
f 10/10/10 83/83/83 11/11/11
f 10/10/10 82/82/82 83/83/83
f 11/11/11 84/84/84 12/12/12
f 11/11/11 83/83/83 84/84/84
f 12/12/12 85/85/85 13/13/13
f 12/12/12 84/84/84 85/85/85
f 13/13/13 86/86/86 14/14/14
f 13/13/13 85/85/85 86/86/86
f 14/14/14 87/87/87 15/15/15
f 14/14/14 86/86/86 87/87/87
f 15/15/15 88/88/88 16/16/16
f 15/15/15 87/87/87 88/88/88
f 16/16/16 89/89/89 17/17/17
f 16/16/16 88/88/88 89/89/89
f 17/17/17 90/90/90 18/18/18
f 17/17/17 89/89/89 90/90/90
f 18/18/18 91/91/91 19/19/19
f 18/18/18 90/90/90 91/91/91
f 19/19/19 92/92/92 20/20/20
f 19/19/19 91/91/91 92/92/92
f 20/20/20 93/93/93 21/21/21
f 20/20/20 92/92/92 93/93/93
f 21/21/21 94/94/94 22/22/22
f 21/21/21 93/93/93 94/94/94
f 22/22/22 95/95/95 23/23/23
f 22/22/22 94/94/94 95/95/95
f 23/23/23 96/96/96 24/24/24
f 23/23/23 95/95/95 96/96/96
f 24/24/24 97/97/97 25/25/25
f 24/24/24 96/96/96 97/97/97
f 25/25/25 98/98/98 26/26/26
f 25/25/25 97/97/97 98/98/98
f 26/26/26 99/99/99 27/27/27
f 26/26/26 98/98/98 99/99/99
f 27/27/27 100/100/100 28/28/28
f 27/27/27 99/99/99 100/100/100
f 28/28/28 101/101/101 29/29/29
f 28/28/28 100/100/100 101/101/101
f 29/29/29 102/102/102 30/30/30
f 29/29/29 101/101/101 102/102/102
f 30/30/30 103/103/103 31/31/31
f 30/30/30 102/102/102 103/103/103
f 31/31/31 104/104/104 32/32/32
f 31/31/31 103/103/103 104/104/104
f 32/32/32 105/105/105 33/33/33
f 32/32/32 104/104/104 105/105/105
f 33/33/33 106/106/106 34/34/34
f 33/33/33 105/105/105 106/106/106
f 34/34/34 107/107/107 35/35/35
f 34/34/34 106/106/106 107/107/107
f 35/35/35 108/108/108 36/36/36
f 35/35/35 107/107/107 108/108/108
f 36/36/36 109/109/109 37/37/37
f 36/36/36 108/108/108 109/109/109
f 37/37/37 110/110/110 38/38/38
f 37/37/37 109/109/109 110/110/110
f 38/38/38 111/111/111 39/39/39
f 38/38/38 110/110/110 111/111/111
f 39/39/39 112/112/112 40/40/40
f 39/39/39 111/111/111 112/112/112
f 40/40/40 113/113/113 41/41/41
f 40/40/40 112/112/112 113/113/113
f 41/41/41 114/114/114 42/42/42
f 41/41/41 113/113/113 114/114/114
f 42/42/42 115/115/115 43/43/43
f 42/42/42 114/114/114 115/115/115
f 43/43/43 116/116/116 44/44/44
f 43/43/43 115/115/115 116/116/116
f 44/44/44 117/117/117 45/45/45
f 44/44/44 116/116/116 117/117/117
f 45/45/45 118/118/118 46/46/46
f 45/45/45 117/117/117 118/118/118
f 46/46/46 119/119/119 47/47/47
f 46/46/46 118/118/118 119/119/119
f 47/47/47 120/120/120 48/48/48
f 47/47/47 119/119/119 120/120/120
f 48/48/48 121/121/121 49/49/49
f 48/48/48 120/120/120 121/121/121
f 49/49/49 122/122/122 50/50/50
f 49/49/49 121/121/121 122/122/122
f 50/50/50 123/123/123 51/51/51
f 50/50/50 122/122/122 123/123/123
f 51/51/51 124/124/124 52/52/52
f 51/51/51 123/123/123 124/124/124
f 52/52/52 125/125/125 53/53/53
f 52/52/52 124/124/124 125/125/125
f 53/53/53 126/126/126 54/54/54
f 53/53/53 125/125/125 126/126/126
f 54/54/54 127/127/127 55/55/55
f 54/54/54 126/126/126 127/127/127
f 55/55/55 128/128/128 56/56/56
f 55/55/55 127/127/127 128/128/128
f 56/56/56 129/129/129 57/57/57
f 56/56/56 128/128/128 129/129/129
f 57/57/57 130/130/130 58/58/58
f 57/57/57 129/129/129 130/130/130
f 58/58/58 131/131/131 59/59/59
f 58/58/58 130/130/130 131/131/131
f 59/59/59 132/132/132 60/60/60
f 59/59/59 131/131/131 132/132/132
f 60/60/60 133/133/133 61/61/61
f 60/60/60 132/132/132 133/133/133
f 61/61/61 134/134/134 62/62/62
f 61/61/61 133/133/133 134/134/134
f 62/62/62 135/135/135 63/63/63
f 62/62/62 134/134/134 135/135/135
f 63/63/63 136/136/136 64/64/64
f 63/63/63 135/135/135 136/136/136
f 64/64/64 137/137/137 65/65/65
f 64/64/64 136/136/136 137/137/137
f 65/65/65 138/138/138 66/66/66
f 65/65/65 137/137/137 138/138/138
f 66/66/66 139/139/139 67/67/67
f 66/66/66 138/138/138 139/139/139
f 67/67/67 140/140/140 68/68/68
f 67/67/67 139/139/139 140/140/140
f 68/68/68 141/141/141 69/69/69
f 68/68/68 140/140/140 141/141/141
f 69/69/69 142/142/142 70/70/70
f 69/69/69 141/141/141 142/142/142
f 70/70/70 143/143/143 71/71/71
f 70/70/70 142/142/142 143/143/143
f 71/71/71 144/144/144 72/72/72
f 71/71/71 143/143/143 144/144/144
f 72/72/72 73/73/73 1/1/1
f 72/72/72 144/144/144 73/73/73
f 73/73/73 146/146/146 74/74/74
f 73/73/73 145/145/145 146/146/146
f 74/74/74 147/147/147 75/75/75
f 74/74/74 146/146/146 147/147/147
f 75/75/75 148/148/148 76/76/76
f 75/75/75 147/147/147 148/148/148
f 76/76/76 149/149/149 77/77/77
f 76/76/76 148/148/148 149/149/149
f 77/77/77 150/150/150 78/78/78
f 77/77/77 149/149/149 150/150/150
f 78/78/78 151/151/151 79/79/79
f 78/78/78 150/150/150 151/151/151
f 79/79/79 152/152/152 80/80/80
f 79/79/79 151/151/151 152/152/152
f 80/80/80 153/153/153 81/81/81
f 80/80/80 152/152/152 153/153/153
f 81/81/81 154/154/154 82/82/82
f 81/81/81 153/153/153 154/154/154
f 82/82/82 155/155/155 83/83/83
f 82/82/82 154/154/154 155/155/155
f 83/83/83 156/156/156 84/84/84
f 83/83/83 155/155/155 156/156/156
f 84/84/84 157/157/157 85/85/85
f 84/84/84 156/156/156 157/157/157
f 85/85/85 158/158/158 86/86/86
f 85/85/85 157/157/157 158/158/158
f 86/86/86 159/159/159 87/87/87
f 86/86/86 158/158/158 159/159/159
f 87/87/87 160/160/160 88/88/88
f 87/87/87 159/159/159 160/160/160
f 88/88/88 161/161/161 89/89/89
f 88/88/88 160/160/160 161/161/161
f 89/89/89 162/162/162 90/90/90
f 89/89/89 161/161/161 162/162/162
f 90/90/90 163/163/163 91/91/91
f 90/90/90 162/162/162 163/163/163
f 91/91/91 164/164/164 92/92/92
f 91/91/91 163/163/163 164/164/164
f 92/92/92 165/165/165 93/93/93
f 92/92/92 164/164/164 165/165/165
f 93/93/93 166/166/166 94/94/94
f 93/93/93 165/165/165 166/166/166
f 94/94/94 167/167/167 95/95/95
f 94/94/94 166/166/166 167/167/167
f 95/95/95 168/168/168 96/96/96
f 95/95/95 167/167/167 168/168/168
f 96/96/96 169/169/169 97/97/97
f 96/96/96 168/168/168 169/169/169
f 97/97/97 170/170/170 98/98/98
f 97/97/97 169/169/169 170/170/170
f 98/98/98 171/171/171 99/99/99
f 98/98/98 170/170/170 171/171/171
f 99/99/99 172/172/172 100/100/100
f 99/99/99 171/171/171 172/172/172
f 100/100/100 173/173/173 101/101/101
f 100/100/100 172/172/172 173/173/173
f 101/101/101 174/174/174 102/102/102
f 101/101/101 173/173/173 174/174/174
f 102/102/102 175/175/175 103/103/103
f 102/102/102 174/174/174 175/175/175
f 103/103/103 176/176/176 104/104/104
f 103/103/103 175/175/175 176/176/176
f 104/104/104 177/177/177 105/105/105
f 104/104/104 176/176/176 177/177/177
f 105/105/105 178/178/178 106/106/106
f 105/105/105 177/177/177 178/178/178
f 106/106/106 179/179/179 107/107/107
f 106/106/106 178/178/178 179/179/179
f 107/107/107 180/180/180 108/108/108
f 107/107/107 179/179/179 180/180/180
f 108/108/108 181/181/181 109/109/109
f 108/108/108 180/180/180 181/181/181
f 109/109/109 182/182/182 110/110/110
f 109/109/109 181/181/181 182/182/182
f 110/110/110 183/183/183 111/111/111
f 110/110/110 182/182/182 183/183/183
f 111/111/111 184/184/184 112/112/112
f 111/111/111 183/183/183 184/184/184
f 112/112/112 185/185/185 113/113/113
f 112/112/112 184/184/184 185/185/185
f 113/113/113 186/186/186 114/114/114
f 113/113/113 185/185/185 186/186/186
f 114/114/114 187/187/187 115/115/115
f 114/114/114 186/186/186 187/187/187
f 115/115/115 188/188/188 116/116/116
f 115/115/115 187/187/187 188/188/188
f 116/116/116 189/189/189 117/117/117
f 116/116/116 188/188/188 189/189/189
f 117/117/117 190/190/190 118/118/118
f 117/117/117 189/189/189 190/190/190
f 118/118/118 191/191/191 119/119/119
f 118/118/118 190/190/190 191/191/191
f 119/119/119 192/192/192 120/120/120
f 119/119/119 191/191/191 192/192/192
f 120/120/120 193/193/193 121/121/121
f 120/120/120 192/192/192 193/193/193
f 121/121/121 194/194/194 122/122/122
f 121/121/121 193/193/193 194/194/194
f 122/122/122 195/195/195 123/123/123
f 122/122/122 194/194/194 195/195/195
f 123/123/123 196/196/196 124/124/124
f 123/123/123 195/195/195 196/196/196
f 124/124/124 197/197/197 125/125/125
f 124/124/124 196/196/196 197/197/197
f 125/125/125 198/198/198 126/126/126
f 125/125/125 197/197/197 198/198/198
f 126/126/126 199/199/199 127/127/127
f 126/126/126 198/198/198 199/199/199
f 127/127/127 200/200/200 128/128/128
f 127/127/127 199/199/199 200/200/200
f 128/128/128 201/201/201 129/129/129
f 128/128/128 200/200/200 201/201/201
f 129/129/129 202/202/202 130/130/130
f 129/129/129 201/201/201 202/202/202
f 130/130/130 203/203/203 131/131/131
f 130/130/130 202/202/202 203/203/203
f 131/131/131 204/204/204 132/132/132
f 131/131/131 203/203/203 204/204/204
f 132/132/132 205/205/205 133/133/133
f 132/132/132 204/204/204 205/205/205
f 133/133/133 206/206/206 134/134/134
f 133/133/133 205/205/205 206/206/206
f 134/134/134 207/207/207 135/135/135
f 134/134/134 206/206/206 207/207/207
f 135/135/135 208/208/208 136/136/136
f 135/135/135 207/207/207 208/208/208
f 136/136/136 209/209/209 137/137/137
f 136/136/136 208/208/208 209/209/209
f 137/137/137 210/210/210 138/138/138
f 137/137/137 209/209/209 210/210/210
f 138/138/138 211/211/211 139/139/139
f 138/138/138 210/210/210 211/211/211
f 139/139/139 212/212/212 140/140/140
f 139/139/139 211/211/211 212/212/212
f 140/140/140 213/213/213 141/141/141
f 140/140/140 212/212/212 213/213/213
f 141/141/141 214/214/214 142/142/142
f 141/141/141 213/213/213 214/214/214
f 142/142/142 215/215/215 143/143/143
f 142/142/142 214/214/214 215/215/215
f 143/143/143 216/216/216 144/144/144
f 143/143/143 215/215/215 216/216/216
f 144/144/144 145/145/145 73/73/73
f 144/144/144 216/216/216 145/145/145
f 145/145/145 218/218/218 146/146/146
f 145/145/145 217/217/217 218/218/218
f 146/146/146 219/219/219 147/147/147
f 146/146/146 218/218/218 219/219/219
f 147/147/147 220/220/220 148/148/148
f 147/147/147 219/219/219 220/220/220
f 148/148/148 221/221/221 149/149/149
f 148/148/148 220/220/220 221/221/221
f 149/149/149 222/222/222 150/150/150
f 149/149/149 221/221/221 222/222/222
f 150/150/150 223/223/223 151/151/151
f 150/150/150 222/222/222 223/223/223
f 151/151/151 224/224/224 152/152/152
f 151/151/151 223/223/223 224/224/224
f 152/152/152 225/225/225 153/153/153
f 152/152/152 224/224/224 225/225/225
f 153/153/153 226/226/226 154/154/154
f 153/153/153 225/225/225 226/226/226
f 154/154/154 227/227/227 155/155/155
f 154/154/154 226/226/226 227/227/227
f 155/155/155 228/228/228 156/156/156
f 155/155/155 227/227/227 228/228/228
f 156/156/156 229/229/229 157/157/157
f 156/156/156 228/228/228 229/229/229
f 157/157/157 230/230/230 158/158/158
f 157/157/157 229/229/229 230/230/230
f 158/158/158 231/231/231 159/159/159
f 158/158/158 230/230/230 231/231/231
f 159/159/159 232/232/232 160/160/160
f 159/159/159 231/231/231 232/232/232
f 160/160/160 233/233/233 161/161/161
f 160/160/160 232/232/232 233/233/233
f 161/161/161 234/234/234 162/162/162
f 161/161/161 233/233/233 234/234/234
f 162/162/162 235/235/235 163/163/163
f 162/162/162 234/234/234 235/235/235
f 163/163/163 236/236/236 164/164/164
f 163/163/163 235/235/235 236/236/236
f 164/164/164 237/237/237 165/165/165
f 164/164/164 236/236/236 237/237/237
f 165/165/165 238/238/238 166/166/166
f 165/165/165 237/237/237 238/238/238
f 166/166/166 239/239/239 167/167/167
f 166/166/166 238/238/238 239/239/239
f 167/167/167 240/240/240 168/168/168
f 167/167/167 239/239/239 240/240/240
f 168/168/168 241/241/241 169/169/169
f 168/168/168 240/240/240 241/241/241
f 169/169/169 242/242/242 170/170/170
f 169/169/169 241/241/241 242/242/242
f 170/170/170 243/243/243 171/171/171
f 170/170/170 242/242/242 243/243/243
f 171/171/171 244/244/244 172/172/172
f 171/171/171 243/243/243 244/244/244
f 172/172/172 245/245/245 173/173/173
f 172/172/172 244/244/244 245/245/245
f 173/173/173 246/246/246 174/174/174
f 173/173/173 245/245/245 246/246/246
f 174/174/174 247/247/247 175/175/175
f 174/174/174 246/246/246 247/247/247
f 175/175/175 248/248/248 176/176/176
f 175/175/175 247/247/247 248/248/248
f 176/176/176 249/249/249 177/177/177
f 176/176/176 248/248/248 249/249/249
f 177/177/177 250/250/250 178/178/178
f 177/177/177 249/249/249 250/250/250
f 178/178/178 251/251/251 179/179/179
f 178/178/178 250/250/250 251/251/251
f 179/179/179 252/252/252 180/180/180
f 179/179/179 251/251/251 252/252/252
f 180/180/180 253/253/253 181/181/181
f 180/180/180 252/252/252 253/253/253
f 181/181/181 254/254/254 182/182/182
f 181/181/181 253/253/253 254/254/254
f 182/182/182 255/255/255 183/183/183
f 182/182/182 254/254/254 255/255/255
f 183/183/183 256/256/256 184/184/184
f 183/183/183 255/255/255 256/256/256
f 184/184/184 257/257/257 185/185/185
f 184/184/184 256/256/256 257/257/257
f 185/185/185 258/258/258 186/186/186
f 185/185/185 257/257/257 258/258/258
f 186/186/186 259/259/259 187/187/187
f 186/186/186 258/258/258 259/259/259
f 187/187/187 260/260/260 188/188/188
f 187/187/187 259/259/259 260/260/260
f 188/188/188 261/261/261 189/189/189
f 188/188/188 260/260/260 261/261/261
f 189/189/189 262/262/262 190/190/190
f 189/189/189 261/261/261 262/262/262
f 190/190/190 263/263/263 191/191/191
f 190/190/190 262/262/262 263/263/263
f 191/191/191 264/264/264 192/192/192
f 191/191/191 263/263/263 264/264/264
f 192/192/192 265/265/265 193/193/193
f 192/192/192 264/264/264 265/265/265
f 193/193/193 266/266/266 194/194/194
f 193/193/193 265/265/265 266/266/266
f 194/194/194 267/267/267 195/195/195
f 194/194/194 266/266/266 267/267/267
f 195/195/195 268/268/268 196/196/196
f 195/195/195 267/267/267 268/268/268
f 196/196/196 269/269/269 197/197/197
f 196/196/196 268/268/268 269/269/269
f 197/197/197 270/270/270 198/198/198
f 197/197/197 269/269/269 270/270/270
f 198/198/198 271/271/271 199/199/199
f 198/198/198 270/270/270 271/271/271
f 199/199/199 272/272/272 200/200/200
f 199/199/199 271/271/271 272/272/272
f 200/200/200 273/273/273 201/201/201
f 200/200/200 272/272/272 273/273/273
f 201/201/201 274/274/274 202/202/202
f 201/201/201 273/273/273 274/274/274
f 202/202/202 275/275/275 203/203/203
f 202/202/202 274/274/274 275/275/275
f 203/203/203 276/276/276 204/204/204
f 203/203/203 275/275/275 276/276/276
f 204/204/204 277/277/277 205/205/205
f 204/204/204 276/276/276 277/277/277
f 205/205/205 278/278/278 206/206/206
f 205/205/205 277/277/277 278/278/278
f 206/206/206 279/279/279 207/207/207
f 206/206/206 278/278/278 279/279/279
f 207/207/207 280/280/280 208/208/208
f 207/207/207 279/279/279 280/280/280
f 208/208/208 281/281/281 209/209/209
f 208/208/208 280/280/280 281/281/281
f 209/209/209 282/282/282 210/210/210
f 209/209/209 281/281/281 282/282/282
f 210/210/210 283/283/283 211/211/211
f 210/210/210 282/282/282 283/283/283
f 211/211/211 284/284/284 212/212/212
f 211/211/211 283/283/283 284/284/284
f 212/212/212 285/285/285 213/213/213
f 212/212/212 284/284/284 285/285/285
f 213/213/213 286/286/286 214/214/214
f 213/213/213 285/285/285 286/286/286
f 214/214/214 287/287/287 215/215/215
f 214/214/214 286/286/286 287/287/287
f 215/215/215 288/288/288 216/216/216
f 215/215/215 287/287/287 288/288/288
f 216/216/216 217/217/217 145/145/145
f 216/216/216 288/288/288 217/217/217
f 217/217/217 290/290/290 218/218/218
f 217/217/217 289/289/289 290/290/290
f 218/218/218 291/291/291 219/219/219
f 218/218/218 290/290/290 291/291/291
f 219/219/219 292/292/292 220/220/220
f 219/219/219 291/291/291 292/292/292
f 220/220/220 293/293/293 221/221/221
f 220/220/220 292/292/292 293/293/293
f 221/221/221 294/294/294 222/222/222
f 221/221/221 293/293/293 294/294/294
f 222/222/222 295/295/295 223/223/223
f 222/222/222 294/294/294 295/295/295
f 223/223/223 296/296/296 224/224/224
f 223/223/223 295/295/295 296/296/296
f 224/224/224 297/297/297 225/225/225
f 224/224/224 296/296/296 297/297/297
f 225/225/225 298/298/298 226/226/226
f 225/225/225 297/297/297 298/298/298
f 226/226/226 299/299/299 227/227/227
f 226/226/226 298/298/298 299/299/299
f 227/227/227 300/300/300 228/228/228
f 227/227/227 299/299/299 300/300/300
f 228/228/228 301/301/301 229/229/229
f 228/228/228 300/300/300 301/301/301
f 229/229/229 302/302/302 230/230/230
f 229/229/229 301/301/301 302/302/302
f 230/230/230 303/303/303 231/231/231
f 230/230/230 302/302/302 303/303/303
f 231/231/231 304/304/304 232/232/232
f 231/231/231 303/303/303 304/304/304
f 232/232/232 305/305/305 233/233/233
f 232/232/232 304/304/304 305/305/305
f 233/233/233 306/306/306 234/234/234
f 233/233/233 305/305/305 306/306/306
f 234/234/234 307/307/307 235/235/235
f 234/234/234 306/306/306 307/307/307
f 235/235/235 308/308/308 236/236/236
f 235/235/235 307/307/307 308/308/308
f 236/236/236 309/309/309 237/237/237
f 236/236/236 308/308/308 309/309/309
f 237/237/237 310/310/310 238/238/238
f 237/237/237 309/309/309 310/310/310
f 238/238/238 311/311/311 239/239/239
f 238/238/238 310/310/310 311/311/311
f 239/239/239 312/312/312 240/240/240
f 239/239/239 311/311/311 312/312/312
f 240/240/240 313/313/313 241/241/241
f 240/240/240 312/312/312 313/313/313
f 241/241/241 314/314/314 242/242/242
f 241/241/241 313/313/313 314/314/314
f 242/242/242 315/315/315 243/243/243
f 242/242/242 314/314/314 315/315/315
f 243/243/243 316/316/316 244/244/244
f 243/243/243 315/315/315 316/316/316
f 244/244/244 317/317/317 245/245/245
f 244/244/244 316/316/316 317/317/317
f 245/245/245 318/318/318 246/246/246
f 245/245/245 317/317/317 318/318/318
f 246/246/246 319/319/319 247/247/247
f 246/246/246 318/318/318 319/319/319
f 247/247/247 320/320/320 248/248/248
f 247/247/247 319/319/319 320/320/320
f 248/248/248 321/321/321 249/249/249
f 248/248/248 320/320/320 321/321/321
f 249/249/249 322/322/322 250/250/250
f 249/249/249 321/321/321 322/322/322
f 250/250/250 323/323/323 251/251/251
f 250/250/250 322/322/322 323/323/323
f 251/251/251 324/324/324 252/252/252
f 251/251/251 323/323/323 324/324/324
f 252/252/252 325/325/325 253/253/253
f 252/252/252 324/324/324 325/325/325
f 253/253/253 326/326/326 254/254/254
f 253/253/253 325/325/325 326/326/326
f 254/254/254 327/327/327 255/255/255
f 254/254/254 326/326/326 327/327/327
f 255/255/255 328/328/328 256/256/256
f 255/255/255 327/327/327 328/328/328
f 256/256/256 329/329/329 257/257/257
f 256/256/256 328/328/328 329/329/329
f 257/257/257 330/330/330 258/258/258
f 257/257/257 329/329/329 330/330/330
f 258/258/258 331/331/331 259/259/259
f 258/258/258 330/330/330 331/331/331
f 259/259/259 332/332/332 260/260/260
f 259/259/259 331/331/331 332/332/332
f 260/260/260 333/333/333 261/261/261
f 260/260/260 332/332/332 333/333/333
f 261/261/261 334/334/334 262/262/262
f 261/261/261 333/333/333 334/334/334
f 262/262/262 335/335/335 263/263/263
f 262/262/262 334/334/334 335/335/335
f 263/263/263 336/336/336 264/264/264
f 263/263/263 335/335/335 336/336/336
f 264/264/264 337/337/337 265/265/265
f 264/264/264 336/336/336 337/337/337
f 265/265/265 338/338/338 266/266/266
f 265/265/265 337/337/337 338/338/338
f 266/266/266 339/339/339 267/267/267
f 266/266/266 338/338/338 339/339/339
f 267/267/267 340/340/340 268/268/268
f 267/267/267 339/339/339 340/340/340
f 268/268/268 341/341/341 269/269/269
f 268/268/268 340/340/340 341/341/341
f 269/269/269 342/342/342 270/270/270
f 269/269/269 341/341/341 342/342/342
f 270/270/270 343/343/343 271/271/271
f 270/270/270 342/342/342 343/343/343
f 271/271/271 344/344/344 272/272/272
f 271/271/271 343/343/343 344/344/344
f 272/272/272 345/345/345 273/273/273
f 272/272/272 344/344/344 345/345/345
f 273/273/273 346/346/346 274/274/274
f 273/273/273 345/345/345 346/346/346
f 274/274/274 347/347/347 275/275/275
f 274/274/274 346/346/346 347/347/347
f 275/275/275 348/348/348 276/276/276
f 275/275/275 347/347/347 348/348/348
f 276/276/276 349/349/349 277/277/277
f 276/276/276 348/348/348 349/349/349
f 277/277/277 350/350/350 278/278/278
f 277/277/277 349/349/349 350/350/350
f 278/278/278 351/351/351 279/279/279
f 278/278/278 350/350/350 351/351/351
f 279/279/279 352/352/352 280/280/280
f 279/279/279 351/351/351 352/352/352
f 280/280/280 353/353/353 281/281/281
f 280/280/280 352/352/352 353/353/353
f 281/281/281 354/354/354 282/282/282
f 281/281/281 353/353/353 354/354/354
f 282/282/282 355/355/355 283/283/283
f 282/282/282 354/354/354 355/355/355
f 283/283/283 356/356/356 284/284/284
f 283/283/283 355/355/355 356/356/356
f 284/284/284 357/357/357 285/285/285
f 284/284/284 356/356/356 357/357/357
f 285/285/285 358/358/358 286/286/286
f 285/285/285 357/357/357 358/358/358
f 286/286/286 359/359/359 287/287/287
f 286/286/286 358/358/358 359/359/359
f 287/287/287 360/360/360 288/288/288
f 287/287/287 359/359/359 360/360/360
f 288/288/288 289/289/289 217/217/217
f 288/288/288 360/360/360 289/289/289
f 289/289/289 362/362/362 290/290/290
f 289/289/289 361/361/361 362/362/362
f 290/290/290 363/363/363 291/291/291
f 290/290/290 362/362/362 363/363/363
f 291/291/291 364/364/364 292/292/292
f 291/291/291 363/363/363 364/364/364
f 292/292/292 365/365/365 293/293/293
f 292/292/292 364/364/364 365/365/365
f 293/293/293 366/366/366 294/294/294
f 293/293/293 365/365/365 366/366/366
f 294/294/294 367/367/367 295/295/295
f 294/294/294 366/366/366 367/367/367
f 295/295/295 368/368/368 296/296/296
f 295/295/295 367/367/367 368/368/368
f 296/296/296 369/369/369 297/297/297
f 296/296/296 368/368/368 369/369/369
f 297/297/297 370/370/370 298/298/298
f 297/297/297 369/369/369 370/370/370
f 298/298/298 371/371/371 299/299/299
f 298/298/298 370/370/370 371/371/371
f 299/299/299 372/372/372 300/300/300
f 299/299/299 371/371/371 372/372/372
f 300/300/300 373/373/373 301/301/301
f 300/300/300 372/372/372 373/373/373
f 301/301/301 374/374/374 302/302/302
f 301/301/301 373/373/373 374/374/374
f 302/302/302 375/375/375 303/303/303
f 302/302/302 374/374/374 375/375/375
f 303/303/303 376/376/376 304/304/304
f 303/303/303 375/375/375 376/376/376
f 304/304/304 377/377/377 305/305/305
f 304/304/304 376/376/376 377/377/377
f 305/305/305 378/378/378 306/306/306
f 305/305/305 377/377/377 378/378/378
f 306/306/306 379/379/379 307/307/307
f 306/306/306 378/378/378 379/379/379
f 307/307/307 380/380/380 308/308/308
f 307/307/307 379/379/379 380/380/380
f 308/308/308 381/381/381 309/309/309
f 308/308/308 380/380/380 381/381/381
f 309/309/309 382/382/382 310/310/310
f 309/309/309 381/381/381 382/382/382
f 310/310/310 383/383/383 311/311/311
f 310/310/310 382/382/382 383/383/383
f 311/311/311 384/384/384 312/312/312
f 311/311/311 383/383/383 384/384/384
f 312/312/312 385/385/385 313/313/313
f 312/312/312 384/384/384 385/385/385
f 313/313/313 386/386/386 314/314/314
f 313/313/313 385/385/385 386/386/386
f 314/314/314 387/387/387 315/315/315
f 314/314/314 386/386/386 387/387/387
f 315/315/315 388/388/388 316/316/316
f 315/315/315 387/387/387 388/388/388
f 316/316/316 389/389/389 317/317/317
f 316/316/316 388/388/388 389/389/389
f 317/317/317 390/390/390 318/318/318
f 317/317/317 389/389/389 390/390/390
f 318/318/318 391/391/391 319/319/319
f 318/318/318 390/390/390 391/391/391
f 319/319/319 392/392/392 320/320/320
f 319/319/319 391/391/391 392/392/392
f 320/320/320 393/393/393 321/321/321
f 320/320/320 392/392/392 393/393/393
f 321/321/321 394/394/394 322/322/322
f 321/321/321 393/393/393 394/394/394
f 322/322/322 395/395/395 323/323/323
f 322/322/322 394/394/394 395/395/395
f 323/323/323 396/396/396 324/324/324
f 323/323/323 395/395/395 396/396/396
f 324/324/324 397/397/397 325/325/325
f 324/324/324 396/396/396 397/397/397
f 325/325/325 398/398/398 326/326/326
f 325/325/325 397/397/397 398/398/398
f 326/326/326 399/399/399 327/327/327
f 326/326/326 398/398/398 399/399/399
f 327/327/327 400/400/400 328/328/328
f 327/327/327 399/399/399 400/400/400
f 328/328/328 401/401/401 329/329/329
f 328/328/328 400/400/400 401/401/401
f 329/329/329 402/402/402 330/330/330
f 329/329/329 401/401/401 402/402/402
f 330/330/330 403/403/403 331/331/331
f 330/330/330 402/402/402 403/403/403
f 331/331/331 404/404/404 332/332/332
f 331/331/331 403/403/403 404/404/404
f 332/332/332 405/405/405 333/333/333
f 332/332/332 404/404/404 405/405/405
f 333/333/333 406/406/406 334/334/334
f 333/333/333 405/405/405 406/406/406
f 334/334/334 407/407/407 335/335/335
f 334/334/334 406/406/406 407/407/407
f 335/335/335 408/408/408 336/336/336
f 335/335/335 407/407/407 408/408/408
f 336/336/336 409/409/409 337/337/337
f 336/336/336 408/408/408 409/409/409
f 337/337/337 410/410/410 338/338/338
f 337/337/337 409/409/409 410/410/410
f 338/338/338 411/411/411 339/339/339
f 338/338/338 410/410/410 411/411/411
f 339/339/339 412/412/412 340/340/340
f 339/339/339 411/411/411 412/412/412
f 340/340/340 413/413/413 341/341/341
f 340/340/340 412/412/412 413/413/413
f 341/341/341 414/414/414 342/342/342
f 341/341/341 413/413/413 414/414/414
f 342/342/342 415/415/415 343/343/343
f 342/342/342 414/414/414 415/415/415
f 343/343/343 416/416/416 344/344/344
f 343/343/343 415/415/415 416/416/416
f 344/344/344 417/417/417 345/345/345
f 344/344/344 416/416/416 417/417/417
f 345/345/345 418/418/418 346/346/346
f 345/345/345 417/417/417 418/418/418
f 346/346/346 419/419/419 347/347/347
f 346/346/346 418/418/418 419/419/419
f 347/347/347 420/420/420 348/348/348
f 347/347/347 419/419/419 420/420/420
f 348/348/348 421/421/421 349/349/349
f 348/348/348 420/420/420 421/421/421
f 349/349/349 422/422/422 350/350/350
f 349/349/349 421/421/421 422/422/422
f 350/350/350 423/423/423 351/351/351
f 350/350/350 422/422/422 423/423/423
f 351/351/351 424/424/424 352/352/352
f 351/351/351 423/423/423 424/424/424
f 352/352/352 425/425/425 353/353/353
f 352/352/352 424/424/424 425/425/425
f 353/353/353 426/426/426 354/354/354
f 353/353/353 425/425/425 426/426/426
f 354/354/354 427/427/427 355/355/355
f 354/354/354 426/426/426 427/427/427
f 355/355/355 428/428/428 356/356/356
f 355/355/355 427/427/427 428/428/428
f 356/356/356 429/429/429 357/357/357
f 356/356/356 428/428/428 429/429/429
f 357/357/357 430/430/430 358/358/358
f 357/357/357 429/429/429 430/430/430
f 358/358/358 431/431/431 359/359/359
f 358/358/358 430/430/430 431/431/431
f 359/359/359 432/432/432 360/360/360
f 359/359/359 431/431/431 432/432/432
f 360/360/360 361/361/361 289/289/289
f 360/360/360 432/432/432 361/361/361
f 361/361/361 434/434/434 362/362/362
f 361/361/361 433/433/433 434/434/434
f 362/362/362 435/435/435 363/363/363
f 362/362/362 434/434/434 435/435/435
f 363/363/363 436/436/436 364/364/364
f 363/363/363 435/435/435 436/436/436
f 364/364/364 437/437/437 365/365/365
f 364/364/364 436/436/436 437/437/437
f 365/365/365 438/438/438 366/366/366
f 365/365/365 437/437/437 438/438/438
f 366/366/366 439/439/439 367/367/367
f 366/366/366 438/438/438 439/439/439
f 367/367/367 440/440/440 368/368/368
f 367/367/367 439/439/439 440/440/440
f 368/368/368 441/441/441 369/369/369
f 368/368/368 440/440/440 441/441/441
f 369/369/369 442/442/442 370/370/370
f 369/369/369 441/441/441 442/442/442
f 370/370/370 443/443/443 371/371/371
f 370/370/370 442/442/442 443/443/443
f 371/371/371 444/444/444 372/372/372
f 371/371/371 443/443/443 444/444/444
f 372/372/372 445/445/445 373/373/373
f 372/372/372 444/444/444 445/445/445
f 373/373/373 446/446/446 374/374/374
f 373/373/373 445/445/445 446/446/446
f 374/374/374 447/447/447 375/375/375
f 374/374/374 446/446/446 447/447/447
f 375/375/375 448/448/448 376/376/376
f 375/375/375 447/447/447 448/448/448
f 376/376/376 449/449/449 377/377/377
f 376/376/376 448/448/448 449/449/449
f 377/377/377 450/450/450 378/378/378
f 377/377/377 449/449/449 450/450/450
f 378/378/378 451/451/451 379/379/379
f 378/378/378 450/450/450 451/451/451
f 379/379/379 452/452/452 380/380/380
f 379/379/379 451/451/451 452/452/452
f 380/380/380 453/453/453 381/381/381
f 380/380/380 452/452/452 453/453/453
f 381/381/381 454/454/454 382/382/382
f 381/381/381 453/453/453 454/454/454
f 382/382/382 455/455/455 383/383/383
f 382/382/382 454/454/454 455/455/455
f 383/383/383 456/456/456 384/384/384
f 383/383/383 455/455/455 456/456/456
f 384/384/384 457/457/457 385/385/385
f 384/384/384 456/456/456 457/457/457
f 385/385/385 458/458/458 386/386/386
f 385/385/385 457/457/457 458/458/458
f 386/386/386 459/459/459 387/387/387
f 386/386/386 458/458/458 459/459/459
f 387/387/387 460/460/460 388/388/388
f 387/387/387 459/459/459 460/460/460
f 388/388/388 461/461/461 389/389/389
f 388/388/388 460/460/460 461/461/461
f 389/389/389 462/462/462 390/390/390
f 389/389/389 461/461/461 462/462/462
f 390/390/390 463/463/463 391/391/391
f 390/390/390 462/462/462 463/463/463
f 391/391/391 464/464/464 392/392/392
f 391/391/391 463/463/463 464/464/464
f 392/392/392 465/465/465 393/393/393
f 392/392/392 464/464/464 465/465/465
f 393/393/393 466/466/466 394/394/394
f 393/393/393 465/465/465 466/466/466
f 394/394/394 467/467/467 395/395/395
f 394/394/394 466/466/466 467/467/467
f 395/395/395 468/468/468 396/396/396
f 395/395/395 467/467/467 468/468/468
f 396/396/396 469/469/469 397/397/397
f 396/396/396 468/468/468 469/469/469
f 397/397/397 470/470/470 398/398/398
f 397/397/397 469/469/469 470/470/470
f 398/398/398 471/471/471 399/399/399
f 398/398/398 470/470/470 471/471/471
f 399/399/399 472/472/472 400/400/400
f 399/399/399 471/471/471 472/472/472
f 400/400/400 473/473/473 401/401/401
f 400/400/400 472/472/472 473/473/473
f 401/401/401 474/474/474 402/402/402
f 401/401/401 473/473/473 474/474/474
f 402/402/402 475/475/475 403/403/403
f 402/402/402 474/474/474 475/475/475
f 403/403/403 476/476/476 404/404/404
f 403/403/403 475/475/475 476/476/476
f 404/404/404 477/477/477 405/405/405
f 404/404/404 476/476/476 477/477/477
f 405/405/405 478/478/478 406/406/406
f 405/405/405 477/477/477 478/478/478
f 406/406/406 479/479/479 407/407/407
f 406/406/406 478/478/478 479/479/479
f 407/407/407 480/480/480 408/408/408
f 407/407/407 479/479/479 480/480/480
f 408/408/408 481/481/481 409/409/409
f 408/408/408 480/480/480 481/481/481
f 409/409/409 482/482/482 410/410/410
f 409/409/409 481/481/481 482/482/482
f 410/410/410 483/483/483 411/411/411
f 410/410/410 482/482/482 483/483/483
f 411/411/411 484/484/484 412/412/412
f 411/411/411 483/483/483 484/484/484
f 412/412/412 485/485/485 413/413/413
f 412/412/412 484/484/484 485/485/485
f 413/413/413 486/486/486 414/414/414
f 413/413/413 485/485/485 486/486/486
f 414/414/414 487/487/487 415/415/415
f 414/414/414 486/486/486 487/487/487
f 415/415/415 488/488/488 416/416/416
f 415/415/415 487/487/487 488/488/488
f 416/416/416 489/489/489 417/417/417
f 416/416/416 488/488/488 489/489/489
f 417/417/417 490/490/490 418/418/418
f 417/417/417 489/489/489 490/490/490
f 418/418/418 491/491/491 419/419/419
f 418/418/418 490/490/490 491/491/491
f 419/419/419 492/492/492 420/420/420
f 419/419/419 491/491/491 492/492/492
f 420/420/420 493/493/493 421/421/421
f 420/420/420 492/492/492 493/493/493
f 421/421/421 494/494/494 422/422/422
f 421/421/421 493/493/493 494/494/494
f 422/422/422 495/495/495 423/423/423
f 422/422/422 494/494/494 495/495/495
f 423/423/423 496/496/496 424/424/424
f 423/423/423 495/495/495 496/496/496
f 424/424/424 497/497/497 425/425/425
f 424/424/424 496/496/496 497/497/497
f 425/425/425 498/498/498 426/426/426
f 425/425/425 497/497/497 498/498/498
f 426/426/426 499/499/499 427/427/427
f 426/426/426 498/498/498 499/499/499
f 427/427/427 500/500/500 428/428/428
f 427/427/427 499/499/499 500/500/500
f 428/428/428 501/501/501 429/429/429
f 428/428/428 500/500/500 501/501/501
f 429/429/429 502/502/502 430/430/430
f 429/429/429 501/501/501 502/502/502
f 430/430/430 503/503/503 431/431/431
f 430/430/430 502/502/502 503/503/503
f 431/431/431 504/504/504 432/432/432
f 431/431/431 503/503/503 504/504/504
f 432/432/432 433/433/433 361/361/361
f 432/432/432 504/504/504 433/433/433
f 433/433/433 506/506/506 434/434/434
f 433/433/433 505/505/505 506/506/506
f 434/434/434 507/507/507 435/435/435
f 434/434/434 506/506/506 507/507/507
f 435/435/435 508/508/508 436/436/436
f 435/435/435 507/507/507 508/508/508
f 436/436/436 509/509/509 437/437/437
f 436/436/436 508/508/508 509/509/509
f 437/437/437 510/510/510 438/438/438
f 437/437/437 509/509/509 510/510/510
f 438/438/438 511/511/511 439/439/439
f 438/438/438 510/510/510 511/511/511
f 439/439/439 512/512/512 440/440/440
f 439/439/439 511/511/511 512/512/512
f 440/440/440 513/513/513 441/441/441
f 440/440/440 512/512/512 513/513/513
f 441/441/441 514/514/514 442/442/442
f 441/441/441 513/513/513 514/514/514
f 442/442/442 515/515/515 443/443/443
f 442/442/442 514/514/514 515/515/515
f 443/443/443 516/516/516 444/444/444
f 443/443/443 515/515/515 516/516/516
f 444/444/444 517/517/517 445/445/445
f 444/444/444 516/516/516 517/517/517
f 445/445/445 518/518/518 446/446/446
f 445/445/445 517/517/517 518/518/518
f 446/446/446 519/519/519 447/447/447
f 446/446/446 518/518/518 519/519/519
f 447/447/447 520/520/520 448/448/448
f 447/447/447 519/519/519 520/520/520
f 448/448/448 521/521/521 449/449/449
f 448/448/448 520/520/520 521/521/521
f 449/449/449 522/522/522 450/450/450
f 449/449/449 521/521/521 522/522/522
f 450/450/450 523/523/523 451/451/451
f 450/450/450 522/522/522 523/523/523
f 451/451/451 524/524/524 452/452/452
f 451/451/451 523/523/523 524/524/524
f 452/452/452 525/525/525 453/453/453
f 452/452/452 524/524/524 525/525/525
f 453/453/453 526/526/526 454/454/454
f 453/453/453 525/525/525 526/526/526
f 454/454/454 527/527/527 455/455/455
f 454/454/454 526/526/526 527/527/527
f 455/455/455 528/528/528 456/456/456
f 455/455/455 527/527/527 528/528/528
f 456/456/456 529/529/529 457/457/457
f 456/456/456 528/528/528 529/529/529
f 457/457/457 530/530/530 458/458/458
f 457/457/457 529/529/529 530/530/530
f 458/458/458 531/531/531 459/459/459
f 458/458/458 530/530/530 531/531/531
f 459/459/459 532/532/532 460/460/460
f 459/459/459 531/531/531 532/532/532
f 460/460/460 533/533/533 461/461/461
f 460/460/460 532/532/532 533/533/533
f 461/461/461 534/534/534 462/462/462
f 461/461/461 533/533/533 534/534/534
f 462/462/462 535/535/535 463/463/463
f 462/462/462 534/534/534 535/535/535
f 463/463/463 536/536/536 464/464/464
f 463/463/463 535/535/535 536/536/536
f 464/464/464 537/537/537 465/465/465
f 464/464/464 536/536/536 537/537/537
f 465/465/465 538/538/538 466/466/466
f 465/465/465 537/537/537 538/538/538
f 466/466/466 539/539/539 467/467/467
f 466/466/466 538/538/538 539/539/539
f 467/467/467 540/540/540 468/468/468
f 467/467/467 539/539/539 540/540/540
f 468/468/468 541/541/541 469/469/469
f 468/468/468 540/540/540 541/541/541
f 469/469/469 542/542/542 470/470/470
f 469/469/469 541/541/541 542/542/542
f 470/470/470 543/543/543 471/471/471
f 470/470/470 542/542/542 543/543/543
f 471/471/471 544/544/544 472/472/472
f 471/471/471 543/543/543 544/544/544
f 472/472/472 545/545/545 473/473/473
f 472/472/472 544/544/544 545/545/545
f 473/473/473 546/546/546 474/474/474
f 473/473/473 545/545/545 546/546/546
f 474/474/474 547/547/547 475/475/475
f 474/474/474 546/546/546 547/547/547
f 475/475/475 548/548/548 476/476/476
f 475/475/475 547/547/547 548/548/548
f 476/476/476 549/549/549 477/477/477
f 476/476/476 548/548/548 549/549/549
f 477/477/477 550/550/550 478/478/478
f 477/477/477 549/549/549 550/550/550
f 478/478/478 551/551/551 479/479/479
f 478/478/478 550/550/550 551/551/551
f 479/479/479 552/552/552 480/480/480
f 479/479/479 551/551/551 552/552/552
f 480/480/480 553/553/553 481/481/481
f 480/480/480 552/552/552 553/553/553
f 481/481/481 554/554/554 482/482/482
f 481/481/481 553/553/553 554/554/554
f 482/482/482 555/555/555 483/483/483
f 482/482/482 554/554/554 555/555/555
f 483/483/483 556/556/556 484/484/484
f 483/483/483 555/555/555 556/556/556
f 484/484/484 557/557/557 485/485/485
f 484/484/484 556/556/556 557/557/557
f 485/485/485 558/558/558 486/486/486
f 485/485/485 557/557/557 558/558/558
f 486/486/486 559/559/559 487/487/487
f 486/486/486 558/558/558 559/559/559
f 487/487/487 560/560/560 488/488/488
f 487/487/487 559/559/559 560/560/560
f 488/488/488 561/561/561 489/489/489
f 488/488/488 560/560/560 561/561/561
f 489/489/489 562/562/562 490/490/490
f 489/489/489 561/561/561 562/562/562
f 490/490/490 563/563/563 491/491/491
f 490/490/490 562/562/562 563/563/563
f 491/491/491 564/564/564 492/492/492
f 491/491/491 563/563/563 564/564/564
f 492/492/492 565/565/565 493/493/493
f 492/492/492 564/564/564 565/565/565
f 493/493/493 566/566/566 494/494/494
f 493/493/493 565/565/565 566/566/566
f 494/494/494 567/567/567 495/495/495
f 494/494/494 566/566/566 567/567/567
f 495/495/495 568/568/568 496/496/496
f 495/495/495 567/567/567 568/568/568
f 496/496/496 569/569/569 497/497/497
f 496/496/496 568/568/568 569/569/569
f 497/497/497 570/570/570 498/498/498
f 497/497/497 569/569/569 570/570/570
f 498/498/498 571/571/571 499/499/499
f 498/498/498 570/570/570 571/571/571
f 499/499/499 572/572/572 500/500/500
f 499/499/499 571/571/571 572/572/572
f 500/500/500 573/573/573 501/501/501
f 500/500/500 572/572/572 573/573/573
f 501/501/501 574/574/574 502/502/502
f 501/501/501 573/573/573 574/574/574
f 502/502/502 575/575/575 503/503/503
f 502/502/502 574/574/574 575/575/575
f 503/503/503 576/576/576 504/504/504
f 503/503/503 575/575/575 576/576/576
f 504/504/504 505/505/505 433/433/433
f 504/504/504 576/576/576 505/505/505
f 505/505/505 578/578/578 506/506/506
f 505/505/505 577/577/577 578/578/578
f 506/506/506 579/579/579 507/507/507
f 506/506/506 578/578/578 579/579/579
f 507/507/507 580/580/580 508/508/508
f 507/507/507 579/579/579 580/580/580
f 508/508/508 581/581/581 509/509/509
f 508/508/508 580/580/580 581/581/581
f 509/509/509 582/582/582 510/510/510
f 509/509/509 581/581/581 582/582/582
f 510/510/510 583/583/583 511/511/511
f 510/510/510 582/582/582 583/583/583
f 511/511/511 584/584/584 512/512/512
f 511/511/511 583/583/583 584/584/584
f 512/512/512 585/585/585 513/513/513
f 512/512/512 584/584/584 585/585/585
f 513/513/513 586/586/586 514/514/514
f 513/513/513 585/585/585 586/586/586
f 514/514/514 587/587/587 515/515/515
f 514/514/514 586/586/586 587/587/587
f 515/515/515 588/588/588 516/516/516
f 515/515/515 587/587/587 588/588/588
f 516/516/516 589/589/589 517/517/517
f 516/516/516 588/588/588 589/589/589
f 517/517/517 590/590/590 518/518/518
f 517/517/517 589/589/589 590/590/590
f 518/518/518 591/591/591 519/519/519
f 518/518/518 590/590/590 591/591/591
f 519/519/519 592/592/592 520/520/520
f 519/519/519 591/591/591 592/592/592
f 520/520/520 593/593/593 521/521/521
f 520/520/520 592/592/592 593/593/593
f 521/521/521 594/594/594 522/522/522
f 521/521/521 593/593/593 594/594/594
f 522/522/522 595/595/595 523/523/523
f 522/522/522 594/594/594 595/595/595
f 523/523/523 596/596/596 524/524/524
f 523/523/523 595/595/595 596/596/596
f 524/524/524 597/597/597 525/525/525
f 524/524/524 596/596/596 597/597/597
f 525/525/525 598/598/598 526/526/526
f 525/525/525 597/597/597 598/598/598
f 526/526/526 599/599/599 527/527/527
f 526/526/526 598/598/598 599/599/599
f 527/527/527 600/600/600 528/528/528
f 527/527/527 599/599/599 600/600/600
f 528/528/528 601/601/601 529/529/529
f 528/528/528 600/600/600 601/601/601
f 529/529/529 602/602/602 530/530/530
f 529/529/529 601/601/601 602/602/602
f 530/530/530 603/603/603 531/531/531
f 530/530/530 602/602/602 603/603/603
f 531/531/531 604/604/604 532/532/532
f 531/531/531 603/603/603 604/604/604
f 532/532/532 605/605/605 533/533/533
f 532/532/532 604/604/604 605/605/605
f 533/533/533 606/606/606 534/534/534
f 533/533/533 605/605/605 606/606/606
f 534/534/534 607/607/607 535/535/535
f 534/534/534 606/606/606 607/607/607
f 535/535/535 608/608/608 536/536/536
f 535/535/535 607/607/607 608/608/608
f 536/536/536 609/609/609 537/537/537
f 536/536/536 608/608/608 609/609/609
f 537/537/537 610/610/610 538/538/538
f 537/537/537 609/609/609 610/610/610
f 538/538/538 611/611/611 539/539/539
f 538/538/538 610/610/610 611/611/611
f 539/539/539 612/612/612 540/540/540
f 539/539/539 611/611/611 612/612/612
f 540/540/540 613/613/613 541/541/541
f 540/540/540 612/612/612 613/613/613
f 541/541/541 614/614/614 542/542/542
f 541/541/541 613/613/613 614/614/614
f 542/542/542 615/615/615 543/543/543
f 542/542/542 614/614/614 615/615/615
f 543/543/543 616/616/616 544/544/544
f 543/543/543 615/615/615 616/616/616
f 544/544/544 617/617/617 545/545/545
f 544/544/544 616/616/616 617/617/617
f 545/545/545 618/618/618 546/546/546
f 545/545/545 617/617/617 618/618/618
f 546/546/546 619/619/619 547/547/547
f 546/546/546 618/618/618 619/619/619
f 547/547/547 620/620/620 548/548/548
f 547/547/547 619/619/619 620/620/620
f 548/548/548 621/621/621 549/549/549
f 548/548/548 620/620/620 621/621/621
f 549/549/549 622/622/622 550/550/550
f 549/549/549 621/621/621 622/622/622
f 550/550/550 623/623/623 551/551/551
f 550/550/550 622/622/622 623/623/623
f 551/551/551 624/624/624 552/552/552
f 551/551/551 623/623/623 624/624/624
f 552/552/552 625/625/625 553/553/553
f 552/552/552 624/624/624 625/625/625
f 553/553/553 626/626/626 554/554/554
f 553/553/553 625/625/625 626/626/626
f 554/554/554 627/627/627 555/555/555
f 554/554/554 626/626/626 627/627/627
f 555/555/555 628/628/628 556/556/556
f 555/555/555 627/627/627 628/628/628
f 556/556/556 629/629/629 557/557/557
f 556/556/556 628/628/628 629/629/629
f 557/557/557 630/630/630 558/558/558
f 557/557/557 629/629/629 630/630/630
f 558/558/558 631/631/631 559/559/559
f 558/558/558 630/630/630 631/631/631
f 559/559/559 632/632/632 560/560/560
f 559/559/559 631/631/631 632/632/632
f 560/560/560 633/633/633 561/561/561
f 560/560/560 632/632/632 633/633/633
f 561/561/561 634/634/634 562/562/562
f 561/561/561 633/633/633 634/634/634
f 562/562/562 635/635/635 563/563/563
f 562/562/562 634/634/634 635/635/635
f 563/563/563 636/636/636 564/564/564
f 563/563/563 635/635/635 636/636/636
f 564/564/564 637/637/637 565/565/565
f 564/564/564 636/636/636 637/637/637
f 565/565/565 638/638/638 566/566/566
f 565/565/565 637/637/637 638/638/638
f 566/566/566 639/639/639 567/567/567
f 566/566/566 638/638/638 639/639/639
f 567/567/567 640/640/640 568/568/568
f 567/567/567 639/639/639 640/640/640
f 568/568/568 641/641/641 569/569/569
f 568/568/568 640/640/640 641/641/641
f 569/569/569 642/642/642 570/570/570
f 569/569/569 641/641/641 642/642/642
f 570/570/570 643/643/643 571/571/571
f 570/570/570 642/642/642 643/643/643
f 571/571/571 644/644/644 572/572/572
f 571/571/571 643/643/643 644/644/644
f 572/572/572 645/645/645 573/573/573
f 572/572/572 644/644/644 645/645/645
f 573/573/573 646/646/646 574/574/574
f 573/573/573 645/645/645 646/646/646
f 574/574/574 647/647/647 575/575/575
f 574/574/574 646/646/646 647/647/647
f 575/575/575 648/648/648 576/576/576
f 575/575/575 647/647/647 648/648/648
f 576/576/576 577/577/577 505/505/505
f 576/576/576 648/648/648 577/577/577
f 577/577/577 650/650/650 578/578/578
f 577/577/577 649/649/649 650/650/650
f 578/578/578 651/651/651 579/579/579
f 578/578/578 650/650/650 651/651/651
f 579/579/579 652/652/652 580/580/580
f 579/579/579 651/651/651 652/652/652
f 580/580/580 653/653/653 581/581/581
f 580/580/580 652/652/652 653/653/653
f 581/581/581 654/654/654 582/582/582
f 581/581/581 653/653/653 654/654/654
f 582/582/582 655/655/655 583/583/583
f 582/582/582 654/654/654 655/655/655
f 583/583/583 656/656/656 584/584/584
f 583/583/583 655/655/655 656/656/656
f 584/584/584 657/657/657 585/585/585
f 584/584/584 656/656/656 657/657/657
f 585/585/585 658/658/658 586/586/586
f 585/585/585 657/657/657 658/658/658
f 586/586/586 659/659/659 587/587/587
f 586/586/586 658/658/658 659/659/659
f 587/587/587 660/660/660 588/588/588
f 587/587/587 659/659/659 660/660/660
f 588/588/588 661/661/661 589/589/589
f 588/588/588 660/660/660 661/661/661
f 589/589/589 662/662/662 590/590/590
f 589/589/589 661/661/661 662/662/662
f 590/590/590 663/663/663 591/591/591
f 590/590/590 662/662/662 663/663/663
f 591/591/591 664/664/664 592/592/592
f 591/591/591 663/663/663 664/664/664
f 592/592/592 665/665/665 593/593/593
f 592/592/592 664/664/664 665/665/665
f 593/593/593 666/666/666 594/594/594
f 593/593/593 665/665/665 666/666/666
f 594/594/594 667/667/667 595/595/595
f 594/594/594 666/666/666 667/667/667
f 595/595/595 668/668/668 596/596/596
f 595/595/595 667/667/667 668/668/668
f 596/596/596 669/669/669 597/597/597
f 596/596/596 668/668/668 669/669/669
f 597/597/597 670/670/670 598/598/598
f 597/597/597 669/669/669 670/670/670
f 598/598/598 671/671/671 599/599/599
f 598/598/598 670/670/670 671/671/671
f 599/599/599 672/672/672 600/600/600
f 599/599/599 671/671/671 672/672/672
f 600/600/600 673/673/673 601/601/601
f 600/600/600 672/672/672 673/673/673
f 601/601/601 674/674/674 602/602/602
f 601/601/601 673/673/673 674/674/674
f 602/602/602 675/675/675 603/603/603
f 602/602/602 674/674/674 675/675/675
f 603/603/603 676/676/676 604/604/604
f 603/603/603 675/675/675 676/676/676
f 604/604/604 677/677/677 605/605/605
f 604/604/604 676/676/676 677/677/677
f 605/605/605 678/678/678 606/606/606
f 605/605/605 677/677/677 678/678/678
f 606/606/606 679/679/679 607/607/607
f 606/606/606 678/678/678 679/679/679
f 607/607/607 680/680/680 608/608/608
f 607/607/607 679/679/679 680/680/680
f 608/608/608 681/681/681 609/609/609
f 608/608/608 680/680/680 681/681/681
f 609/609/609 682/682/682 610/610/610
f 609/609/609 681/681/681 682/682/682
f 610/610/610 683/683/683 611/611/611
f 610/610/610 682/682/682 683/683/683
f 611/611/611 684/684/684 612/612/612
f 611/611/611 683/683/683 684/684/684
f 612/612/612 685/685/685 613/613/613
f 612/612/612 684/684/684 685/685/685
f 613/613/613 686/686/686 614/614/614
f 613/613/613 685/685/685 686/686/686
f 614/614/614 687/687/687 615/615/615
f 614/614/614 686/686/686 687/687/687
f 615/615/615 688/688/688 616/616/616
f 615/615/615 687/687/687 688/688/688
f 616/616/616 689/689/689 617/617/617
f 616/616/616 688/688/688 689/689/689
f 617/617/617 690/690/690 618/618/618
f 617/617/617 689/689/689 690/690/690
f 618/618/618 691/691/691 619/619/619
f 618/618/618 690/690/690 691/691/691
f 619/619/619 692/692/692 620/620/620
f 619/619/619 691/691/691 692/692/692
f 620/620/620 693/693/693 621/621/621
f 620/620/620 692/692/692 693/693/693
f 621/621/621 694/694/694 622/622/622
f 621/621/621 693/693/693 694/694/694
f 622/622/622 695/695/695 623/623/623
f 622/622/622 694/694/694 695/695/695
f 623/623/623 696/696/696 624/624/624
f 623/623/623 695/695/695 696/696/696
f 624/624/624 697/697/697 625/625/625
f 624/624/624 696/696/696 697/697/697
f 625/625/625 698/698/698 626/626/626
f 625/625/625 697/697/697 698/698/698
f 626/626/626 699/699/699 627/627/627
f 626/626/626 698/698/698 699/699/699
f 627/627/627 700/700/700 628/628/628
f 627/627/627 699/699/699 700/700/700
f 628/628/628 701/701/701 629/629/629
f 628/628/628 700/700/700 701/701/701
f 629/629/629 702/702/702 630/630/630
f 629/629/629 701/701/701 702/702/702
f 630/630/630 703/703/703 631/631/631
f 630/630/630 702/702/702 703/703/703
f 631/631/631 704/704/704 632/632/632
f 631/631/631 703/703/703 704/704/704
f 632/632/632 705/705/705 633/633/633
f 632/632/632 704/704/704 705/705/705
f 633/633/633 706/706/706 634/634/634
f 633/633/633 705/705/705 706/706/706
f 634/634/634 707/707/707 635/635/635
f 634/634/634 706/706/706 707/707/707
f 635/635/635 708/708/708 636/636/636
f 635/635/635 707/707/707 708/708/708
f 636/636/636 709/709/709 637/637/637
f 636/636/636 708/708/708 709/709/709
f 637/637/637 710/710/710 638/638/638
f 637/637/637 709/709/709 710/710/710
f 638/638/638 711/711/711 639/639/639
f 638/638/638 710/710/710 711/711/711
f 639/639/639 712/712/712 640/640/640
f 639/639/639 711/711/711 712/712/712
f 640/640/640 713/713/713 641/641/641
f 640/640/640 712/712/712 713/713/713
f 641/641/641 714/714/714 642/642/642
f 641/641/641 713/713/713 714/714/714
f 642/642/642 715/715/715 643/643/643
f 642/642/642 714/714/714 715/715/715
f 643/643/643 716/716/716 644/644/644
f 643/643/643 715/715/715 716/716/716
f 644/644/644 717/717/717 645/645/645
f 644/644/644 716/716/716 717/717/717
f 645/645/645 718/718/718 646/646/646
f 645/645/645 717/717/717 718/718/718
f 646/646/646 719/719/719 647/647/647
f 646/646/646 718/718/718 719/719/719
f 647/647/647 720/720/720 648/648/648
f 647/647/647 719/719/719 720/720/720
f 648/648/648 649/649/649 577/577/577
f 648/648/648 720/720/720 649/649/649
f 649/649/649 722/722/722 650/650/650
f 649/649/649 721/721/721 722/722/722
f 650/650/650 723/723/723 651/651/651
f 650/650/650 722/722/722 723/723/723
f 651/651/651 724/724/724 652/652/652
f 651/651/651 723/723/723 724/724/724
f 652/652/652 725/725/725 653/653/653
f 652/652/652 724/724/724 725/725/725
f 653/653/653 726/726/726 654/654/654
f 653/653/653 725/725/725 726/726/726
f 654/654/654 727/727/727 655/655/655
f 654/654/654 726/726/726 727/727/727
f 655/655/655 728/728/728 656/656/656
f 655/655/655 727/727/727 728/728/728
f 656/656/656 729/729/729 657/657/657
f 656/656/656 728/728/728 729/729/729
f 657/657/657 730/730/730 658/658/658
f 657/657/657 729/729/729 730/730/730
f 658/658/658 731/731/731 659/659/659
f 658/658/658 730/730/730 731/731/731
f 659/659/659 732/732/732 660/660/660
f 659/659/659 731/731/731 732/732/732
f 660/660/660 733/733/733 661/661/661
f 660/660/660 732/732/732 733/733/733
f 661/661/661 734/734/734 662/662/662
f 661/661/661 733/733/733 734/734/734
f 662/662/662 735/735/735 663/663/663
f 662/662/662 734/734/734 735/735/735
f 663/663/663 736/736/736 664/664/664
f 663/663/663 735/735/735 736/736/736
f 664/664/664 737/737/737 665/665/665
f 664/664/664 736/736/736 737/737/737
f 665/665/665 738/738/738 666/666/666
f 665/665/665 737/737/737 738/738/738
f 666/666/666 739/739/739 667/667/667
f 666/666/666 738/738/738 739/739/739
f 667/667/667 740/740/740 668/668/668
f 667/667/667 739/739/739 740/740/740
f 668/668/668 741/741/741 669/669/669
f 668/668/668 740/740/740 741/741/741
f 669/669/669 742/742/742 670/670/670
f 669/669/669 741/741/741 742/742/742
f 670/670/670 743/743/743 671/671/671
f 670/670/670 742/742/742 743/743/743
f 671/671/671 744/744/744 672/672/672
f 671/671/671 743/743/743 744/744/744
f 672/672/672 745/745/745 673/673/673
f 672/672/672 744/744/744 745/745/745
f 673/673/673 746/746/746 674/674/674
f 673/673/673 745/745/745 746/746/746
f 674/674/674 747/747/747 675/675/675
f 674/674/674 746/746/746 747/747/747
f 675/675/675 748/748/748 676/676/676
f 675/675/675 747/747/747 748/748/748
f 676/676/676 749/749/749 677/677/677
f 676/676/676 748/748/748 749/749/749
f 677/677/677 750/750/750 678/678/678
f 677/677/677 749/749/749 750/750/750
f 678/678/678 751/751/751 679/679/679
f 678/678/678 750/750/750 751/751/751
f 679/679/679 752/752/752 680/680/680
f 679/679/679 751/751/751 752/752/752
f 680/680/680 753/753/753 681/681/681
f 680/680/680 752/752/752 753/753/753
f 681/681/681 754/754/754 682/682/682
f 681/681/681 753/753/753 754/754/754
f 682/682/682 755/755/755 683/683/683
f 682/682/682 754/754/754 755/755/755
f 683/683/683 756/756/756 684/684/684
f 683/683/683 755/755/755 756/756/756
f 684/684/684 757/757/757 685/685/685
f 684/684/684 756/756/756 757/757/757
f 685/685/685 758/758/758 686/686/686
f 685/685/685 757/757/757 758/758/758
f 686/686/686 759/759/759 687/687/687
f 686/686/686 758/758/758 759/759/759
f 687/687/687 760/760/760 688/688/688
f 687/687/687 759/759/759 760/760/760
f 688/688/688 761/761/761 689/689/689
f 688/688/688 760/760/760 761/761/761
f 689/689/689 762/762/762 690/690/690
f 689/689/689 761/761/761 762/762/762
f 690/690/690 763/763/763 691/691/691
f 690/690/690 762/762/762 763/763/763
f 691/691/691 764/764/764 692/692/692
f 691/691/691 763/763/763 764/764/764
f 692/692/692 765/765/765 693/693/693
f 692/692/692 764/764/764 765/765/765
f 693/693/693 766/766/766 694/694/694
f 693/693/693 765/765/765 766/766/766
f 694/694/694 767/767/767 695/695/695
f 694/694/694 766/766/766 767/767/767
f 695/695/695 768/768/768 696/696/696
f 695/695/695 767/767/767 768/768/768
f 696/696/696 769/769/769 697/697/697
f 696/696/696 768/768/768 769/769/769
f 697/697/697 770/770/770 698/698/698
f 697/697/697 769/769/769 770/770/770
f 698/698/698 771/771/771 699/699/699
f 698/698/698 770/770/770 771/771/771
f 699/699/699 772/772/772 700/700/700
f 699/699/699 771/771/771 772/772/772
f 700/700/700 773/773/773 701/701/701
f 700/700/700 772/772/772 773/773/773
f 701/701/701 774/774/774 702/702/702
f 701/701/701 773/773/773 774/774/774
f 702/702/702 775/775/775 703/703/703
f 702/702/702 774/774/774 775/775/775
f 703/703/703 776/776/776 704/704/704
f 703/703/703 775/775/775 776/776/776
f 704/704/704 777/777/777 705/705/705
f 704/704/704 776/776/776 777/777/777
f 705/705/705 778/778/778 706/706/706
f 705/705/705 777/777/777 778/778/778
f 706/706/706 779/779/779 707/707/707
f 706/706/706 778/778/778 779/779/779
f 707/707/707 780/780/780 708/708/708
f 707/707/707 779/779/779 780/780/780
f 708/708/708 781/781/781 709/709/709
f 708/708/708 780/780/780 781/781/781
f 709/709/709 782/782/782 710/710/710
f 709/709/709 781/781/781 782/782/782
f 710/710/710 783/783/783 711/711/711
f 710/710/710 782/782/782 783/783/783
f 711/711/711 784/784/784 712/712/712
f 711/711/711 783/783/783 784/784/784
f 712/712/712 785/785/785 713/713/713
f 712/712/712 784/784/784 785/785/785
f 713/713/713 786/786/786 714/714/714
f 713/713/713 785/785/785 786/786/786
f 714/714/714 787/787/787 715/715/715
f 714/714/714 786/786/786 787/787/787
f 715/715/715 788/788/788 716/716/716
f 715/715/715 787/787/787 788/788/788
f 716/716/716 789/789/789 717/717/717
f 716/716/716 788/788/788 789/789/789
f 717/717/717 790/790/790 718/718/718
f 717/717/717 789/789/789 790/790/790
f 718/718/718 791/791/791 719/719/719
f 718/718/718 790/790/790 791/791/791
f 719/719/719 792/792/792 720/720/720
f 719/719/719 791/791/791 792/792/792
f 720/720/720 721/721/721 649/649/649
f 720/720/720 792/792/792 721/721/721
f 721/721/721 794/794/794 722/722/722
f 721/721/721 793/793/793 794/794/794
f 722/722/722 795/795/795 723/723/723
f 722/722/722 794/794/794 795/795/795
f 723/723/723 796/796/796 724/724/724
f 723/723/723 795/795/795 796/796/796
f 724/724/724 797/797/797 725/725/725
f 724/724/724 796/796/796 797/797/797
f 725/725/725 798/798/798 726/726/726
f 725/725/725 797/797/797 798/798/798
f 726/726/726 799/799/799 727/727/727
f 726/726/726 798/798/798 799/799/799
f 727/727/727 800/800/800 728/728/728
f 727/727/727 799/799/799 800/800/800
f 728/728/728 801/801/801 729/729/729
f 728/728/728 800/800/800 801/801/801
f 729/729/729 802/802/802 730/730/730
f 729/729/729 801/801/801 802/802/802
f 730/730/730 803/803/803 731/731/731
f 730/730/730 802/802/802 803/803/803
f 731/731/731 804/804/804 732/732/732
f 731/731/731 803/803/803 804/804/804
f 732/732/732 805/805/805 733/733/733
f 732/732/732 804/804/804 805/805/805
f 733/733/733 806/806/806 734/734/734
f 733/733/733 805/805/805 806/806/806
f 734/734/734 807/807/807 735/735/735
f 734/734/734 806/806/806 807/807/807
f 735/735/735 808/808/808 736/736/736
f 735/735/735 807/807/807 808/808/808
f 736/736/736 809/809/809 737/737/737
f 736/736/736 808/808/808 809/809/809
f 737/737/737 810/810/810 738/738/738
f 737/737/737 809/809/809 810/810/810
f 738/738/738 811/811/811 739/739/739
f 738/738/738 810/810/810 811/811/811
f 739/739/739 812/812/812 740/740/740
f 739/739/739 811/811/811 812/812/812
f 740/740/740 813/813/813 741/741/741
f 740/740/740 812/812/812 813/813/813
f 741/741/741 814/814/814 742/742/742
f 741/741/741 813/813/813 814/814/814
f 742/742/742 815/815/815 743/743/743
f 742/742/742 814/814/814 815/815/815
f 743/743/743 816/816/816 744/744/744
f 743/743/743 815/815/815 816/816/816
f 744/744/744 817/817/817 745/745/745
f 744/744/744 816/816/816 817/817/817
f 745/745/745 818/818/818 746/746/746
f 745/745/745 817/817/817 818/818/818
f 746/746/746 819/819/819 747/747/747
f 746/746/746 818/818/818 819/819/819
f 747/747/747 820/820/820 748/748/748
f 747/747/747 819/819/819 820/820/820
f 748/748/748 821/821/821 749/749/749
f 748/748/748 820/820/820 821/821/821
f 749/749/749 822/822/822 750/750/750
f 749/749/749 821/821/821 822/822/822
f 750/750/750 823/823/823 751/751/751
f 750/750/750 822/822/822 823/823/823
f 751/751/751 824/824/824 752/752/752
f 751/751/751 823/823/823 824/824/824
f 752/752/752 825/825/825 753/753/753
f 752/752/752 824/824/824 825/825/825
f 753/753/753 826/826/826 754/754/754
f 753/753/753 825/825/825 826/826/826
f 754/754/754 827/827/827 755/755/755
f 754/754/754 826/826/826 827/827/827
f 755/755/755 828/828/828 756/756/756
f 755/755/755 827/827/827 828/828/828
f 756/756/756 829/829/829 757/757/757
f 756/756/756 828/828/828 829/829/829
f 757/757/757 830/830/830 758/758/758
f 757/757/757 829/829/829 830/830/830
f 758/758/758 831/831/831 759/759/759
f 758/758/758 830/830/830 831/831/831
f 759/759/759 832/832/832 760/760/760
f 759/759/759 831/831/831 832/832/832
f 760/760/760 833/833/833 761/761/761
f 760/760/760 832/832/832 833/833/833
f 761/761/761 834/834/834 762/762/762
f 761/761/761 833/833/833 834/834/834
f 762/762/762 835/835/835 763/763/763
f 762/762/762 834/834/834 835/835/835
f 763/763/763 836/836/836 764/764/764
f 763/763/763 835/835/835 836/836/836
f 764/764/764 837/837/837 765/765/765
f 764/764/764 836/836/836 837/837/837
f 765/765/765 838/838/838 766/766/766
f 765/765/765 837/837/837 838/838/838
f 766/766/766 839/839/839 767/767/767
f 766/766/766 838/838/838 839/839/839
f 767/767/767 840/840/840 768/768/768
f 767/767/767 839/839/839 840/840/840
f 768/768/768 841/841/841 769/769/769
f 768/768/768 840/840/840 841/841/841
f 769/769/769 842/842/842 770/770/770
f 769/769/769 841/841/841 842/842/842
f 770/770/770 843/843/843 771/771/771
f 770/770/770 842/842/842 843/843/843
f 771/771/771 844/844/844 772/772/772
f 771/771/771 843/843/843 844/844/844
f 772/772/772 845/845/845 773/773/773
f 772/772/772 844/844/844 845/845/845
f 773/773/773 846/846/846 774/774/774
f 773/773/773 845/845/845 846/846/846
f 774/774/774 847/847/847 775/775/775
f 774/774/774 846/846/846 847/847/847
f 775/775/775 848/848/848 776/776/776
f 775/775/775 847/847/847 848/848/848
f 776/776/776 849/849/849 777/777/777
f 776/776/776 848/848/848 849/849/849
f 777/777/777 850/850/850 778/778/778
f 777/777/777 849/849/849 850/850/850
f 778/778/778 851/851/851 779/779/779
f 778/778/778 850/850/850 851/851/851
f 779/779/779 852/852/852 780/780/780
f 779/779/779 851/851/851 852/852/852
f 780/780/780 853/853/853 781/781/781
f 780/780/780 852/852/852 853/853/853
f 781/781/781 854/854/854 782/782/782
f 781/781/781 853/853/853 854/854/854
f 782/782/782 855/855/855 783/783/783
f 782/782/782 854/854/854 855/855/855
f 783/783/783 856/856/856 784/784/784
f 783/783/783 855/855/855 856/856/856
f 784/784/784 857/857/857 785/785/785
f 784/784/784 856/856/856 857/857/857
f 785/785/785 858/858/858 786/786/786
f 785/785/785 857/857/857 858/858/858
f 786/786/786 859/859/859 787/787/787
f 786/786/786 858/858/858 859/859/859
f 787/787/787 860/860/860 788/788/788
f 787/787/787 859/859/859 860/860/860
f 788/788/788 861/861/861 789/789/789
f 788/788/788 860/860/860 861/861/861
f 789/789/789 862/862/862 790/790/790
f 789/789/789 861/861/861 862/862/862
f 790/790/790 863/863/863 791/791/791
f 790/790/790 862/862/862 863/863/863
f 791/791/791 864/864/864 792/792/792
f 791/791/791 863/863/863 864/864/864
f 792/792/792 793/793/793 721/721/721
f 792/792/792 864/864/864 793/793/793
f 793/793/793 866/866/866 794/794/794
f 793/793/793 865/865/865 866/866/866
f 794/794/794 867/867/867 795/795/795
f 794/794/794 866/866/866 867/867/867
f 795/795/795 868/868/868 796/796/796
f 795/795/795 867/867/867 868/868/868
f 796/796/796 869/869/869 797/797/797
f 796/796/796 868/868/868 869/869/869
f 797/797/797 870/870/870 798/798/798
f 797/797/797 869/869/869 870/870/870
f 798/798/798 871/871/871 799/799/799
f 798/798/798 870/870/870 871/871/871
f 799/799/799 872/872/872 800/800/800
f 799/799/799 871/871/871 872/872/872
f 800/800/800 873/873/873 801/801/801
f 800/800/800 872/872/872 873/873/873
f 801/801/801 874/874/874 802/802/802
f 801/801/801 873/873/873 874/874/874
f 802/802/802 875/875/875 803/803/803
f 802/802/802 874/874/874 875/875/875
f 803/803/803 876/876/876 804/804/804
f 803/803/803 875/875/875 876/876/876
f 804/804/804 877/877/877 805/805/805
f 804/804/804 876/876/876 877/877/877
f 805/805/805 878/878/878 806/806/806
f 805/805/805 877/877/877 878/878/878
f 806/806/806 879/879/879 807/807/807
f 806/806/806 878/878/878 879/879/879
f 807/807/807 880/880/880 808/808/808
f 807/807/807 879/879/879 880/880/880
f 808/808/808 881/881/881 809/809/809
f 808/808/808 880/880/880 881/881/881
f 809/809/809 882/882/882 810/810/810
f 809/809/809 881/881/881 882/882/882
f 810/810/810 883/883/883 811/811/811
f 810/810/810 882/882/882 883/883/883
f 811/811/811 884/884/884 812/812/812
f 811/811/811 883/883/883 884/884/884
f 812/812/812 885/885/885 813/813/813
f 812/812/812 884/884/884 885/885/885
f 813/813/813 886/886/886 814/814/814
f 813/813/813 885/885/885 886/886/886
f 814/814/814 887/887/887 815/815/815
f 814/814/814 886/886/886 887/887/887
f 815/815/815 888/888/888 816/816/816
f 815/815/815 887/887/887 888/888/888
f 816/816/816 889/889/889 817/817/817
f 816/816/816 888/888/888 889/889/889
f 817/817/817 890/890/890 818/818/818
f 817/817/817 889/889/889 890/890/890
f 818/818/818 891/891/891 819/819/819
f 818/818/818 890/890/890 891/891/891
f 819/819/819 892/892/892 820/820/820
f 819/819/819 891/891/891 892/892/892
f 820/820/820 893/893/893 821/821/821
f 820/820/820 892/892/892 893/893/893
f 821/821/821 894/894/894 822/822/822
f 821/821/821 893/893/893 894/894/894
f 822/822/822 895/895/895 823/823/823
f 822/822/822 894/894/894 895/895/895
f 823/823/823 896/896/896 824/824/824
f 823/823/823 895/895/895 896/896/896
f 824/824/824 897/897/897 825/825/825
f 824/824/824 896/896/896 897/897/897
f 825/825/825 898/898/898 826/826/826
f 825/825/825 897/897/897 898/898/898
f 826/826/826 899/899/899 827/827/827
f 826/826/826 898/898/898 899/899/899
f 827/827/827 900/900/900 828/828/828
f 827/827/827 899/899/899 900/900/900
f 828/828/828 901/901/901 829/829/829
f 828/828/828 900/900/900 901/901/901
f 829/829/829 902/902/902 830/830/830
f 829/829/829 901/901/901 902/902/902
f 830/830/830 903/903/903 831/831/831
f 830/830/830 902/902/902 903/903/903
f 831/831/831 904/904/904 832/832/832
f 831/831/831 903/903/903 904/904/904
f 832/832/832 905/905/905 833/833/833
f 832/832/832 904/904/904 905/905/905
f 833/833/833 906/906/906 834/834/834
f 833/833/833 905/905/905 906/906/906
f 834/834/834 907/907/907 835/835/835
f 834/834/834 906/906/906 907/907/907
f 835/835/835 908/908/908 836/836/836
f 835/835/835 907/907/907 908/908/908
f 836/836/836 909/909/909 837/837/837
f 836/836/836 908/908/908 909/909/909
f 837/837/837 910/910/910 838/838/838
f 837/837/837 909/909/909 910/910/910
f 838/838/838 911/911/911 839/839/839
f 838/838/838 910/910/910 911/911/911
f 839/839/839 912/912/912 840/840/840
f 839/839/839 911/911/911 912/912/912
f 840/840/840 913/913/913 841/841/841
f 840/840/840 912/912/912 913/913/913
f 841/841/841 914/914/914 842/842/842
f 841/841/841 913/913/913 914/914/914
f 842/842/842 915/915/915 843/843/843
f 842/842/842 914/914/914 915/915/915
f 843/843/843 916/916/916 844/844/844
f 843/843/843 915/915/915 916/916/916
f 844/844/844 917/917/917 845/845/845
f 844/844/844 916/916/916 917/917/917
f 845/845/845 918/918/918 846/846/846
f 845/845/845 917/917/917 918/918/918
f 846/846/846 919/919/919 847/847/847
f 846/846/846 918/918/918 919/919/919
f 847/847/847 920/920/920 848/848/848
f 847/847/847 919/919/919 920/920/920
f 848/848/848 921/921/921 849/849/849
f 848/848/848 920/920/920 921/921/921
f 849/849/849 922/922/922 850/850/850
f 849/849/849 921/921/921 922/922/922
f 850/850/850 923/923/923 851/851/851
f 850/850/850 922/922/922 923/923/923
f 851/851/851 924/924/924 852/852/852
f 851/851/851 923/923/923 924/924/924
f 852/852/852 925/925/925 853/853/853
f 852/852/852 924/924/924 925/925/925
f 853/853/853 926/926/926 854/854/854
f 853/853/853 925/925/925 926/926/926
f 854/854/854 927/927/927 855/855/855
f 854/854/854 926/926/926 927/927/927
f 855/855/855 928/928/928 856/856/856
f 855/855/855 927/927/927 928/928/928
f 856/856/856 929/929/929 857/857/857
f 856/856/856 928/928/928 929/929/929
f 857/857/857 930/930/930 858/858/858
f 857/857/857 929/929/929 930/930/930
f 858/858/858 931/931/931 859/859/859
f 858/858/858 930/930/930 931/931/931
f 859/859/859 932/932/932 860/860/860
f 859/859/859 931/931/931 932/932/932
f 860/860/860 933/933/933 861/861/861
f 860/860/860 932/932/932 933/933/933
f 861/861/861 934/934/934 862/862/862
f 861/861/861 933/933/933 934/934/934
f 862/862/862 935/935/935 863/863/863
f 862/862/862 934/934/934 935/935/935
f 863/863/863 936/936/936 864/864/864
f 863/863/863 935/935/935 936/936/936
f 864/864/864 865/865/865 793/793/793
f 864/864/864 936/936/936 865/865/865
f 865/865/865 938/938/938 866/866/866
f 865/865/865 937/937/937 938/938/938
f 866/866/866 939/939/939 867/867/867
f 866/866/866 938/938/938 939/939/939
f 867/867/867 940/940/940 868/868/868
f 867/867/867 939/939/939 940/940/940
f 868/868/868 941/941/941 869/869/869
f 868/868/868 940/940/940 941/941/941
f 869/869/869 942/942/942 870/870/870
f 869/869/869 941/941/941 942/942/942
f 870/870/870 943/943/943 871/871/871
f 870/870/870 942/942/942 943/943/943
f 871/871/871 944/944/944 872/872/872
f 871/871/871 943/943/943 944/944/944
f 872/872/872 945/945/945 873/873/873
f 872/872/872 944/944/944 945/945/945
f 873/873/873 946/946/946 874/874/874
f 873/873/873 945/945/945 946/946/946
f 874/874/874 947/947/947 875/875/875
f 874/874/874 946/946/946 947/947/947
f 875/875/875 948/948/948 876/876/876
f 875/875/875 947/947/947 948/948/948
f 876/876/876 949/949/949 877/877/877
f 876/876/876 948/948/948 949/949/949
f 877/877/877 950/950/950 878/878/878
f 877/877/877 949/949/949 950/950/950
f 878/878/878 951/951/951 879/879/879
f 878/878/878 950/950/950 951/951/951
f 879/879/879 952/952/952 880/880/880
f 879/879/879 951/951/951 952/952/952
f 880/880/880 953/953/953 881/881/881
f 880/880/880 952/952/952 953/953/953
f 881/881/881 954/954/954 882/882/882
f 881/881/881 953/953/953 954/954/954
f 882/882/882 955/955/955 883/883/883
f 882/882/882 954/954/954 955/955/955
f 883/883/883 956/956/956 884/884/884
f 883/883/883 955/955/955 956/956/956
f 884/884/884 957/957/957 885/885/885
f 884/884/884 956/956/956 957/957/957
f 885/885/885 958/958/958 886/886/886
f 885/885/885 957/957/957 958/958/958
f 886/886/886 959/959/959 887/887/887
f 886/886/886 958/958/958 959/959/959
f 887/887/887 960/960/960 888/888/888
f 887/887/887 959/959/959 960/960/960
f 888/888/888 961/961/961 889/889/889
f 888/888/888 960/960/960 961/961/961
f 889/889/889 962/962/962 890/890/890
f 889/889/889 961/961/961 962/962/962
f 890/890/890 963/963/963 891/891/891
f 890/890/890 962/962/962 963/963/963
f 891/891/891 964/964/964 892/892/892
f 891/891/891 963/963/963 964/964/964
f 892/892/892 965/965/965 893/893/893
f 892/892/892 964/964/964 965/965/965
f 893/893/893 966/966/966 894/894/894
f 893/893/893 965/965/965 966/966/966
f 894/894/894 967/967/967 895/895/895
f 894/894/894 966/966/966 967/967/967
f 895/895/895 968/968/968 896/896/896
f 895/895/895 967/967/967 968/968/968
f 896/896/896 969/969/969 897/897/897
f 896/896/896 968/968/968 969/969/969
f 897/897/897 970/970/970 898/898/898
f 897/897/897 969/969/969 970/970/970
f 898/898/898 971/971/971 899/899/899
f 898/898/898 970/970/970 971/971/971
f 899/899/899 972/972/972 900/900/900
f 899/899/899 971/971/971 972/972/972
f 900/900/900 973/973/973 901/901/901
f 900/900/900 972/972/972 973/973/973
f 901/901/901 974/974/974 902/902/902
f 901/901/901 973/973/973 974/974/974
f 902/902/902 975/975/975 903/903/903
f 902/902/902 974/974/974 975/975/975
f 903/903/903 976/976/976 904/904/904
f 903/903/903 975/975/975 976/976/976
f 904/904/904 977/977/977 905/905/905
f 904/904/904 976/976/976 977/977/977
f 905/905/905 978/978/978 906/906/906
f 905/905/905 977/977/977 978/978/978
f 906/906/906 979/979/979 907/907/907
f 906/906/906 978/978/978 979/979/979
f 907/907/907 980/980/980 908/908/908
f 907/907/907 979/979/979 980/980/980
f 908/908/908 981/981/981 909/909/909
f 908/908/908 980/980/980 981/981/981
f 909/909/909 982/982/982 910/910/910
f 909/909/909 981/981/981 982/982/982
f 910/910/910 983/983/983 911/911/911
f 910/910/910 982/982/982 983/983/983
f 911/911/911 984/984/984 912/912/912
f 911/911/911 983/983/983 984/984/984
f 912/912/912 985/985/985 913/913/913
f 912/912/912 984/984/984 985/985/985
f 913/913/913 986/986/986 914/914/914
f 913/913/913 985/985/985 986/986/986
f 914/914/914 987/987/987 915/915/915
f 914/914/914 986/986/986 987/987/987
f 915/915/915 988/988/988 916/916/916
f 915/915/915 987/987/987 988/988/988
f 916/916/916 989/989/989 917/917/917
f 916/916/916 988/988/988 989/989/989
f 917/917/917 990/990/990 918/918/918
f 917/917/917 989/989/989 990/990/990
f 918/918/918 991/991/991 919/919/919
f 918/918/918 990/990/990 991/991/991
f 919/919/919 992/992/992 920/920/920
f 919/919/919 991/991/991 992/992/992
f 920/920/920 993/993/993 921/921/921
f 920/920/920 992/992/992 993/993/993
f 921/921/921 994/994/994 922/922/922
f 921/921/921 993/993/993 994/994/994
f 922/922/922 995/995/995 923/923/923
f 922/922/922 994/994/994 995/995/995
f 923/923/923 996/996/996 924/924/924
f 923/923/923 995/995/995 996/996/996
f 924/924/924 997/997/997 925/925/925
f 924/924/924 996/996/996 997/997/997
f 925/925/925 998/998/998 926/926/926
f 925/925/925 997/997/997 998/998/998
f 926/926/926 999/999/999 927/927/927
f 926/926/926 998/998/998 999/999/999
f 927/927/927 1000/1000/1000 928/928/928
f 927/927/927 999/999/999 1000/1000/1000
f 928/928/928 1001/1001/1001 929/929/929
f 928/928/928 1000/1000/1000 1001/1001/1001
f 929/929/929 1002/1002/1002 930/930/930
f 929/929/929 1001/1001/1001 1002/1002/1002
f 930/930/930 1003/1003/1003 931/931/931
f 930/930/930 1002/1002/1002 1003/1003/1003
f 931/931/931 1004/1004/1004 932/932/932
f 931/931/931 1003/1003/1003 1004/1004/1004
f 932/932/932 1005/1005/1005 933/933/933
f 932/932/932 1004/1004/1004 1005/1005/1005
f 933/933/933 1006/1006/1006 934/934/934
f 933/933/933 1005/1005/1005 1006/1006/1006
f 934/934/934 1007/1007/1007 935/935/935
f 934/934/934 1006/1006/1006 1007/1007/1007
f 935/935/935 1008/1008/1008 936/936/936
f 935/935/935 1007/1007/1007 1008/1008/1008
f 936/936/936 937/937/937 865/865/865
f 936/936/936 1008/1008/1008 937/937/937
f 937/937/937 1010/1010/1010 938/938/938
f 937/937/937 1009/1009/1009 1010/1010/1010
f 938/938/938 1011/1011/1011 939/939/939
f 938/938/938 1010/1010/1010 1011/1011/1011
f 939/939/939 1012/1012/1012 940/940/940
f 939/939/939 1011/1011/1011 1012/1012/1012
f 940/940/940 1013/1013/1013 941/941/941
f 940/940/940 1012/1012/1012 1013/1013/1013
f 941/941/941 1014/1014/1014 942/942/942
f 941/941/941 1013/1013/1013 1014/1014/1014
f 942/942/942 1015/1015/1015 943/943/943
f 942/942/942 1014/1014/1014 1015/1015/1015
f 943/943/943 1016/1016/1016 944/944/944
f 943/943/943 1015/1015/1015 1016/1016/1016
f 944/944/944 1017/1017/1017 945/945/945
f 944/944/944 1016/1016/1016 1017/1017/1017
f 945/945/945 1018/1018/1018 946/946/946
f 945/945/945 1017/1017/1017 1018/1018/1018
f 946/946/946 1019/1019/1019 947/947/947
f 946/946/946 1018/1018/1018 1019/1019/1019
f 947/947/947 1020/1020/1020 948/948/948
f 947/947/947 1019/1019/1019 1020/1020/1020
f 948/948/948 1021/1021/1021 949/949/949
f 948/948/948 1020/1020/1020 1021/1021/1021
f 949/949/949 1022/1022/1022 950/950/950
f 949/949/949 1021/1021/1021 1022/1022/1022
f 950/950/950 1023/1023/1023 951/951/951
f 950/950/950 1022/1022/1022 1023/1023/1023
f 951/951/951 1024/1024/1024 952/952/952
f 951/951/951 1023/1023/1023 1024/1024/1024
f 952/952/952 1025/1025/1025 953/953/953
f 952/952/952 1024/1024/1024 1025/1025/1025
f 953/953/953 1026/1026/1026 954/954/954
f 953/953/953 1025/1025/1025 1026/1026/1026
f 954/954/954 1027/1027/1027 955/955/955
f 954/954/954 1026/1026/1026 1027/1027/1027
f 955/955/955 1028/1028/1028 956/956/956
f 955/955/955 1027/1027/1027 1028/1028/1028
f 956/956/956 1029/1029/1029 957/957/957
f 956/956/956 1028/1028/1028 1029/1029/1029
f 957/957/957 1030/1030/1030 958/958/958
f 957/957/957 1029/1029/1029 1030/1030/1030
f 958/958/958 1031/1031/1031 959/959/959
f 958/958/958 1030/1030/1030 1031/1031/1031
f 959/959/959 1032/1032/1032 960/960/960
f 959/959/959 1031/1031/1031 1032/1032/1032
f 960/960/960 1033/1033/1033 961/961/961
f 960/960/960 1032/1032/1032 1033/1033/1033
f 961/961/961 1034/1034/1034 962/962/962
f 961/961/961 1033/1033/1033 1034/1034/1034
f 962/962/962 1035/1035/1035 963/963/963
f 962/962/962 1034/1034/1034 1035/1035/1035
f 963/963/963 1036/1036/1036 964/964/964
f 963/963/963 1035/1035/1035 1036/1036/1036
f 964/964/964 1037/1037/1037 965/965/965
f 964/964/964 1036/1036/1036 1037/1037/1037
f 965/965/965 1038/1038/1038 966/966/966
f 965/965/965 1037/1037/1037 1038/1038/1038
f 966/966/966 1039/1039/1039 967/967/967
f 966/966/966 1038/1038/1038 1039/1039/1039
f 967/967/967 1040/1040/1040 968/968/968
f 967/967/967 1039/1039/1039 1040/1040/1040
f 968/968/968 1041/1041/1041 969/969/969
f 968/968/968 1040/1040/1040 1041/1041/1041
f 969/969/969 1042/1042/1042 970/970/970
f 969/969/969 1041/1041/1041 1042/1042/1042
f 970/970/970 1043/1043/1043 971/971/971
f 970/970/970 1042/1042/1042 1043/1043/1043
f 971/971/971 1044/1044/1044 972/972/972
f 971/971/971 1043/1043/1043 1044/1044/1044
f 972/972/972 1045/1045/1045 973/973/973
f 972/972/972 1044/1044/1044 1045/1045/1045
f 973/973/973 1046/1046/1046 974/974/974
f 973/973/973 1045/1045/1045 1046/1046/1046
f 974/974/974 1047/1047/1047 975/975/975
f 974/974/974 1046/1046/1046 1047/1047/1047
f 975/975/975 1048/1048/1048 976/976/976
f 975/975/975 1047/1047/1047 1048/1048/1048
f 976/976/976 1049/1049/1049 977/977/977
f 976/976/976 1048/1048/1048 1049/1049/1049
f 977/977/977 1050/1050/1050 978/978/978
f 977/977/977 1049/1049/1049 1050/1050/1050
f 978/978/978 1051/1051/1051 979/979/979
f 978/978/978 1050/1050/1050 1051/1051/1051
f 979/979/979 1052/1052/1052 980/980/980
f 979/979/979 1051/1051/1051 1052/1052/1052
f 980/980/980 1053/1053/1053 981/981/981
f 980/980/980 1052/1052/1052 1053/1053/1053
f 981/981/981 1054/1054/1054 982/982/982
f 981/981/981 1053/1053/1053 1054/1054/1054
f 982/982/982 1055/1055/1055 983/983/983
f 982/982/982 1054/1054/1054 1055/1055/1055
f 983/983/983 1056/1056/1056 984/984/984
f 983/983/983 1055/1055/1055 1056/1056/1056
f 984/984/984 1057/1057/1057 985/985/985
f 984/984/984 1056/1056/1056 1057/1057/1057
f 985/985/985 1058/1058/1058 986/986/986
f 985/985/985 1057/1057/1057 1058/1058/1058
f 986/986/986 1059/1059/1059 987/987/987
f 986/986/986 1058/1058/1058 1059/1059/1059
f 987/987/987 1060/1060/1060 988/988/988
f 987/987/987 1059/1059/1059 1060/1060/1060
f 988/988/988 1061/1061/1061 989/989/989
f 988/988/988 1060/1060/1060 1061/1061/1061
f 989/989/989 1062/1062/1062 990/990/990
f 989/989/989 1061/1061/1061 1062/1062/1062
f 990/990/990 1063/1063/1063 991/991/991
f 990/990/990 1062/1062/1062 1063/1063/1063
f 991/991/991 1064/1064/1064 992/992/992
f 991/991/991 1063/1063/1063 1064/1064/1064
f 992/992/992 1065/1065/1065 993/993/993
f 992/992/992 1064/1064/1064 1065/1065/1065
f 993/993/993 1066/1066/1066 994/994/994
f 993/993/993 1065/1065/1065 1066/1066/1066
f 994/994/994 1067/1067/1067 995/995/995
f 994/994/994 1066/1066/1066 1067/1067/1067
f 995/995/995 1068/1068/1068 996/996/996
f 995/995/995 1067/1067/1067 1068/1068/1068
f 996/996/996 1069/1069/1069 997/997/997
f 996/996/996 1068/1068/1068 1069/1069/1069
f 997/997/997 1070/1070/1070 998/998/998
f 997/997/997 1069/1069/1069 1070/1070/1070
f 998/998/998 1071/1071/1071 999/999/999
f 998/998/998 1070/1070/1070 1071/1071/1071
f 999/999/999 1072/1072/1072 1000/1000/1000
f 999/999/999 1071/1071/1071 1072/1072/1072
f 1000/1000/1000 1073/1073/1073 1001/1001/1001
f 1000/1000/1000 1072/1072/1072 1073/1073/1073
f 1001/1001/1001 1074/1074/1074 1002/1002/1002
f 1001/1001/1001 1073/1073/1073 1074/1074/1074
f 1002/1002/1002 1075/1075/1075 1003/1003/1003
f 1002/1002/1002 1074/1074/1074 1075/1075/1075
f 1003/1003/1003 1076/1076/1076 1004/1004/1004
f 1003/1003/1003 1075/1075/1075 1076/1076/1076
f 1004/1004/1004 1077/1077/1077 1005/1005/1005
f 1004/1004/1004 1076/1076/1076 1077/1077/1077
f 1005/1005/1005 1078/1078/1078 1006/1006/1006
f 1005/1005/1005 1077/1077/1077 1078/1078/1078
f 1006/1006/1006 1079/1079/1079 1007/1007/1007
f 1006/1006/1006 1078/1078/1078 1079/1079/1079
f 1007/1007/1007 1080/1080/1080 1008/1008/1008
f 1007/1007/1007 1079/1079/1079 1080/1080/1080
f 1008/1008/1008 1009/1009/1009 937/937/937
f 1008/1008/1008 1080/1080/1080 1009/1009/1009
f 1009/1009/1009 1082/1082/1082 1010/1010/1010
f 1009/1009/1009 1081/1081/1081 1082/1082/1082
f 1010/1010/1010 1083/1083/1083 1011/1011/1011
f 1010/1010/1010 1082/1082/1082 1083/1083/1083
f 1011/1011/1011 1084/1084/1084 1012/1012/1012
f 1011/1011/1011 1083/1083/1083 1084/1084/1084
f 1012/1012/1012 1085/1085/1085 1013/1013/1013
f 1012/1012/1012 1084/1084/1084 1085/1085/1085
f 1013/1013/1013 1086/1086/1086 1014/1014/1014
f 1013/1013/1013 1085/1085/1085 1086/1086/1086
f 1014/1014/1014 1087/1087/1087 1015/1015/1015
f 1014/1014/1014 1086/1086/1086 1087/1087/1087
f 1015/1015/1015 1088/1088/1088 1016/1016/1016
f 1015/1015/1015 1087/1087/1087 1088/1088/1088
f 1016/1016/1016 1089/1089/1089 1017/1017/1017
f 1016/1016/1016 1088/1088/1088 1089/1089/1089
f 1017/1017/1017 1090/1090/1090 1018/1018/1018
f 1017/1017/1017 1089/1089/1089 1090/1090/1090
f 1018/1018/1018 1091/1091/1091 1019/1019/1019
f 1018/1018/1018 1090/1090/1090 1091/1091/1091
f 1019/1019/1019 1092/1092/1092 1020/1020/1020
f 1019/1019/1019 1091/1091/1091 1092/1092/1092
f 1020/1020/1020 1093/1093/1093 1021/1021/1021
f 1020/1020/1020 1092/1092/1092 1093/1093/1093
f 1021/1021/1021 1094/1094/1094 1022/1022/1022
f 1021/1021/1021 1093/1093/1093 1094/1094/1094
f 1022/1022/1022 1095/1095/1095 1023/1023/1023
f 1022/1022/1022 1094/1094/1094 1095/1095/1095
f 1023/1023/1023 1096/1096/1096 1024/1024/1024
f 1023/1023/1023 1095/1095/1095 1096/1096/1096
f 1024/1024/1024 1097/1097/1097 1025/1025/1025
f 1024/1024/1024 1096/1096/1096 1097/1097/1097
f 1025/1025/1025 1098/1098/1098 1026/1026/1026
f 1025/1025/1025 1097/1097/1097 1098/1098/1098
f 1026/1026/1026 1099/1099/1099 1027/1027/1027
f 1026/1026/1026 1098/1098/1098 1099/1099/1099
f 1027/1027/1027 1100/1100/1100 1028/1028/1028
f 1027/1027/1027 1099/1099/1099 1100/1100/1100
f 1028/1028/1028 1101/1101/1101 1029/1029/1029
f 1028/1028/1028 1100/1100/1100 1101/1101/1101
f 1029/1029/1029 1102/1102/1102 1030/1030/1030
f 1029/1029/1029 1101/1101/1101 1102/1102/1102
f 1030/1030/1030 1103/1103/1103 1031/1031/1031
f 1030/1030/1030 1102/1102/1102 1103/1103/1103
f 1031/1031/1031 1104/1104/1104 1032/1032/1032
f 1031/1031/1031 1103/1103/1103 1104/1104/1104
f 1032/1032/1032 1105/1105/1105 1033/1033/1033
f 1032/1032/1032 1104/1104/1104 1105/1105/1105
f 1033/1033/1033 1106/1106/1106 1034/1034/1034
f 1033/1033/1033 1105/1105/1105 1106/1106/1106
f 1034/1034/1034 1107/1107/1107 1035/1035/1035
f 1034/1034/1034 1106/1106/1106 1107/1107/1107
f 1035/1035/1035 1108/1108/1108 1036/1036/1036
f 1035/1035/1035 1107/1107/1107 1108/1108/1108
f 1036/1036/1036 1109/1109/1109 1037/1037/1037
f 1036/1036/1036 1108/1108/1108 1109/1109/1109
f 1037/1037/1037 1110/1110/1110 1038/1038/1038
f 1037/1037/1037 1109/1109/1109 1110/1110/1110
f 1038/1038/1038 1111/1111/1111 1039/1039/1039
f 1038/1038/1038 1110/1110/1110 1111/1111/1111
f 1039/1039/1039 1112/1112/1112 1040/1040/1040
f 1039/1039/1039 1111/1111/1111 1112/1112/1112
f 1040/1040/1040 1113/1113/1113 1041/1041/1041
f 1040/1040/1040 1112/1112/1112 1113/1113/1113
f 1041/1041/1041 1114/1114/1114 1042/1042/1042
f 1041/1041/1041 1113/1113/1113 1114/1114/1114
f 1042/1042/1042 1115/1115/1115 1043/1043/1043
f 1042/1042/1042 1114/1114/1114 1115/1115/1115
f 1043/1043/1043 1116/1116/1116 1044/1044/1044
f 1043/1043/1043 1115/1115/1115 1116/1116/1116
f 1044/1044/1044 1117/1117/1117 1045/1045/1045
f 1044/1044/1044 1116/1116/1116 1117/1117/1117
f 1045/1045/1045 1118/1118/1118 1046/1046/1046
f 1045/1045/1045 1117/1117/1117 1118/1118/1118
f 1046/1046/1046 1119/1119/1119 1047/1047/1047
f 1046/1046/1046 1118/1118/1118 1119/1119/1119
f 1047/1047/1047 1120/1120/1120 1048/1048/1048
f 1047/1047/1047 1119/1119/1119 1120/1120/1120
f 1048/1048/1048 1121/1121/1121 1049/1049/1049
f 1048/1048/1048 1120/1120/1120 1121/1121/1121
f 1049/1049/1049 1122/1122/1122 1050/1050/1050
f 1049/1049/1049 1121/1121/1121 1122/1122/1122
f 1050/1050/1050 1123/1123/1123 1051/1051/1051
f 1050/1050/1050 1122/1122/1122 1123/1123/1123
f 1051/1051/1051 1124/1124/1124 1052/1052/1052
f 1051/1051/1051 1123/1123/1123 1124/1124/1124
f 1052/1052/1052 1125/1125/1125 1053/1053/1053
f 1052/1052/1052 1124/1124/1124 1125/1125/1125
f 1053/1053/1053 1126/1126/1126 1054/1054/1054
f 1053/1053/1053 1125/1125/1125 1126/1126/1126
f 1054/1054/1054 1127/1127/1127 1055/1055/1055
f 1054/1054/1054 1126/1126/1126 1127/1127/1127
f 1055/1055/1055 1128/1128/1128 1056/1056/1056
f 1055/1055/1055 1127/1127/1127 1128/1128/1128
f 1056/1056/1056 1129/1129/1129 1057/1057/1057
f 1056/1056/1056 1128/1128/1128 1129/1129/1129
f 1057/1057/1057 1130/1130/1130 1058/1058/1058
f 1057/1057/1057 1129/1129/1129 1130/1130/1130
f 1058/1058/1058 1131/1131/1131 1059/1059/1059
f 1058/1058/1058 1130/1130/1130 1131/1131/1131
f 1059/1059/1059 1132/1132/1132 1060/1060/1060
f 1059/1059/1059 1131/1131/1131 1132/1132/1132
f 1060/1060/1060 1133/1133/1133 1061/1061/1061
f 1060/1060/1060 1132/1132/1132 1133/1133/1133
f 1061/1061/1061 1134/1134/1134 1062/1062/1062
f 1061/1061/1061 1133/1133/1133 1134/1134/1134
f 1062/1062/1062 1135/1135/1135 1063/1063/1063
f 1062/1062/1062 1134/1134/1134 1135/1135/1135
f 1063/1063/1063 1136/1136/1136 1064/1064/1064
f 1063/1063/1063 1135/1135/1135 1136/1136/1136
f 1064/1064/1064 1137/1137/1137 1065/1065/1065
f 1064/1064/1064 1136/1136/1136 1137/1137/1137
f 1065/1065/1065 1138/1138/1138 1066/1066/1066
f 1065/1065/1065 1137/1137/1137 1138/1138/1138
f 1066/1066/1066 1139/1139/1139 1067/1067/1067
f 1066/1066/1066 1138/1138/1138 1139/1139/1139
f 1067/1067/1067 1140/1140/1140 1068/1068/1068
f 1067/1067/1067 1139/1139/1139 1140/1140/1140
f 1068/1068/1068 1141/1141/1141 1069/1069/1069
f 1068/1068/1068 1140/1140/1140 1141/1141/1141
f 1069/1069/1069 1142/1142/1142 1070/1070/1070
f 1069/1069/1069 1141/1141/1141 1142/1142/1142
f 1070/1070/1070 1143/1143/1143 1071/1071/1071
f 1070/1070/1070 1142/1142/1142 1143/1143/1143
f 1071/1071/1071 1144/1144/1144 1072/1072/1072
f 1071/1071/1071 1143/1143/1143 1144/1144/1144
f 1072/1072/1072 1145/1145/1145 1073/1073/1073
f 1072/1072/1072 1144/1144/1144 1145/1145/1145
f 1073/1073/1073 1146/1146/1146 1074/1074/1074
f 1073/1073/1073 1145/1145/1145 1146/1146/1146
f 1074/1074/1074 1147/1147/1147 1075/1075/1075
f 1074/1074/1074 1146/1146/1146 1147/1147/1147
f 1075/1075/1075 1148/1148/1148 1076/1076/1076
f 1075/1075/1075 1147/1147/1147 1148/1148/1148
f 1076/1076/1076 1149/1149/1149 1077/1077/1077
f 1076/1076/1076 1148/1148/1148 1149/1149/1149
f 1077/1077/1077 1150/1150/1150 1078/1078/1078
f 1077/1077/1077 1149/1149/1149 1150/1150/1150
f 1078/1078/1078 1151/1151/1151 1079/1079/1079
f 1078/1078/1078 1150/1150/1150 1151/1151/1151
f 1079/1079/1079 1152/1152/1152 1080/1080/1080
f 1079/1079/1079 1151/1151/1151 1152/1152/1152
f 1080/1080/1080 1081/1081/1081 1009/1009/1009
f 1080/1080/1080 1152/1152/1152 1081/1081/1081
f 1081/1081/1081 1154/1154/1154 1082/1082/1082
f 1081/1081/1081 1153/1153/1153 1154/1154/1154
f 1082/1082/1082 1155/1155/1155 1083/1083/1083
f 1082/1082/1082 1154/1154/1154 1155/1155/1155
f 1083/1083/1083 1156/1156/1156 1084/1084/1084
f 1083/1083/1083 1155/1155/1155 1156/1156/1156
f 1084/1084/1084 1157/1157/1157 1085/1085/1085
f 1084/1084/1084 1156/1156/1156 1157/1157/1157
f 1085/1085/1085 1158/1158/1158 1086/1086/1086
f 1085/1085/1085 1157/1157/1157 1158/1158/1158
f 1086/1086/1086 1159/1159/1159 1087/1087/1087
f 1086/1086/1086 1158/1158/1158 1159/1159/1159
f 1087/1087/1087 1160/1160/1160 1088/1088/1088
f 1087/1087/1087 1159/1159/1159 1160/1160/1160
f 1088/1088/1088 1161/1161/1161 1089/1089/1089
f 1088/1088/1088 1160/1160/1160 1161/1161/1161
f 1089/1089/1089 1162/1162/1162 1090/1090/1090
f 1089/1089/1089 1161/1161/1161 1162/1162/1162
f 1090/1090/1090 1163/1163/1163 1091/1091/1091
f 1090/1090/1090 1162/1162/1162 1163/1163/1163
f 1091/1091/1091 1164/1164/1164 1092/1092/1092
f 1091/1091/1091 1163/1163/1163 1164/1164/1164
f 1092/1092/1092 1165/1165/1165 1093/1093/1093
f 1092/1092/1092 1164/1164/1164 1165/1165/1165
f 1093/1093/1093 1166/1166/1166 1094/1094/1094
f 1093/1093/1093 1165/1165/1165 1166/1166/1166
f 1094/1094/1094 1167/1167/1167 1095/1095/1095
f 1094/1094/1094 1166/1166/1166 1167/1167/1167
f 1095/1095/1095 1168/1168/1168 1096/1096/1096
f 1095/1095/1095 1167/1167/1167 1168/1168/1168
f 1096/1096/1096 1169/1169/1169 1097/1097/1097
f 1096/1096/1096 1168/1168/1168 1169/1169/1169
f 1097/1097/1097 1170/1170/1170 1098/1098/1098
f 1097/1097/1097 1169/1169/1169 1170/1170/1170
f 1098/1098/1098 1171/1171/1171 1099/1099/1099
f 1098/1098/1098 1170/1170/1170 1171/1171/1171
f 1099/1099/1099 1172/1172/1172 1100/1100/1100
f 1099/1099/1099 1171/1171/1171 1172/1172/1172
f 1100/1100/1100 1173/1173/1173 1101/1101/1101
f 1100/1100/1100 1172/1172/1172 1173/1173/1173
f 1101/1101/1101 1174/1174/1174 1102/1102/1102
f 1101/1101/1101 1173/1173/1173 1174/1174/1174
f 1102/1102/1102 1175/1175/1175 1103/1103/1103
f 1102/1102/1102 1174/1174/1174 1175/1175/1175
f 1103/1103/1103 1176/1176/1176 1104/1104/1104
f 1103/1103/1103 1175/1175/1175 1176/1176/1176
f 1104/1104/1104 1177/1177/1177 1105/1105/1105
f 1104/1104/1104 1176/1176/1176 1177/1177/1177
f 1105/1105/1105 1178/1178/1178 1106/1106/1106
f 1105/1105/1105 1177/1177/1177 1178/1178/1178
f 1106/1106/1106 1179/1179/1179 1107/1107/1107
f 1106/1106/1106 1178/1178/1178 1179/1179/1179
f 1107/1107/1107 1180/1180/1180 1108/1108/1108
f 1107/1107/1107 1179/1179/1179 1180/1180/1180
f 1108/1108/1108 1181/1181/1181 1109/1109/1109
f 1108/1108/1108 1180/1180/1180 1181/1181/1181
f 1109/1109/1109 1182/1182/1182 1110/1110/1110
f 1109/1109/1109 1181/1181/1181 1182/1182/1182
f 1110/1110/1110 1183/1183/1183 1111/1111/1111
f 1110/1110/1110 1182/1182/1182 1183/1183/1183
f 1111/1111/1111 1184/1184/1184 1112/1112/1112
f 1111/1111/1111 1183/1183/1183 1184/1184/1184
f 1112/1112/1112 1185/1185/1185 1113/1113/1113
f 1112/1112/1112 1184/1184/1184 1185/1185/1185
f 1113/1113/1113 1186/1186/1186 1114/1114/1114
f 1113/1113/1113 1185/1185/1185 1186/1186/1186
f 1114/1114/1114 1187/1187/1187 1115/1115/1115
f 1114/1114/1114 1186/1186/1186 1187/1187/1187
f 1115/1115/1115 1188/1188/1188 1116/1116/1116
f 1115/1115/1115 1187/1187/1187 1188/1188/1188
f 1116/1116/1116 1189/1189/1189 1117/1117/1117
f 1116/1116/1116 1188/1188/1188 1189/1189/1189
f 1117/1117/1117 1190/1190/1190 1118/1118/1118
f 1117/1117/1117 1189/1189/1189 1190/1190/1190
f 1118/1118/1118 1191/1191/1191 1119/1119/1119
f 1118/1118/1118 1190/1190/1190 1191/1191/1191
f 1119/1119/1119 1192/1192/1192 1120/1120/1120
f 1119/1119/1119 1191/1191/1191 1192/1192/1192
f 1120/1120/1120 1193/1193/1193 1121/1121/1121
f 1120/1120/1120 1192/1192/1192 1193/1193/1193
f 1121/1121/1121 1194/1194/1194 1122/1122/1122
f 1121/1121/1121 1193/1193/1193 1194/1194/1194
f 1122/1122/1122 1195/1195/1195 1123/1123/1123
f 1122/1122/1122 1194/1194/1194 1195/1195/1195
f 1123/1123/1123 1196/1196/1196 1124/1124/1124
f 1123/1123/1123 1195/1195/1195 1196/1196/1196
f 1124/1124/1124 1197/1197/1197 1125/1125/1125
f 1124/1124/1124 1196/1196/1196 1197/1197/1197
f 1125/1125/1125 1198/1198/1198 1126/1126/1126
f 1125/1125/1125 1197/1197/1197 1198/1198/1198
f 1126/1126/1126 1199/1199/1199 1127/1127/1127
f 1126/1126/1126 1198/1198/1198 1199/1199/1199
f 1127/1127/1127 1200/1200/1200 1128/1128/1128
f 1127/1127/1127 1199/1199/1199 1200/1200/1200
f 1128/1128/1128 1201/1201/1201 1129/1129/1129
f 1128/1128/1128 1200/1200/1200 1201/1201/1201
f 1129/1129/1129 1202/1202/1202 1130/1130/1130
f 1129/1129/1129 1201/1201/1201 1202/1202/1202
f 1130/1130/1130 1203/1203/1203 1131/1131/1131
f 1130/1130/1130 1202/1202/1202 1203/1203/1203
f 1131/1131/1131 1204/1204/1204 1132/1132/1132
f 1131/1131/1131 1203/1203/1203 1204/1204/1204
f 1132/1132/1132 1205/1205/1205 1133/1133/1133
f 1132/1132/1132 1204/1204/1204 1205/1205/1205
f 1133/1133/1133 1206/1206/1206 1134/1134/1134
f 1133/1133/1133 1205/1205/1205 1206/1206/1206
f 1134/1134/1134 1207/1207/1207 1135/1135/1135
f 1134/1134/1134 1206/1206/1206 1207/1207/1207
f 1135/1135/1135 1208/1208/1208 1136/1136/1136
f 1135/1135/1135 1207/1207/1207 1208/1208/1208
f 1136/1136/1136 1209/1209/1209 1137/1137/1137
f 1136/1136/1136 1208/1208/1208 1209/1209/1209
f 1137/1137/1137 1210/1210/1210 1138/1138/1138
f 1137/1137/1137 1209/1209/1209 1210/1210/1210
f 1138/1138/1138 1211/1211/1211 1139/1139/1139
f 1138/1138/1138 1210/1210/1210 1211/1211/1211
f 1139/1139/1139 1212/1212/1212 1140/1140/1140
f 1139/1139/1139 1211/1211/1211 1212/1212/1212
f 1140/1140/1140 1213/1213/1213 1141/1141/1141
f 1140/1140/1140 1212/1212/1212 1213/1213/1213
f 1141/1141/1141 1214/1214/1214 1142/1142/1142
f 1141/1141/1141 1213/1213/1213 1214/1214/1214
f 1142/1142/1142 1215/1215/1215 1143/1143/1143
f 1142/1142/1142 1214/1214/1214 1215/1215/1215
f 1143/1143/1143 1216/1216/1216 1144/1144/1144
f 1143/1143/1143 1215/1215/1215 1216/1216/1216
f 1144/1144/1144 1217/1217/1217 1145/1145/1145
f 1144/1144/1144 1216/1216/1216 1217/1217/1217
f 1145/1145/1145 1218/1218/1218 1146/1146/1146
f 1145/1145/1145 1217/1217/1217 1218/1218/1218
f 1146/1146/1146 1219/1219/1219 1147/1147/1147
f 1146/1146/1146 1218/1218/1218 1219/1219/1219
f 1147/1147/1147 1220/1220/1220 1148/1148/1148
f 1147/1147/1147 1219/1219/1219 1220/1220/1220
f 1148/1148/1148 1221/1221/1221 1149/1149/1149
f 1148/1148/1148 1220/1220/1220 1221/1221/1221
f 1149/1149/1149 1222/1222/1222 1150/1150/1150
f 1149/1149/1149 1221/1221/1221 1222/1222/1222
f 1150/1150/1150 1223/1223/1223 1151/1151/1151
f 1150/1150/1150 1222/1222/1222 1223/1223/1223
f 1151/1151/1151 1224/1224/1224 1152/1152/1152
f 1151/1151/1151 1223/1223/1223 1224/1224/1224
f 1152/1152/1152 1153/1153/1153 1081/1081/1081
f 1152/1152/1152 1224/1224/1224 1153/1153/1153
f 1153/1153/1153 1226/1226/1226 1154/1154/1154
f 1153/1153/1153 1225/1225/1225 1226/1226/1226
f 1154/1154/1154 1227/1227/1227 1155/1155/1155
f 1154/1154/1154 1226/1226/1226 1227/1227/1227
f 1155/1155/1155 1228/1228/1228 1156/1156/1156
f 1155/1155/1155 1227/1227/1227 1228/1228/1228
f 1156/1156/1156 1229/1229/1229 1157/1157/1157
f 1156/1156/1156 1228/1228/1228 1229/1229/1229
f 1157/1157/1157 1230/1230/1230 1158/1158/1158
f 1157/1157/1157 1229/1229/1229 1230/1230/1230
f 1158/1158/1158 1231/1231/1231 1159/1159/1159
f 1158/1158/1158 1230/1230/1230 1231/1231/1231
f 1159/1159/1159 1232/1232/1232 1160/1160/1160
f 1159/1159/1159 1231/1231/1231 1232/1232/1232
f 1160/1160/1160 1233/1233/1233 1161/1161/1161
f 1160/1160/1160 1232/1232/1232 1233/1233/1233
f 1161/1161/1161 1234/1234/1234 1162/1162/1162
f 1161/1161/1161 1233/1233/1233 1234/1234/1234
f 1162/1162/1162 1235/1235/1235 1163/1163/1163
f 1162/1162/1162 1234/1234/1234 1235/1235/1235
f 1163/1163/1163 1236/1236/1236 1164/1164/1164
f 1163/1163/1163 1235/1235/1235 1236/1236/1236
f 1164/1164/1164 1237/1237/1237 1165/1165/1165
f 1164/1164/1164 1236/1236/1236 1237/1237/1237
f 1165/1165/1165 1238/1238/1238 1166/1166/1166
f 1165/1165/1165 1237/1237/1237 1238/1238/1238
f 1166/1166/1166 1239/1239/1239 1167/1167/1167
f 1166/1166/1166 1238/1238/1238 1239/1239/1239
f 1167/1167/1167 1240/1240/1240 1168/1168/1168
f 1167/1167/1167 1239/1239/1239 1240/1240/1240
f 1168/1168/1168 1241/1241/1241 1169/1169/1169
f 1168/1168/1168 1240/1240/1240 1241/1241/1241
f 1169/1169/1169 1242/1242/1242 1170/1170/1170
f 1169/1169/1169 1241/1241/1241 1242/1242/1242
f 1170/1170/1170 1243/1243/1243 1171/1171/1171
f 1170/1170/1170 1242/1242/1242 1243/1243/1243
f 1171/1171/1171 1244/1244/1244 1172/1172/1172
f 1171/1171/1171 1243/1243/1243 1244/1244/1244
f 1172/1172/1172 1245/1245/1245 1173/1173/1173
f 1172/1172/1172 1244/1244/1244 1245/1245/1245
f 1173/1173/1173 1246/1246/1246 1174/1174/1174
f 1173/1173/1173 1245/1245/1245 1246/1246/1246
f 1174/1174/1174 1247/1247/1247 1175/1175/1175
f 1174/1174/1174 1246/1246/1246 1247/1247/1247
f 1175/1175/1175 1248/1248/1248 1176/1176/1176
f 1175/1175/1175 1247/1247/1247 1248/1248/1248
f 1176/1176/1176 1249/1249/1249 1177/1177/1177
f 1176/1176/1176 1248/1248/1248 1249/1249/1249
f 1177/1177/1177 1250/1250/1250 1178/1178/1178
f 1177/1177/1177 1249/1249/1249 1250/1250/1250
f 1178/1178/1178 1251/1251/1251 1179/1179/1179
f 1178/1178/1178 1250/1250/1250 1251/1251/1251
f 1179/1179/1179 1252/1252/1252 1180/1180/1180
f 1179/1179/1179 1251/1251/1251 1252/1252/1252
f 1180/1180/1180 1253/1253/1253 1181/1181/1181
f 1180/1180/1180 1252/1252/1252 1253/1253/1253
f 1181/1181/1181 1254/1254/1254 1182/1182/1182
f 1181/1181/1181 1253/1253/1253 1254/1254/1254
f 1182/1182/1182 1255/1255/1255 1183/1183/1183
f 1182/1182/1182 1254/1254/1254 1255/1255/1255
f 1183/1183/1183 1256/1256/1256 1184/1184/1184
f 1183/1183/1183 1255/1255/1255 1256/1256/1256
f 1184/1184/1184 1257/1257/1257 1185/1185/1185
f 1184/1184/1184 1256/1256/1256 1257/1257/1257
f 1185/1185/1185 1258/1258/1258 1186/1186/1186
f 1185/1185/1185 1257/1257/1257 1258/1258/1258
f 1186/1186/1186 1259/1259/1259 1187/1187/1187
f 1186/1186/1186 1258/1258/1258 1259/1259/1259
f 1187/1187/1187 1260/1260/1260 1188/1188/1188
f 1187/1187/1187 1259/1259/1259 1260/1260/1260
f 1188/1188/1188 1261/1261/1261 1189/1189/1189
f 1188/1188/1188 1260/1260/1260 1261/1261/1261
f 1189/1189/1189 1262/1262/1262 1190/1190/1190
f 1189/1189/1189 1261/1261/1261 1262/1262/1262
f 1190/1190/1190 1263/1263/1263 1191/1191/1191
f 1190/1190/1190 1262/1262/1262 1263/1263/1263
f 1191/1191/1191 1264/1264/1264 1192/1192/1192
f 1191/1191/1191 1263/1263/1263 1264/1264/1264
f 1192/1192/1192 1265/1265/1265 1193/1193/1193
f 1192/1192/1192 1264/1264/1264 1265/1265/1265
f 1193/1193/1193 1266/1266/1266 1194/1194/1194
f 1193/1193/1193 1265/1265/1265 1266/1266/1266
f 1194/1194/1194 1267/1267/1267 1195/1195/1195
f 1194/1194/1194 1266/1266/1266 1267/1267/1267
f 1195/1195/1195 1268/1268/1268 1196/1196/1196
f 1195/1195/1195 1267/1267/1267 1268/1268/1268
f 1196/1196/1196 1269/1269/1269 1197/1197/1197
f 1196/1196/1196 1268/1268/1268 1269/1269/1269
f 1197/1197/1197 1270/1270/1270 1198/1198/1198
f 1197/1197/1197 1269/1269/1269 1270/1270/1270
f 1198/1198/1198 1271/1271/1271 1199/1199/1199
f 1198/1198/1198 1270/1270/1270 1271/1271/1271
f 1199/1199/1199 1272/1272/1272 1200/1200/1200
f 1199/1199/1199 1271/1271/1271 1272/1272/1272
f 1200/1200/1200 1273/1273/1273 1201/1201/1201
f 1200/1200/1200 1272/1272/1272 1273/1273/1273
f 1201/1201/1201 1274/1274/1274 1202/1202/1202
f 1201/1201/1201 1273/1273/1273 1274/1274/1274
f 1202/1202/1202 1275/1275/1275 1203/1203/1203
f 1202/1202/1202 1274/1274/1274 1275/1275/1275
f 1203/1203/1203 1276/1276/1276 1204/1204/1204
f 1203/1203/1203 1275/1275/1275 1276/1276/1276
f 1204/1204/1204 1277/1277/1277 1205/1205/1205
f 1204/1204/1204 1276/1276/1276 1277/1277/1277
f 1205/1205/1205 1278/1278/1278 1206/1206/1206
f 1205/1205/1205 1277/1277/1277 1278/1278/1278
f 1206/1206/1206 1279/1279/1279 1207/1207/1207
f 1206/1206/1206 1278/1278/1278 1279/1279/1279
f 1207/1207/1207 1280/1280/1280 1208/1208/1208
f 1207/1207/1207 1279/1279/1279 1280/1280/1280
f 1208/1208/1208 1281/1281/1281 1209/1209/1209
f 1208/1208/1208 1280/1280/1280 1281/1281/1281
f 1209/1209/1209 1282/1282/1282 1210/1210/1210
f 1209/1209/1209 1281/1281/1281 1282/1282/1282
f 1210/1210/1210 1283/1283/1283 1211/1211/1211
f 1210/1210/1210 1282/1282/1282 1283/1283/1283
f 1211/1211/1211 1284/1284/1284 1212/1212/1212
f 1211/1211/1211 1283/1283/1283 1284/1284/1284
f 1212/1212/1212 1285/1285/1285 1213/1213/1213
f 1212/1212/1212 1284/1284/1284 1285/1285/1285
f 1213/1213/1213 1286/1286/1286 1214/1214/1214
f 1213/1213/1213 1285/1285/1285 1286/1286/1286
f 1214/1214/1214 1287/1287/1287 1215/1215/1215
f 1214/1214/1214 1286/1286/1286 1287/1287/1287
f 1215/1215/1215 1288/1288/1288 1216/1216/1216
f 1215/1215/1215 1287/1287/1287 1288/1288/1288
f 1216/1216/1216 1289/1289/1289 1217/1217/1217
f 1216/1216/1216 1288/1288/1288 1289/1289/1289
f 1217/1217/1217 1290/1290/1290 1218/1218/1218
f 1217/1217/1217 1289/1289/1289 1290/1290/1290
f 1218/1218/1218 1291/1291/1291 1219/1219/1219
f 1218/1218/1218 1290/1290/1290 1291/1291/1291
f 1219/1219/1219 1292/1292/1292 1220/1220/1220
f 1219/1219/1219 1291/1291/1291 1292/1292/1292
f 1220/1220/1220 1293/1293/1293 1221/1221/1221
f 1220/1220/1220 1292/1292/1292 1293/1293/1293
f 1221/1221/1221 1294/1294/1294 1222/1222/1222
f 1221/1221/1221 1293/1293/1293 1294/1294/1294
f 1222/1222/1222 1295/1295/1295 1223/1223/1223
f 1222/1222/1222 1294/1294/1294 1295/1295/1295
f 1223/1223/1223 1296/1296/1296 1224/1224/1224
f 1223/1223/1223 1295/1295/1295 1296/1296/1296
f 1224/1224/1224 1225/1225/1225 1153/1153/1153
f 1224/1224/1224 1296/1296/1296 1225/1225/1225
f 1225/1225/1225 1298/1298/1298 1226/1226/1226
f 1225/1225/1225 1297/1297/1297 1298/1298/1298
f 1226/1226/1226 1299/1299/1299 1227/1227/1227
f 1226/1226/1226 1298/1298/1298 1299/1299/1299
f 1227/1227/1227 1300/1300/1300 1228/1228/1228
f 1227/1227/1227 1299/1299/1299 1300/1300/1300
f 1228/1228/1228 1301/1301/1301 1229/1229/1229
f 1228/1228/1228 1300/1300/1300 1301/1301/1301
f 1229/1229/1229 1302/1302/1302 1230/1230/1230
f 1229/1229/1229 1301/1301/1301 1302/1302/1302
f 1230/1230/1230 1303/1303/1303 1231/1231/1231
f 1230/1230/1230 1302/1302/1302 1303/1303/1303
f 1231/1231/1231 1304/1304/1304 1232/1232/1232
f 1231/1231/1231 1303/1303/1303 1304/1304/1304
f 1232/1232/1232 1305/1305/1305 1233/1233/1233
f 1232/1232/1232 1304/1304/1304 1305/1305/1305
f 1233/1233/1233 1306/1306/1306 1234/1234/1234
f 1233/1233/1233 1305/1305/1305 1306/1306/1306
f 1234/1234/1234 1307/1307/1307 1235/1235/1235
f 1234/1234/1234 1306/1306/1306 1307/1307/1307
f 1235/1235/1235 1308/1308/1308 1236/1236/1236
f 1235/1235/1235 1307/1307/1307 1308/1308/1308
f 1236/1236/1236 1309/1309/1309 1237/1237/1237
f 1236/1236/1236 1308/1308/1308 1309/1309/1309
f 1237/1237/1237 1310/1310/1310 1238/1238/1238
f 1237/1237/1237 1309/1309/1309 1310/1310/1310
f 1238/1238/1238 1311/1311/1311 1239/1239/1239
f 1238/1238/1238 1310/1310/1310 1311/1311/1311
f 1239/1239/1239 1312/1312/1312 1240/1240/1240
f 1239/1239/1239 1311/1311/1311 1312/1312/1312
f 1240/1240/1240 1313/1313/1313 1241/1241/1241
f 1240/1240/1240 1312/1312/1312 1313/1313/1313
f 1241/1241/1241 1314/1314/1314 1242/1242/1242
f 1241/1241/1241 1313/1313/1313 1314/1314/1314
f 1242/1242/1242 1315/1315/1315 1243/1243/1243
f 1242/1242/1242 1314/1314/1314 1315/1315/1315
f 1243/1243/1243 1316/1316/1316 1244/1244/1244
f 1243/1243/1243 1315/1315/1315 1316/1316/1316
f 1244/1244/1244 1317/1317/1317 1245/1245/1245
f 1244/1244/1244 1316/1316/1316 1317/1317/1317
f 1245/1245/1245 1318/1318/1318 1246/1246/1246
f 1245/1245/1245 1317/1317/1317 1318/1318/1318
f 1246/1246/1246 1319/1319/1319 1247/1247/1247
f 1246/1246/1246 1318/1318/1318 1319/1319/1319
f 1247/1247/1247 1320/1320/1320 1248/1248/1248
f 1247/1247/1247 1319/1319/1319 1320/1320/1320
f 1248/1248/1248 1321/1321/1321 1249/1249/1249
f 1248/1248/1248 1320/1320/1320 1321/1321/1321
f 1249/1249/1249 1322/1322/1322 1250/1250/1250
f 1249/1249/1249 1321/1321/1321 1322/1322/1322
f 1250/1250/1250 1323/1323/1323 1251/1251/1251
f 1250/1250/1250 1322/1322/1322 1323/1323/1323
f 1251/1251/1251 1324/1324/1324 1252/1252/1252
f 1251/1251/1251 1323/1323/1323 1324/1324/1324
f 1252/1252/1252 1325/1325/1325 1253/1253/1253
f 1252/1252/1252 1324/1324/1324 1325/1325/1325
f 1253/1253/1253 1326/1326/1326 1254/1254/1254
f 1253/1253/1253 1325/1325/1325 1326/1326/1326
f 1254/1254/1254 1327/1327/1327 1255/1255/1255
f 1254/1254/1254 1326/1326/1326 1327/1327/1327
f 1255/1255/1255 1328/1328/1328 1256/1256/1256
f 1255/1255/1255 1327/1327/1327 1328/1328/1328
f 1256/1256/1256 1329/1329/1329 1257/1257/1257
f 1256/1256/1256 1328/1328/1328 1329/1329/1329
f 1257/1257/1257 1330/1330/1330 1258/1258/1258
f 1257/1257/1257 1329/1329/1329 1330/1330/1330
f 1258/1258/1258 1331/1331/1331 1259/1259/1259
f 1258/1258/1258 1330/1330/1330 1331/1331/1331
f 1259/1259/1259 1332/1332/1332 1260/1260/1260
f 1259/1259/1259 1331/1331/1331 1332/1332/1332
f 1260/1260/1260 1333/1333/1333 1261/1261/1261
f 1260/1260/1260 1332/1332/1332 1333/1333/1333
f 1261/1261/1261 1334/1334/1334 1262/1262/1262
f 1261/1261/1261 1333/1333/1333 1334/1334/1334
f 1262/1262/1262 1335/1335/1335 1263/1263/1263
f 1262/1262/1262 1334/1334/1334 1335/1335/1335
f 1263/1263/1263 1336/1336/1336 1264/1264/1264
f 1263/1263/1263 1335/1335/1335 1336/1336/1336
f 1264/1264/1264 1337/1337/1337 1265/1265/1265
f 1264/1264/1264 1336/1336/1336 1337/1337/1337
f 1265/1265/1265 1338/1338/1338 1266/1266/1266
f 1265/1265/1265 1337/1337/1337 1338/1338/1338
f 1266/1266/1266 1339/1339/1339 1267/1267/1267
f 1266/1266/1266 1338/1338/1338 1339/1339/1339
f 1267/1267/1267 1340/1340/1340 1268/1268/1268
f 1267/1267/1267 1339/1339/1339 1340/1340/1340
f 1268/1268/1268 1341/1341/1341 1269/1269/1269
f 1268/1268/1268 1340/1340/1340 1341/1341/1341
f 1269/1269/1269 1342/1342/1342 1270/1270/1270
f 1269/1269/1269 1341/1341/1341 1342/1342/1342
f 1270/1270/1270 1343/1343/1343 1271/1271/1271
f 1270/1270/1270 1342/1342/1342 1343/1343/1343
f 1271/1271/1271 1344/1344/1344 1272/1272/1272
f 1271/1271/1271 1343/1343/1343 1344/1344/1344
f 1272/1272/1272 1345/1345/1345 1273/1273/1273
f 1272/1272/1272 1344/1344/1344 1345/1345/1345
f 1273/1273/1273 1346/1346/1346 1274/1274/1274
f 1273/1273/1273 1345/1345/1345 1346/1346/1346
f 1274/1274/1274 1347/1347/1347 1275/1275/1275
f 1274/1274/1274 1346/1346/1346 1347/1347/1347
f 1275/1275/1275 1348/1348/1348 1276/1276/1276
f 1275/1275/1275 1347/1347/1347 1348/1348/1348
f 1276/1276/1276 1349/1349/1349 1277/1277/1277
f 1276/1276/1276 1348/1348/1348 1349/1349/1349
f 1277/1277/1277 1350/1350/1350 1278/1278/1278
f 1277/1277/1277 1349/1349/1349 1350/1350/1350
f 1278/1278/1278 1351/1351/1351 1279/1279/1279
f 1278/1278/1278 1350/1350/1350 1351/1351/1351
f 1279/1279/1279 1352/1352/1352 1280/1280/1280
f 1279/1279/1279 1351/1351/1351 1352/1352/1352
f 1280/1280/1280 1353/1353/1353 1281/1281/1281
f 1280/1280/1280 1352/1352/1352 1353/1353/1353
f 1281/1281/1281 1354/1354/1354 1282/1282/1282
f 1281/1281/1281 1353/1353/1353 1354/1354/1354
f 1282/1282/1282 1355/1355/1355 1283/1283/1283
f 1282/1282/1282 1354/1354/1354 1355/1355/1355
f 1283/1283/1283 1356/1356/1356 1284/1284/1284
f 1283/1283/1283 1355/1355/1355 1356/1356/1356
f 1284/1284/1284 1357/1357/1357 1285/1285/1285
f 1284/1284/1284 1356/1356/1356 1357/1357/1357
f 1285/1285/1285 1358/1358/1358 1286/1286/1286
f 1285/1285/1285 1357/1357/1357 1358/1358/1358
f 1286/1286/1286 1359/1359/1359 1287/1287/1287
f 1286/1286/1286 1358/1358/1358 1359/1359/1359
f 1287/1287/1287 1360/1360/1360 1288/1288/1288
f 1287/1287/1287 1359/1359/1359 1360/1360/1360
f 1288/1288/1288 1361/1361/1361 1289/1289/1289
f 1288/1288/1288 1360/1360/1360 1361/1361/1361
f 1289/1289/1289 1362/1362/1362 1290/1290/1290
f 1289/1289/1289 1361/1361/1361 1362/1362/1362
f 1290/1290/1290 1363/1363/1363 1291/1291/1291
f 1290/1290/1290 1362/1362/1362 1363/1363/1363
f 1291/1291/1291 1364/1364/1364 1292/1292/1292
f 1291/1291/1291 1363/1363/1363 1364/1364/1364
f 1292/1292/1292 1365/1365/1365 1293/1293/1293
f 1292/1292/1292 1364/1364/1364 1365/1365/1365
f 1293/1293/1293 1366/1366/1366 1294/1294/1294
f 1293/1293/1293 1365/1365/1365 1366/1366/1366
f 1294/1294/1294 1367/1367/1367 1295/1295/1295
f 1294/1294/1294 1366/1366/1366 1367/1367/1367
f 1295/1295/1295 1368/1368/1368 1296/1296/1296
f 1295/1295/1295 1367/1367/1367 1368/1368/1368
f 1296/1296/1296 1297/1297/1297 1225/1225/1225
f 1296/1296/1296 1368/1368/1368 1297/1297/1297
f 1297/1297/1297 1370/1370/1370 1298/1298/1298
f 1297/1297/1297 1369/1369/1369 1370/1370/1370
f 1298/1298/1298 1371/1371/1371 1299/1299/1299
f 1298/1298/1298 1370/1370/1370 1371/1371/1371
f 1299/1299/1299 1372/1372/1372 1300/1300/1300
f 1299/1299/1299 1371/1371/1371 1372/1372/1372
f 1300/1300/1300 1373/1373/1373 1301/1301/1301
f 1300/1300/1300 1372/1372/1372 1373/1373/1373
f 1301/1301/1301 1374/1374/1374 1302/1302/1302
f 1301/1301/1301 1373/1373/1373 1374/1374/1374
f 1302/1302/1302 1375/1375/1375 1303/1303/1303
f 1302/1302/1302 1374/1374/1374 1375/1375/1375
f 1303/1303/1303 1376/1376/1376 1304/1304/1304
f 1303/1303/1303 1375/1375/1375 1376/1376/1376
f 1304/1304/1304 1377/1377/1377 1305/1305/1305
f 1304/1304/1304 1376/1376/1376 1377/1377/1377
f 1305/1305/1305 1378/1378/1378 1306/1306/1306
f 1305/1305/1305 1377/1377/1377 1378/1378/1378
f 1306/1306/1306 1379/1379/1379 1307/1307/1307
f 1306/1306/1306 1378/1378/1378 1379/1379/1379
f 1307/1307/1307 1380/1380/1380 1308/1308/1308
f 1307/1307/1307 1379/1379/1379 1380/1380/1380
f 1308/1308/1308 1381/1381/1381 1309/1309/1309
f 1308/1308/1308 1380/1380/1380 1381/1381/1381
f 1309/1309/1309 1382/1382/1382 1310/1310/1310
f 1309/1309/1309 1381/1381/1381 1382/1382/1382
f 1310/1310/1310 1383/1383/1383 1311/1311/1311
f 1310/1310/1310 1382/1382/1382 1383/1383/1383
f 1311/1311/1311 1384/1384/1384 1312/1312/1312
f 1311/1311/1311 1383/1383/1383 1384/1384/1384
f 1312/1312/1312 1385/1385/1385 1313/1313/1313
f 1312/1312/1312 1384/1384/1384 1385/1385/1385
f 1313/1313/1313 1386/1386/1386 1314/1314/1314
f 1313/1313/1313 1385/1385/1385 1386/1386/1386
f 1314/1314/1314 1387/1387/1387 1315/1315/1315
f 1314/1314/1314 1386/1386/1386 1387/1387/1387
f 1315/1315/1315 1388/1388/1388 1316/1316/1316
f 1315/1315/1315 1387/1387/1387 1388/1388/1388
f 1316/1316/1316 1389/1389/1389 1317/1317/1317
f 1316/1316/1316 1388/1388/1388 1389/1389/1389
f 1317/1317/1317 1390/1390/1390 1318/1318/1318
f 1317/1317/1317 1389/1389/1389 1390/1390/1390
f 1318/1318/1318 1391/1391/1391 1319/1319/1319
f 1318/1318/1318 1390/1390/1390 1391/1391/1391
f 1319/1319/1319 1392/1392/1392 1320/1320/1320
f 1319/1319/1319 1391/1391/1391 1392/1392/1392
f 1320/1320/1320 1393/1393/1393 1321/1321/1321
f 1320/1320/1320 1392/1392/1392 1393/1393/1393
f 1321/1321/1321 1394/1394/1394 1322/1322/1322
f 1321/1321/1321 1393/1393/1393 1394/1394/1394
f 1322/1322/1322 1395/1395/1395 1323/1323/1323
f 1322/1322/1322 1394/1394/1394 1395/1395/1395
f 1323/1323/1323 1396/1396/1396 1324/1324/1324
f 1323/1323/1323 1395/1395/1395 1396/1396/1396
f 1324/1324/1324 1397/1397/1397 1325/1325/1325
f 1324/1324/1324 1396/1396/1396 1397/1397/1397
f 1325/1325/1325 1398/1398/1398 1326/1326/1326
f 1325/1325/1325 1397/1397/1397 1398/1398/1398
f 1326/1326/1326 1399/1399/1399 1327/1327/1327
f 1326/1326/1326 1398/1398/1398 1399/1399/1399
f 1327/1327/1327 1400/1400/1400 1328/1328/1328
f 1327/1327/1327 1399/1399/1399 1400/1400/1400
f 1328/1328/1328 1401/1401/1401 1329/1329/1329
f 1328/1328/1328 1400/1400/1400 1401/1401/1401
f 1329/1329/1329 1402/1402/1402 1330/1330/1330
f 1329/1329/1329 1401/1401/1401 1402/1402/1402
f 1330/1330/1330 1403/1403/1403 1331/1331/1331
f 1330/1330/1330 1402/1402/1402 1403/1403/1403
f 1331/1331/1331 1404/1404/1404 1332/1332/1332
f 1331/1331/1331 1403/1403/1403 1404/1404/1404
f 1332/1332/1332 1405/1405/1405 1333/1333/1333
f 1332/1332/1332 1404/1404/1404 1405/1405/1405
f 1333/1333/1333 1406/1406/1406 1334/1334/1334
f 1333/1333/1333 1405/1405/1405 1406/1406/1406
f 1334/1334/1334 1407/1407/1407 1335/1335/1335
f 1334/1334/1334 1406/1406/1406 1407/1407/1407
f 1335/1335/1335 1408/1408/1408 1336/1336/1336
f 1335/1335/1335 1407/1407/1407 1408/1408/1408
f 1336/1336/1336 1409/1409/1409 1337/1337/1337
f 1336/1336/1336 1408/1408/1408 1409/1409/1409
f 1337/1337/1337 1410/1410/1410 1338/1338/1338
f 1337/1337/1337 1409/1409/1409 1410/1410/1410
f 1338/1338/1338 1411/1411/1411 1339/1339/1339
f 1338/1338/1338 1410/1410/1410 1411/1411/1411
f 1339/1339/1339 1412/1412/1412 1340/1340/1340
f 1339/1339/1339 1411/1411/1411 1412/1412/1412
f 1340/1340/1340 1413/1413/1413 1341/1341/1341
f 1340/1340/1340 1412/1412/1412 1413/1413/1413
f 1341/1341/1341 1414/1414/1414 1342/1342/1342
f 1341/1341/1341 1413/1413/1413 1414/1414/1414
f 1342/1342/1342 1415/1415/1415 1343/1343/1343
f 1342/1342/1342 1414/1414/1414 1415/1415/1415
f 1343/1343/1343 1416/1416/1416 1344/1344/1344
f 1343/1343/1343 1415/1415/1415 1416/1416/1416
f 1344/1344/1344 1417/1417/1417 1345/1345/1345
f 1344/1344/1344 1416/1416/1416 1417/1417/1417
f 1345/1345/1345 1418/1418/1418 1346/1346/1346
f 1345/1345/1345 1417/1417/1417 1418/1418/1418
f 1346/1346/1346 1419/1419/1419 1347/1347/1347
f 1346/1346/1346 1418/1418/1418 1419/1419/1419
f 1347/1347/1347 1420/1420/1420 1348/1348/1348
f 1347/1347/1347 1419/1419/1419 1420/1420/1420
f 1348/1348/1348 1421/1421/1421 1349/1349/1349
f 1348/1348/1348 1420/1420/1420 1421/1421/1421
f 1349/1349/1349 1422/1422/1422 1350/1350/1350
f 1349/1349/1349 1421/1421/1421 1422/1422/1422
f 1350/1350/1350 1423/1423/1423 1351/1351/1351
f 1350/1350/1350 1422/1422/1422 1423/1423/1423
f 1351/1351/1351 1424/1424/1424 1352/1352/1352
f 1351/1351/1351 1423/1423/1423 1424/1424/1424
f 1352/1352/1352 1425/1425/1425 1353/1353/1353
f 1352/1352/1352 1424/1424/1424 1425/1425/1425
f 1353/1353/1353 1426/1426/1426 1354/1354/1354
f 1353/1353/1353 1425/1425/1425 1426/1426/1426
f 1354/1354/1354 1427/1427/1427 1355/1355/1355
f 1354/1354/1354 1426/1426/1426 1427/1427/1427
f 1355/1355/1355 1428/1428/1428 1356/1356/1356
f 1355/1355/1355 1427/1427/1427 1428/1428/1428
f 1356/1356/1356 1429/1429/1429 1357/1357/1357
f 1356/1356/1356 1428/1428/1428 1429/1429/1429
f 1357/1357/1357 1430/1430/1430 1358/1358/1358
f 1357/1357/1357 1429/1429/1429 1430/1430/1430
f 1358/1358/1358 1431/1431/1431 1359/1359/1359
f 1358/1358/1358 1430/1430/1430 1431/1431/1431
f 1359/1359/1359 1432/1432/1432 1360/1360/1360
f 1359/1359/1359 1431/1431/1431 1432/1432/1432
f 1360/1360/1360 1433/1433/1433 1361/1361/1361
f 1360/1360/1360 1432/1432/1432 1433/1433/1433
f 1361/1361/1361 1434/1434/1434 1362/1362/1362
f 1361/1361/1361 1433/1433/1433 1434/1434/1434
f 1362/1362/1362 1435/1435/1435 1363/1363/1363
f 1362/1362/1362 1434/1434/1434 1435/1435/1435
f 1363/1363/1363 1436/1436/1436 1364/1364/1364
f 1363/1363/1363 1435/1435/1435 1436/1436/1436
f 1364/1364/1364 1437/1437/1437 1365/1365/1365
f 1364/1364/1364 1436/1436/1436 1437/1437/1437
f 1365/1365/1365 1438/1438/1438 1366/1366/1366
f 1365/1365/1365 1437/1437/1437 1438/1438/1438
f 1366/1366/1366 1439/1439/1439 1367/1367/1367
f 1366/1366/1366 1438/1438/1438 1439/1439/1439
f 1367/1367/1367 1440/1440/1440 1368/1368/1368
f 1367/1367/1367 1439/1439/1439 1440/1440/1440
f 1368/1368/1368 1369/1369/1369 1297/1297/1297
f 1368/1368/1368 1440/1440/1440 1369/1369/1369
f 1369/1369/1369 1442/1442/1442 1370/1370/1370
f 1369/1369/1369 1441/1441/1441 1442/1442/1442
f 1370/1370/1370 1443/1443/1443 1371/1371/1371
f 1370/1370/1370 1442/1442/1442 1443/1443/1443
f 1371/1371/1371 1444/1444/1444 1372/1372/1372
f 1371/1371/1371 1443/1443/1443 1444/1444/1444
f 1372/1372/1372 1445/1445/1445 1373/1373/1373
f 1372/1372/1372 1444/1444/1444 1445/1445/1445
f 1373/1373/1373 1446/1446/1446 1374/1374/1374
f 1373/1373/1373 1445/1445/1445 1446/1446/1446
f 1374/1374/1374 1447/1447/1447 1375/1375/1375
f 1374/1374/1374 1446/1446/1446 1447/1447/1447
f 1375/1375/1375 1448/1448/1448 1376/1376/1376
f 1375/1375/1375 1447/1447/1447 1448/1448/1448
f 1376/1376/1376 1449/1449/1449 1377/1377/1377
f 1376/1376/1376 1448/1448/1448 1449/1449/1449
f 1377/1377/1377 1450/1450/1450 1378/1378/1378
f 1377/1377/1377 1449/1449/1449 1450/1450/1450
f 1378/1378/1378 1451/1451/1451 1379/1379/1379
f 1378/1378/1378 1450/1450/1450 1451/1451/1451
f 1379/1379/1379 1452/1452/1452 1380/1380/1380
f 1379/1379/1379 1451/1451/1451 1452/1452/1452
f 1380/1380/1380 1453/1453/1453 1381/1381/1381
f 1380/1380/1380 1452/1452/1452 1453/1453/1453
f 1381/1381/1381 1454/1454/1454 1382/1382/1382
f 1381/1381/1381 1453/1453/1453 1454/1454/1454
f 1382/1382/1382 1455/1455/1455 1383/1383/1383
f 1382/1382/1382 1454/1454/1454 1455/1455/1455
f 1383/1383/1383 1456/1456/1456 1384/1384/1384
f 1383/1383/1383 1455/1455/1455 1456/1456/1456
f 1384/1384/1384 1457/1457/1457 1385/1385/1385
f 1384/1384/1384 1456/1456/1456 1457/1457/1457
f 1385/1385/1385 1458/1458/1458 1386/1386/1386
f 1385/1385/1385 1457/1457/1457 1458/1458/1458
f 1386/1386/1386 1459/1459/1459 1387/1387/1387
f 1386/1386/1386 1458/1458/1458 1459/1459/1459
f 1387/1387/1387 1460/1460/1460 1388/1388/1388
f 1387/1387/1387 1459/1459/1459 1460/1460/1460
f 1388/1388/1388 1461/1461/1461 1389/1389/1389
f 1388/1388/1388 1460/1460/1460 1461/1461/1461
f 1389/1389/1389 1462/1462/1462 1390/1390/1390
f 1389/1389/1389 1461/1461/1461 1462/1462/1462
f 1390/1390/1390 1463/1463/1463 1391/1391/1391
f 1390/1390/1390 1462/1462/1462 1463/1463/1463
f 1391/1391/1391 1464/1464/1464 1392/1392/1392
f 1391/1391/1391 1463/1463/1463 1464/1464/1464
f 1392/1392/1392 1465/1465/1465 1393/1393/1393
f 1392/1392/1392 1464/1464/1464 1465/1465/1465
f 1393/1393/1393 1466/1466/1466 1394/1394/1394
f 1393/1393/1393 1465/1465/1465 1466/1466/1466
f 1394/1394/1394 1467/1467/1467 1395/1395/1395
f 1394/1394/1394 1466/1466/1466 1467/1467/1467
f 1395/1395/1395 1468/1468/1468 1396/1396/1396
f 1395/1395/1395 1467/1467/1467 1468/1468/1468
f 1396/1396/1396 1469/1469/1469 1397/1397/1397
f 1396/1396/1396 1468/1468/1468 1469/1469/1469
f 1397/1397/1397 1470/1470/1470 1398/1398/1398
f 1397/1397/1397 1469/1469/1469 1470/1470/1470
f 1398/1398/1398 1471/1471/1471 1399/1399/1399
f 1398/1398/1398 1470/1470/1470 1471/1471/1471
f 1399/1399/1399 1472/1472/1472 1400/1400/1400
f 1399/1399/1399 1471/1471/1471 1472/1472/1472
f 1400/1400/1400 1473/1473/1473 1401/1401/1401
f 1400/1400/1400 1472/1472/1472 1473/1473/1473
f 1401/1401/1401 1474/1474/1474 1402/1402/1402
f 1401/1401/1401 1473/1473/1473 1474/1474/1474
f 1402/1402/1402 1475/1475/1475 1403/1403/1403
f 1402/1402/1402 1474/1474/1474 1475/1475/1475
f 1403/1403/1403 1476/1476/1476 1404/1404/1404
f 1403/1403/1403 1475/1475/1475 1476/1476/1476
f 1404/1404/1404 1477/1477/1477 1405/1405/1405
f 1404/1404/1404 1476/1476/1476 1477/1477/1477
f 1405/1405/1405 1478/1478/1478 1406/1406/1406
f 1405/1405/1405 1477/1477/1477 1478/1478/1478
f 1406/1406/1406 1479/1479/1479 1407/1407/1407
f 1406/1406/1406 1478/1478/1478 1479/1479/1479
f 1407/1407/1407 1480/1480/1480 1408/1408/1408
f 1407/1407/1407 1479/1479/1479 1480/1480/1480
f 1408/1408/1408 1481/1481/1481 1409/1409/1409
f 1408/1408/1408 1480/1480/1480 1481/1481/1481
f 1409/1409/1409 1482/1482/1482 1410/1410/1410
f 1409/1409/1409 1481/1481/1481 1482/1482/1482
f 1410/1410/1410 1483/1483/1483 1411/1411/1411
f 1410/1410/1410 1482/1482/1482 1483/1483/1483
f 1411/1411/1411 1484/1484/1484 1412/1412/1412
f 1411/1411/1411 1483/1483/1483 1484/1484/1484
f 1412/1412/1412 1485/1485/1485 1413/1413/1413
f 1412/1412/1412 1484/1484/1484 1485/1485/1485
f 1413/1413/1413 1486/1486/1486 1414/1414/1414
f 1413/1413/1413 1485/1485/1485 1486/1486/1486
f 1414/1414/1414 1487/1487/1487 1415/1415/1415
f 1414/1414/1414 1486/1486/1486 1487/1487/1487
f 1415/1415/1415 1488/1488/1488 1416/1416/1416
f 1415/1415/1415 1487/1487/1487 1488/1488/1488
f 1416/1416/1416 1489/1489/1489 1417/1417/1417
f 1416/1416/1416 1488/1488/1488 1489/1489/1489
f 1417/1417/1417 1490/1490/1490 1418/1418/1418
f 1417/1417/1417 1489/1489/1489 1490/1490/1490
f 1418/1418/1418 1491/1491/1491 1419/1419/1419
f 1418/1418/1418 1490/1490/1490 1491/1491/1491
f 1419/1419/1419 1492/1492/1492 1420/1420/1420
f 1419/1419/1419 1491/1491/1491 1492/1492/1492
f 1420/1420/1420 1493/1493/1493 1421/1421/1421
f 1420/1420/1420 1492/1492/1492 1493/1493/1493
f 1421/1421/1421 1494/1494/1494 1422/1422/1422
f 1421/1421/1421 1493/1493/1493 1494/1494/1494
f 1422/1422/1422 1495/1495/1495 1423/1423/1423
f 1422/1422/1422 1494/1494/1494 1495/1495/1495
f 1423/1423/1423 1496/1496/1496 1424/1424/1424
f 1423/1423/1423 1495/1495/1495 1496/1496/1496
f 1424/1424/1424 1497/1497/1497 1425/1425/1425
f 1424/1424/1424 1496/1496/1496 1497/1497/1497
f 1425/1425/1425 1498/1498/1498 1426/1426/1426
f 1425/1425/1425 1497/1497/1497 1498/1498/1498
f 1426/1426/1426 1499/1499/1499 1427/1427/1427
f 1426/1426/1426 1498/1498/1498 1499/1499/1499
f 1427/1427/1427 1500/1500/1500 1428/1428/1428
f 1427/1427/1427 1499/1499/1499 1500/1500/1500
f 1428/1428/1428 1501/1501/1501 1429/1429/1429
f 1428/1428/1428 1500/1500/1500 1501/1501/1501
f 1429/1429/1429 1502/1502/1502 1430/1430/1430
f 1429/1429/1429 1501/1501/1501 1502/1502/1502
f 1430/1430/1430 1503/1503/1503 1431/1431/1431
f 1430/1430/1430 1502/1502/1502 1503/1503/1503
f 1431/1431/1431 1504/1504/1504 1432/1432/1432
f 1431/1431/1431 1503/1503/1503 1504/1504/1504
f 1432/1432/1432 1505/1505/1505 1433/1433/1433
f 1432/1432/1432 1504/1504/1504 1505/1505/1505
f 1433/1433/1433 1506/1506/1506 1434/1434/1434
f 1433/1433/1433 1505/1505/1505 1506/1506/1506
f 1434/1434/1434 1507/1507/1507 1435/1435/1435
f 1434/1434/1434 1506/1506/1506 1507/1507/1507
f 1435/1435/1435 1508/1508/1508 1436/1436/1436
f 1435/1435/1435 1507/1507/1507 1508/1508/1508
f 1436/1436/1436 1509/1509/1509 1437/1437/1437
f 1436/1436/1436 1508/1508/1508 1509/1509/1509
f 1437/1437/1437 1510/1510/1510 1438/1438/1438
f 1437/1437/1437 1509/1509/1509 1510/1510/1510
f 1438/1438/1438 1511/1511/1511 1439/1439/1439
f 1438/1438/1438 1510/1510/1510 1511/1511/1511
f 1439/1439/1439 1512/1512/1512 1440/1440/1440
f 1439/1439/1439 1511/1511/1511 1512/1512/1512
f 1440/1440/1440 1441/1441/1441 1369/1369/1369
f 1440/1440/1440 1512/1512/1512 1441/1441/1441
f 1441/1441/1441 1514/1514/1514 1442/1442/1442
f 1441/1441/1441 1513/1513/1513 1514/1514/1514
f 1442/1442/1442 1515/1515/1515 1443/1443/1443
f 1442/1442/1442 1514/1514/1514 1515/1515/1515
f 1443/1443/1443 1516/1516/1516 1444/1444/1444
f 1443/1443/1443 1515/1515/1515 1516/1516/1516
f 1444/1444/1444 1517/1517/1517 1445/1445/1445
f 1444/1444/1444 1516/1516/1516 1517/1517/1517
f 1445/1445/1445 1518/1518/1518 1446/1446/1446
f 1445/1445/1445 1517/1517/1517 1518/1518/1518
f 1446/1446/1446 1519/1519/1519 1447/1447/1447
f 1446/1446/1446 1518/1518/1518 1519/1519/1519
f 1447/1447/1447 1520/1520/1520 1448/1448/1448
f 1447/1447/1447 1519/1519/1519 1520/1520/1520
f 1448/1448/1448 1521/1521/1521 1449/1449/1449
f 1448/1448/1448 1520/1520/1520 1521/1521/1521
f 1449/1449/1449 1522/1522/1522 1450/1450/1450
f 1449/1449/1449 1521/1521/1521 1522/1522/1522
f 1450/1450/1450 1523/1523/1523 1451/1451/1451
f 1450/1450/1450 1522/1522/1522 1523/1523/1523
f 1451/1451/1451 1524/1524/1524 1452/1452/1452
f 1451/1451/1451 1523/1523/1523 1524/1524/1524
f 1452/1452/1452 1525/1525/1525 1453/1453/1453
f 1452/1452/1452 1524/1524/1524 1525/1525/1525
f 1453/1453/1453 1526/1526/1526 1454/1454/1454
f 1453/1453/1453 1525/1525/1525 1526/1526/1526
f 1454/1454/1454 1527/1527/1527 1455/1455/1455
f 1454/1454/1454 1526/1526/1526 1527/1527/1527
f 1455/1455/1455 1528/1528/1528 1456/1456/1456
f 1455/1455/1455 1527/1527/1527 1528/1528/1528
f 1456/1456/1456 1529/1529/1529 1457/1457/1457
f 1456/1456/1456 1528/1528/1528 1529/1529/1529
f 1457/1457/1457 1530/1530/1530 1458/1458/1458
f 1457/1457/1457 1529/1529/1529 1530/1530/1530
f 1458/1458/1458 1531/1531/1531 1459/1459/1459
f 1458/1458/1458 1530/1530/1530 1531/1531/1531
f 1459/1459/1459 1532/1532/1532 1460/1460/1460
f 1459/1459/1459 1531/1531/1531 1532/1532/1532
f 1460/1460/1460 1533/1533/1533 1461/1461/1461
f 1460/1460/1460 1532/1532/1532 1533/1533/1533
f 1461/1461/1461 1534/1534/1534 1462/1462/1462
f 1461/1461/1461 1533/1533/1533 1534/1534/1534
f 1462/1462/1462 1535/1535/1535 1463/1463/1463
f 1462/1462/1462 1534/1534/1534 1535/1535/1535
f 1463/1463/1463 1536/1536/1536 1464/1464/1464
f 1463/1463/1463 1535/1535/1535 1536/1536/1536
f 1464/1464/1464 1537/1537/1537 1465/1465/1465
f 1464/1464/1464 1536/1536/1536 1537/1537/1537
f 1465/1465/1465 1538/1538/1538 1466/1466/1466
f 1465/1465/1465 1537/1537/1537 1538/1538/1538
f 1466/1466/1466 1539/1539/1539 1467/1467/1467
f 1466/1466/1466 1538/1538/1538 1539/1539/1539
f 1467/1467/1467 1540/1540/1540 1468/1468/1468
f 1467/1467/1467 1539/1539/1539 1540/1540/1540
f 1468/1468/1468 1541/1541/1541 1469/1469/1469
f 1468/1468/1468 1540/1540/1540 1541/1541/1541
f 1469/1469/1469 1542/1542/1542 1470/1470/1470
f 1469/1469/1469 1541/1541/1541 1542/1542/1542
f 1470/1470/1470 1543/1543/1543 1471/1471/1471
f 1470/1470/1470 1542/1542/1542 1543/1543/1543
f 1471/1471/1471 1544/1544/1544 1472/1472/1472
f 1471/1471/1471 1543/1543/1543 1544/1544/1544
f 1472/1472/1472 1545/1545/1545 1473/1473/1473
f 1472/1472/1472 1544/1544/1544 1545/1545/1545
f 1473/1473/1473 1546/1546/1546 1474/1474/1474
f 1473/1473/1473 1545/1545/1545 1546/1546/1546
f 1474/1474/1474 1547/1547/1547 1475/1475/1475
f 1474/1474/1474 1546/1546/1546 1547/1547/1547
f 1475/1475/1475 1548/1548/1548 1476/1476/1476
f 1475/1475/1475 1547/1547/1547 1548/1548/1548
f 1476/1476/1476 1549/1549/1549 1477/1477/1477
f 1476/1476/1476 1548/1548/1548 1549/1549/1549
f 1477/1477/1477 1550/1550/1550 1478/1478/1478
f 1477/1477/1477 1549/1549/1549 1550/1550/1550
f 1478/1478/1478 1551/1551/1551 1479/1479/1479
f 1478/1478/1478 1550/1550/1550 1551/1551/1551
f 1479/1479/1479 1552/1552/1552 1480/1480/1480
f 1479/1479/1479 1551/1551/1551 1552/1552/1552
f 1480/1480/1480 1553/1553/1553 1481/1481/1481
f 1480/1480/1480 1552/1552/1552 1553/1553/1553
f 1481/1481/1481 1554/1554/1554 1482/1482/1482
f 1481/1481/1481 1553/1553/1553 1554/1554/1554
f 1482/1482/1482 1555/1555/1555 1483/1483/1483
f 1482/1482/1482 1554/1554/1554 1555/1555/1555
f 1483/1483/1483 1556/1556/1556 1484/1484/1484
f 1483/1483/1483 1555/1555/1555 1556/1556/1556
f 1484/1484/1484 1557/1557/1557 1485/1485/1485
f 1484/1484/1484 1556/1556/1556 1557/1557/1557
f 1485/1485/1485 1558/1558/1558 1486/1486/1486
f 1485/1485/1485 1557/1557/1557 1558/1558/1558
f 1486/1486/1486 1559/1559/1559 1487/1487/1487
f 1486/1486/1486 1558/1558/1558 1559/1559/1559
f 1487/1487/1487 1560/1560/1560 1488/1488/1488
f 1487/1487/1487 1559/1559/1559 1560/1560/1560
f 1488/1488/1488 1561/1561/1561 1489/1489/1489
f 1488/1488/1488 1560/1560/1560 1561/1561/1561
f 1489/1489/1489 1562/1562/1562 1490/1490/1490
f 1489/1489/1489 1561/1561/1561 1562/1562/1562
f 1490/1490/1490 1563/1563/1563 1491/1491/1491
f 1490/1490/1490 1562/1562/1562 1563/1563/1563
f 1491/1491/1491 1564/1564/1564 1492/1492/1492
f 1491/1491/1491 1563/1563/1563 1564/1564/1564
f 1492/1492/1492 1565/1565/1565 1493/1493/1493
f 1492/1492/1492 1564/1564/1564 1565/1565/1565
f 1493/1493/1493 1566/1566/1566 1494/1494/1494
f 1493/1493/1493 1565/1565/1565 1566/1566/1566
f 1494/1494/1494 1567/1567/1567 1495/1495/1495
f 1494/1494/1494 1566/1566/1566 1567/1567/1567
f 1495/1495/1495 1568/1568/1568 1496/1496/1496
f 1495/1495/1495 1567/1567/1567 1568/1568/1568
f 1496/1496/1496 1569/1569/1569 1497/1497/1497
f 1496/1496/1496 1568/1568/1568 1569/1569/1569
f 1497/1497/1497 1570/1570/1570 1498/1498/1498
f 1497/1497/1497 1569/1569/1569 1570/1570/1570
f 1498/1498/1498 1571/1571/1571 1499/1499/1499
f 1498/1498/1498 1570/1570/1570 1571/1571/1571
f 1499/1499/1499 1572/1572/1572 1500/1500/1500
f 1499/1499/1499 1571/1571/1571 1572/1572/1572
f 1500/1500/1500 1573/1573/1573 1501/1501/1501
f 1500/1500/1500 1572/1572/1572 1573/1573/1573
f 1501/1501/1501 1574/1574/1574 1502/1502/1502
f 1501/1501/1501 1573/1573/1573 1574/1574/1574
f 1502/1502/1502 1575/1575/1575 1503/1503/1503
f 1502/1502/1502 1574/1574/1574 1575/1575/1575
f 1503/1503/1503 1576/1576/1576 1504/1504/1504
f 1503/1503/1503 1575/1575/1575 1576/1576/1576
f 1504/1504/1504 1577/1577/1577 1505/1505/1505
f 1504/1504/1504 1576/1576/1576 1577/1577/1577
f 1505/1505/1505 1578/1578/1578 1506/1506/1506
f 1505/1505/1505 1577/1577/1577 1578/1578/1578
f 1506/1506/1506 1579/1579/1579 1507/1507/1507
f 1506/1506/1506 1578/1578/1578 1579/1579/1579
f 1507/1507/1507 1580/1580/1580 1508/1508/1508
f 1507/1507/1507 1579/1579/1579 1580/1580/1580
f 1508/1508/1508 1581/1581/1581 1509/1509/1509
f 1508/1508/1508 1580/1580/1580 1581/1581/1581
f 1509/1509/1509 1582/1582/1582 1510/1510/1510
f 1509/1509/1509 1581/1581/1581 1582/1582/1582
f 1510/1510/1510 1583/1583/1583 1511/1511/1511
f 1510/1510/1510 1582/1582/1582 1583/1583/1583
f 1511/1511/1511 1584/1584/1584 1512/1512/1512
f 1511/1511/1511 1583/1583/1583 1584/1584/1584
f 1512/1512/1512 1513/1513/1513 1441/1441/1441
f 1512/1512/1512 1584/1584/1584 1513/1513/1513
f 1513/1513/1513 1586/1586/1586 1514/1514/1514
f 1513/1513/1513 1585/1585/1585 1586/1586/1586
f 1514/1514/1514 1587/1587/1587 1515/1515/1515
f 1514/1514/1514 1586/1586/1586 1587/1587/1587
f 1515/1515/1515 1588/1588/1588 1516/1516/1516
f 1515/1515/1515 1587/1587/1587 1588/1588/1588
f 1516/1516/1516 1589/1589/1589 1517/1517/1517
f 1516/1516/1516 1588/1588/1588 1589/1589/1589
f 1517/1517/1517 1590/1590/1590 1518/1518/1518
f 1517/1517/1517 1589/1589/1589 1590/1590/1590
f 1518/1518/1518 1591/1591/1591 1519/1519/1519
f 1518/1518/1518 1590/1590/1590 1591/1591/1591
f 1519/1519/1519 1592/1592/1592 1520/1520/1520
f 1519/1519/1519 1591/1591/1591 1592/1592/1592
f 1520/1520/1520 1593/1593/1593 1521/1521/1521
f 1520/1520/1520 1592/1592/1592 1593/1593/1593
f 1521/1521/1521 1594/1594/1594 1522/1522/1522
f 1521/1521/1521 1593/1593/1593 1594/1594/1594
f 1522/1522/1522 1595/1595/1595 1523/1523/1523
f 1522/1522/1522 1594/1594/1594 1595/1595/1595
f 1523/1523/1523 1596/1596/1596 1524/1524/1524
f 1523/1523/1523 1595/1595/1595 1596/1596/1596
f 1524/1524/1524 1597/1597/1597 1525/1525/1525
f 1524/1524/1524 1596/1596/1596 1597/1597/1597
f 1525/1525/1525 1598/1598/1598 1526/1526/1526
f 1525/1525/1525 1597/1597/1597 1598/1598/1598
f 1526/1526/1526 1599/1599/1599 1527/1527/1527
f 1526/1526/1526 1598/1598/1598 1599/1599/1599
f 1527/1527/1527 1600/1600/1600 1528/1528/1528
f 1527/1527/1527 1599/1599/1599 1600/1600/1600
f 1528/1528/1528 1601/1601/1601 1529/1529/1529
f 1528/1528/1528 1600/1600/1600 1601/1601/1601
f 1529/1529/1529 1602/1602/1602 1530/1530/1530
f 1529/1529/1529 1601/1601/1601 1602/1602/1602
f 1530/1530/1530 1603/1603/1603 1531/1531/1531
f 1530/1530/1530 1602/1602/1602 1603/1603/1603
f 1531/1531/1531 1604/1604/1604 1532/1532/1532
f 1531/1531/1531 1603/1603/1603 1604/1604/1604
f 1532/1532/1532 1605/1605/1605 1533/1533/1533
f 1532/1532/1532 1604/1604/1604 1605/1605/1605
f 1533/1533/1533 1606/1606/1606 1534/1534/1534
f 1533/1533/1533 1605/1605/1605 1606/1606/1606
f 1534/1534/1534 1607/1607/1607 1535/1535/1535
f 1534/1534/1534 1606/1606/1606 1607/1607/1607
f 1535/1535/1535 1608/1608/1608 1536/1536/1536
f 1535/1535/1535 1607/1607/1607 1608/1608/1608
f 1536/1536/1536 1609/1609/1609 1537/1537/1537
f 1536/1536/1536 1608/1608/1608 1609/1609/1609
f 1537/1537/1537 1610/1610/1610 1538/1538/1538
f 1537/1537/1537 1609/1609/1609 1610/1610/1610
f 1538/1538/1538 1611/1611/1611 1539/1539/1539
f 1538/1538/1538 1610/1610/1610 1611/1611/1611
f 1539/1539/1539 1612/1612/1612 1540/1540/1540
f 1539/1539/1539 1611/1611/1611 1612/1612/1612
f 1540/1540/1540 1613/1613/1613 1541/1541/1541
f 1540/1540/1540 1612/1612/1612 1613/1613/1613
f 1541/1541/1541 1614/1614/1614 1542/1542/1542
f 1541/1541/1541 1613/1613/1613 1614/1614/1614
f 1542/1542/1542 1615/1615/1615 1543/1543/1543
f 1542/1542/1542 1614/1614/1614 1615/1615/1615
f 1543/1543/1543 1616/1616/1616 1544/1544/1544
f 1543/1543/1543 1615/1615/1615 1616/1616/1616
f 1544/1544/1544 1617/1617/1617 1545/1545/1545
f 1544/1544/1544 1616/1616/1616 1617/1617/1617
f 1545/1545/1545 1618/1618/1618 1546/1546/1546
f 1545/1545/1545 1617/1617/1617 1618/1618/1618
f 1546/1546/1546 1619/1619/1619 1547/1547/1547
f 1546/1546/1546 1618/1618/1618 1619/1619/1619
f 1547/1547/1547 1620/1620/1620 1548/1548/1548
f 1547/1547/1547 1619/1619/1619 1620/1620/1620
f 1548/1548/1548 1621/1621/1621 1549/1549/1549
f 1548/1548/1548 1620/1620/1620 1621/1621/1621
f 1549/1549/1549 1622/1622/1622 1550/1550/1550
f 1549/1549/1549 1621/1621/1621 1622/1622/1622
f 1550/1550/1550 1623/1623/1623 1551/1551/1551
f 1550/1550/1550 1622/1622/1622 1623/1623/1623
f 1551/1551/1551 1624/1624/1624 1552/1552/1552
f 1551/1551/1551 1623/1623/1623 1624/1624/1624
f 1552/1552/1552 1625/1625/1625 1553/1553/1553
f 1552/1552/1552 1624/1624/1624 1625/1625/1625
f 1553/1553/1553 1626/1626/1626 1554/1554/1554
f 1553/1553/1553 1625/1625/1625 1626/1626/1626
f 1554/1554/1554 1627/1627/1627 1555/1555/1555
f 1554/1554/1554 1626/1626/1626 1627/1627/1627
f 1555/1555/1555 1628/1628/1628 1556/1556/1556
f 1555/1555/1555 1627/1627/1627 1628/1628/1628
f 1556/1556/1556 1629/1629/1629 1557/1557/1557
f 1556/1556/1556 1628/1628/1628 1629/1629/1629
f 1557/1557/1557 1630/1630/1630 1558/1558/1558
f 1557/1557/1557 1629/1629/1629 1630/1630/1630
f 1558/1558/1558 1631/1631/1631 1559/1559/1559
f 1558/1558/1558 1630/1630/1630 1631/1631/1631
f 1559/1559/1559 1632/1632/1632 1560/1560/1560
f 1559/1559/1559 1631/1631/1631 1632/1632/1632
f 1560/1560/1560 1633/1633/1633 1561/1561/1561
f 1560/1560/1560 1632/1632/1632 1633/1633/1633
f 1561/1561/1561 1634/1634/1634 1562/1562/1562
f 1561/1561/1561 1633/1633/1633 1634/1634/1634
f 1562/1562/1562 1635/1635/1635 1563/1563/1563
f 1562/1562/1562 1634/1634/1634 1635/1635/1635
f 1563/1563/1563 1636/1636/1636 1564/1564/1564
f 1563/1563/1563 1635/1635/1635 1636/1636/1636
f 1564/1564/1564 1637/1637/1637 1565/1565/1565
f 1564/1564/1564 1636/1636/1636 1637/1637/1637
f 1565/1565/1565 1638/1638/1638 1566/1566/1566
f 1565/1565/1565 1637/1637/1637 1638/1638/1638
f 1566/1566/1566 1639/1639/1639 1567/1567/1567
f 1566/1566/1566 1638/1638/1638 1639/1639/1639
f 1567/1567/1567 1640/1640/1640 1568/1568/1568
f 1567/1567/1567 1639/1639/1639 1640/1640/1640
f 1568/1568/1568 1641/1641/1641 1569/1569/1569
f 1568/1568/1568 1640/1640/1640 1641/1641/1641
f 1569/1569/1569 1642/1642/1642 1570/1570/1570
f 1569/1569/1569 1641/1641/1641 1642/1642/1642
f 1570/1570/1570 1643/1643/1643 1571/1571/1571
f 1570/1570/1570 1642/1642/1642 1643/1643/1643
f 1571/1571/1571 1644/1644/1644 1572/1572/1572
f 1571/1571/1571 1643/1643/1643 1644/1644/1644
f 1572/1572/1572 1645/1645/1645 1573/1573/1573
f 1572/1572/1572 1644/1644/1644 1645/1645/1645
f 1573/1573/1573 1646/1646/1646 1574/1574/1574
f 1573/1573/1573 1645/1645/1645 1646/1646/1646
f 1574/1574/1574 1647/1647/1647 1575/1575/1575
f 1574/1574/1574 1646/1646/1646 1647/1647/1647
f 1575/1575/1575 1648/1648/1648 1576/1576/1576
f 1575/1575/1575 1647/1647/1647 1648/1648/1648
f 1576/1576/1576 1649/1649/1649 1577/1577/1577
f 1576/1576/1576 1648/1648/1648 1649/1649/1649
f 1577/1577/1577 1650/1650/1650 1578/1578/1578
f 1577/1577/1577 1649/1649/1649 1650/1650/1650
f 1578/1578/1578 1651/1651/1651 1579/1579/1579
f 1578/1578/1578 1650/1650/1650 1651/1651/1651
f 1579/1579/1579 1652/1652/1652 1580/1580/1580
f 1579/1579/1579 1651/1651/1651 1652/1652/1652
f 1580/1580/1580 1653/1653/1653 1581/1581/1581
f 1580/1580/1580 1652/1652/1652 1653/1653/1653
f 1581/1581/1581 1654/1654/1654 1582/1582/1582
f 1581/1581/1581 1653/1653/1653 1654/1654/1654
f 1582/1582/1582 1655/1655/1655 1583/1583/1583
f 1582/1582/1582 1654/1654/1654 1655/1655/1655
f 1583/1583/1583 1656/1656/1656 1584/1584/1584
f 1583/1583/1583 1655/1655/1655 1656/1656/1656
f 1584/1584/1584 1585/1585/1585 1513/1513/1513
f 1584/1584/1584 1656/1656/1656 1585/1585/1585
f 1585/1585/1585 1658/1658/1658 1586/1586/1586
f 1585/1585/1585 1657/1657/1657 1658/1658/1658
f 1586/1586/1586 1659/1659/1659 1587/1587/1587
f 1586/1586/1586 1658/1658/1658 1659/1659/1659
f 1587/1587/1587 1660/1660/1660 1588/1588/1588
f 1587/1587/1587 1659/1659/1659 1660/1660/1660
f 1588/1588/1588 1661/1661/1661 1589/1589/1589
f 1588/1588/1588 1660/1660/1660 1661/1661/1661
f 1589/1589/1589 1662/1662/1662 1590/1590/1590
f 1589/1589/1589 1661/1661/1661 1662/1662/1662
f 1590/1590/1590 1663/1663/1663 1591/1591/1591
f 1590/1590/1590 1662/1662/1662 1663/1663/1663
f 1591/1591/1591 1664/1664/1664 1592/1592/1592
f 1591/1591/1591 1663/1663/1663 1664/1664/1664
f 1592/1592/1592 1665/1665/1665 1593/1593/1593
f 1592/1592/1592 1664/1664/1664 1665/1665/1665
f 1593/1593/1593 1666/1666/1666 1594/1594/1594
f 1593/1593/1593 1665/1665/1665 1666/1666/1666
f 1594/1594/1594 1667/1667/1667 1595/1595/1595
f 1594/1594/1594 1666/1666/1666 1667/1667/1667
f 1595/1595/1595 1668/1668/1668 1596/1596/1596
f 1595/1595/1595 1667/1667/1667 1668/1668/1668
f 1596/1596/1596 1669/1669/1669 1597/1597/1597
f 1596/1596/1596 1668/1668/1668 1669/1669/1669
f 1597/1597/1597 1670/1670/1670 1598/1598/1598
f 1597/1597/1597 1669/1669/1669 1670/1670/1670
f 1598/1598/1598 1671/1671/1671 1599/1599/1599
f 1598/1598/1598 1670/1670/1670 1671/1671/1671
f 1599/1599/1599 1672/1672/1672 1600/1600/1600
f 1599/1599/1599 1671/1671/1671 1672/1672/1672
f 1600/1600/1600 1673/1673/1673 1601/1601/1601
f 1600/1600/1600 1672/1672/1672 1673/1673/1673
f 1601/1601/1601 1674/1674/1674 1602/1602/1602
f 1601/1601/1601 1673/1673/1673 1674/1674/1674
f 1602/1602/1602 1675/1675/1675 1603/1603/1603
f 1602/1602/1602 1674/1674/1674 1675/1675/1675
f 1603/1603/1603 1676/1676/1676 1604/1604/1604
f 1603/1603/1603 1675/1675/1675 1676/1676/1676
f 1604/1604/1604 1677/1677/1677 1605/1605/1605
f 1604/1604/1604 1676/1676/1676 1677/1677/1677
f 1605/1605/1605 1678/1678/1678 1606/1606/1606
f 1605/1605/1605 1677/1677/1677 1678/1678/1678
f 1606/1606/1606 1679/1679/1679 1607/1607/1607
f 1606/1606/1606 1678/1678/1678 1679/1679/1679
f 1607/1607/1607 1680/1680/1680 1608/1608/1608
f 1607/1607/1607 1679/1679/1679 1680/1680/1680
f 1608/1608/1608 1681/1681/1681 1609/1609/1609
f 1608/1608/1608 1680/1680/1680 1681/1681/1681
f 1609/1609/1609 1682/1682/1682 1610/1610/1610
f 1609/1609/1609 1681/1681/1681 1682/1682/1682
f 1610/1610/1610 1683/1683/1683 1611/1611/1611
f 1610/1610/1610 1682/1682/1682 1683/1683/1683
f 1611/1611/1611 1684/1684/1684 1612/1612/1612
f 1611/1611/1611 1683/1683/1683 1684/1684/1684
f 1612/1612/1612 1685/1685/1685 1613/1613/1613
f 1612/1612/1612 1684/1684/1684 1685/1685/1685
f 1613/1613/1613 1686/1686/1686 1614/1614/1614
f 1613/1613/1613 1685/1685/1685 1686/1686/1686
f 1614/1614/1614 1687/1687/1687 1615/1615/1615
f 1614/1614/1614 1686/1686/1686 1687/1687/1687
f 1615/1615/1615 1688/1688/1688 1616/1616/1616
f 1615/1615/1615 1687/1687/1687 1688/1688/1688
f 1616/1616/1616 1689/1689/1689 1617/1617/1617
f 1616/1616/1616 1688/1688/1688 1689/1689/1689
f 1617/1617/1617 1690/1690/1690 1618/1618/1618
f 1617/1617/1617 1689/1689/1689 1690/1690/1690
f 1618/1618/1618 1691/1691/1691 1619/1619/1619
f 1618/1618/1618 1690/1690/1690 1691/1691/1691
f 1619/1619/1619 1692/1692/1692 1620/1620/1620
f 1619/1619/1619 1691/1691/1691 1692/1692/1692
f 1620/1620/1620 1693/1693/1693 1621/1621/1621
f 1620/1620/1620 1692/1692/1692 1693/1693/1693
f 1621/1621/1621 1694/1694/1694 1622/1622/1622
f 1621/1621/1621 1693/1693/1693 1694/1694/1694
f 1622/1622/1622 1695/1695/1695 1623/1623/1623
f 1622/1622/1622 1694/1694/1694 1695/1695/1695
f 1623/1623/1623 1696/1696/1696 1624/1624/1624
f 1623/1623/1623 1695/1695/1695 1696/1696/1696
f 1624/1624/1624 1697/1697/1697 1625/1625/1625
f 1624/1624/1624 1696/1696/1696 1697/1697/1697
f 1625/1625/1625 1698/1698/1698 1626/1626/1626
f 1625/1625/1625 1697/1697/1697 1698/1698/1698
f 1626/1626/1626 1699/1699/1699 1627/1627/1627
f 1626/1626/1626 1698/1698/1698 1699/1699/1699
f 1627/1627/1627 1700/1700/1700 1628/1628/1628
f 1627/1627/1627 1699/1699/1699 1700/1700/1700
f 1628/1628/1628 1701/1701/1701 1629/1629/1629
f 1628/1628/1628 1700/1700/1700 1701/1701/1701
f 1629/1629/1629 1702/1702/1702 1630/1630/1630
f 1629/1629/1629 1701/1701/1701 1702/1702/1702
f 1630/1630/1630 1703/1703/1703 1631/1631/1631
f 1630/1630/1630 1702/1702/1702 1703/1703/1703
f 1631/1631/1631 1704/1704/1704 1632/1632/1632
f 1631/1631/1631 1703/1703/1703 1704/1704/1704
f 1632/1632/1632 1705/1705/1705 1633/1633/1633
f 1632/1632/1632 1704/1704/1704 1705/1705/1705
f 1633/1633/1633 1706/1706/1706 1634/1634/1634
f 1633/1633/1633 1705/1705/1705 1706/1706/1706
f 1634/1634/1634 1707/1707/1707 1635/1635/1635
f 1634/1634/1634 1706/1706/1706 1707/1707/1707
f 1635/1635/1635 1708/1708/1708 1636/1636/1636
f 1635/1635/1635 1707/1707/1707 1708/1708/1708
f 1636/1636/1636 1709/1709/1709 1637/1637/1637
f 1636/1636/1636 1708/1708/1708 1709/1709/1709
f 1637/1637/1637 1710/1710/1710 1638/1638/1638
f 1637/1637/1637 1709/1709/1709 1710/1710/1710
f 1638/1638/1638 1711/1711/1711 1639/1639/1639
f 1638/1638/1638 1710/1710/1710 1711/1711/1711
f 1639/1639/1639 1712/1712/1712 1640/1640/1640
f 1639/1639/1639 1711/1711/1711 1712/1712/1712
f 1640/1640/1640 1713/1713/1713 1641/1641/1641
f 1640/1640/1640 1712/1712/1712 1713/1713/1713
f 1641/1641/1641 1714/1714/1714 1642/1642/1642
f 1641/1641/1641 1713/1713/1713 1714/1714/1714
f 1642/1642/1642 1715/1715/1715 1643/1643/1643
f 1642/1642/1642 1714/1714/1714 1715/1715/1715
f 1643/1643/1643 1716/1716/1716 1644/1644/1644
f 1643/1643/1643 1715/1715/1715 1716/1716/1716
f 1644/1644/1644 1717/1717/1717 1645/1645/1645
f 1644/1644/1644 1716/1716/1716 1717/1717/1717
f 1645/1645/1645 1718/1718/1718 1646/1646/1646
f 1645/1645/1645 1717/1717/1717 1718/1718/1718
f 1646/1646/1646 1719/1719/1719 1647/1647/1647
f 1646/1646/1646 1718/1718/1718 1719/1719/1719
f 1647/1647/1647 1720/1720/1720 1648/1648/1648
f 1647/1647/1647 1719/1719/1719 1720/1720/1720
f 1648/1648/1648 1721/1721/1721 1649/1649/1649
f 1648/1648/1648 1720/1720/1720 1721/1721/1721
f 1649/1649/1649 1722/1722/1722 1650/1650/1650
f 1649/1649/1649 1721/1721/1721 1722/1722/1722
f 1650/1650/1650 1723/1723/1723 1651/1651/1651
f 1650/1650/1650 1722/1722/1722 1723/1723/1723
f 1651/1651/1651 1724/1724/1724 1652/1652/1652
f 1651/1651/1651 1723/1723/1723 1724/1724/1724
f 1652/1652/1652 1725/1725/1725 1653/1653/1653
f 1652/1652/1652 1724/1724/1724 1725/1725/1725
f 1653/1653/1653 1726/1726/1726 1654/1654/1654
f 1653/1653/1653 1725/1725/1725 1726/1726/1726
f 1654/1654/1654 1727/1727/1727 1655/1655/1655
f 1654/1654/1654 1726/1726/1726 1727/1727/1727
f 1655/1655/1655 1728/1728/1728 1656/1656/1656
f 1655/1655/1655 1727/1727/1727 1728/1728/1728
f 1656/1656/1656 1657/1657/1657 1585/1585/1585
f 1656/1656/1656 1728/1728/1728 1657/1657/1657
f 1657/1657/1657 1730/1730/1730 1658/1658/1658
f 1657/1657/1657 1729/1729/1729 1730/1730/1730
f 1658/1658/1658 1731/1731/1731 1659/1659/1659
f 1658/1658/1658 1730/1730/1730 1731/1731/1731
f 1659/1659/1659 1732/1732/1732 1660/1660/1660
f 1659/1659/1659 1731/1731/1731 1732/1732/1732
f 1660/1660/1660 1733/1733/1733 1661/1661/1661
f 1660/1660/1660 1732/1732/1732 1733/1733/1733
f 1661/1661/1661 1734/1734/1734 1662/1662/1662
f 1661/1661/1661 1733/1733/1733 1734/1734/1734
f 1662/1662/1662 1735/1735/1735 1663/1663/1663
f 1662/1662/1662 1734/1734/1734 1735/1735/1735
f 1663/1663/1663 1736/1736/1736 1664/1664/1664
f 1663/1663/1663 1735/1735/1735 1736/1736/1736
f 1664/1664/1664 1737/1737/1737 1665/1665/1665
f 1664/1664/1664 1736/1736/1736 1737/1737/1737
f 1665/1665/1665 1738/1738/1738 1666/1666/1666
f 1665/1665/1665 1737/1737/1737 1738/1738/1738
f 1666/1666/1666 1739/1739/1739 1667/1667/1667
f 1666/1666/1666 1738/1738/1738 1739/1739/1739
f 1667/1667/1667 1740/1740/1740 1668/1668/1668
f 1667/1667/1667 1739/1739/1739 1740/1740/1740
f 1668/1668/1668 1741/1741/1741 1669/1669/1669
f 1668/1668/1668 1740/1740/1740 1741/1741/1741
f 1669/1669/1669 1742/1742/1742 1670/1670/1670
f 1669/1669/1669 1741/1741/1741 1742/1742/1742
f 1670/1670/1670 1743/1743/1743 1671/1671/1671
f 1670/1670/1670 1742/1742/1742 1743/1743/1743
f 1671/1671/1671 1744/1744/1744 1672/1672/1672
f 1671/1671/1671 1743/1743/1743 1744/1744/1744
f 1672/1672/1672 1745/1745/1745 1673/1673/1673
f 1672/1672/1672 1744/1744/1744 1745/1745/1745
f 1673/1673/1673 1746/1746/1746 1674/1674/1674
f 1673/1673/1673 1745/1745/1745 1746/1746/1746
f 1674/1674/1674 1747/1747/1747 1675/1675/1675
f 1674/1674/1674 1746/1746/1746 1747/1747/1747
f 1675/1675/1675 1748/1748/1748 1676/1676/1676
f 1675/1675/1675 1747/1747/1747 1748/1748/1748
f 1676/1676/1676 1749/1749/1749 1677/1677/1677
f 1676/1676/1676 1748/1748/1748 1749/1749/1749
f 1677/1677/1677 1750/1750/1750 1678/1678/1678
f 1677/1677/1677 1749/1749/1749 1750/1750/1750
f 1678/1678/1678 1751/1751/1751 1679/1679/1679
f 1678/1678/1678 1750/1750/1750 1751/1751/1751
f 1679/1679/1679 1752/1752/1752 1680/1680/1680
f 1679/1679/1679 1751/1751/1751 1752/1752/1752
f 1680/1680/1680 1753/1753/1753 1681/1681/1681
f 1680/1680/1680 1752/1752/1752 1753/1753/1753
f 1681/1681/1681 1754/1754/1754 1682/1682/1682
f 1681/1681/1681 1753/1753/1753 1754/1754/1754
f 1682/1682/1682 1755/1755/1755 1683/1683/1683
f 1682/1682/1682 1754/1754/1754 1755/1755/1755
f 1683/1683/1683 1756/1756/1756 1684/1684/1684
f 1683/1683/1683 1755/1755/1755 1756/1756/1756
f 1684/1684/1684 1757/1757/1757 1685/1685/1685
f 1684/1684/1684 1756/1756/1756 1757/1757/1757
f 1685/1685/1685 1758/1758/1758 1686/1686/1686
f 1685/1685/1685 1757/1757/1757 1758/1758/1758
f 1686/1686/1686 1759/1759/1759 1687/1687/1687
f 1686/1686/1686 1758/1758/1758 1759/1759/1759
f 1687/1687/1687 1760/1760/1760 1688/1688/1688
f 1687/1687/1687 1759/1759/1759 1760/1760/1760
f 1688/1688/1688 1761/1761/1761 1689/1689/1689
f 1688/1688/1688 1760/1760/1760 1761/1761/1761
f 1689/1689/1689 1762/1762/1762 1690/1690/1690
f 1689/1689/1689 1761/1761/1761 1762/1762/1762
f 1690/1690/1690 1763/1763/1763 1691/1691/1691
f 1690/1690/1690 1762/1762/1762 1763/1763/1763
f 1691/1691/1691 1764/1764/1764 1692/1692/1692
f 1691/1691/1691 1763/1763/1763 1764/1764/1764
f 1692/1692/1692 1765/1765/1765 1693/1693/1693
f 1692/1692/1692 1764/1764/1764 1765/1765/1765
f 1693/1693/1693 1766/1766/1766 1694/1694/1694
f 1693/1693/1693 1765/1765/1765 1766/1766/1766
f 1694/1694/1694 1767/1767/1767 1695/1695/1695
f 1694/1694/1694 1766/1766/1766 1767/1767/1767
f 1695/1695/1695 1768/1768/1768 1696/1696/1696
f 1695/1695/1695 1767/1767/1767 1768/1768/1768
f 1696/1696/1696 1769/1769/1769 1697/1697/1697
f 1696/1696/1696 1768/1768/1768 1769/1769/1769
f 1697/1697/1697 1770/1770/1770 1698/1698/1698
f 1697/1697/1697 1769/1769/1769 1770/1770/1770
f 1698/1698/1698 1771/1771/1771 1699/1699/1699
f 1698/1698/1698 1770/1770/1770 1771/1771/1771
f 1699/1699/1699 1772/1772/1772 1700/1700/1700
f 1699/1699/1699 1771/1771/1771 1772/1772/1772
f 1700/1700/1700 1773/1773/1773 1701/1701/1701
f 1700/1700/1700 1772/1772/1772 1773/1773/1773
f 1701/1701/1701 1774/1774/1774 1702/1702/1702
f 1701/1701/1701 1773/1773/1773 1774/1774/1774
f 1702/1702/1702 1775/1775/1775 1703/1703/1703
f 1702/1702/1702 1774/1774/1774 1775/1775/1775
f 1703/1703/1703 1776/1776/1776 1704/1704/1704
f 1703/1703/1703 1775/1775/1775 1776/1776/1776
f 1704/1704/1704 1777/1777/1777 1705/1705/1705
f 1704/1704/1704 1776/1776/1776 1777/1777/1777
f 1705/1705/1705 1778/1778/1778 1706/1706/1706
f 1705/1705/1705 1777/1777/1777 1778/1778/1778
f 1706/1706/1706 1779/1779/1779 1707/1707/1707
f 1706/1706/1706 1778/1778/1778 1779/1779/1779
f 1707/1707/1707 1780/1780/1780 1708/1708/1708
f 1707/1707/1707 1779/1779/1779 1780/1780/1780
f 1708/1708/1708 1781/1781/1781 1709/1709/1709
f 1708/1708/1708 1780/1780/1780 1781/1781/1781
f 1709/1709/1709 1782/1782/1782 1710/1710/1710
f 1709/1709/1709 1781/1781/1781 1782/1782/1782
f 1710/1710/1710 1783/1783/1783 1711/1711/1711
f 1710/1710/1710 1782/1782/1782 1783/1783/1783
f 1711/1711/1711 1784/1784/1784 1712/1712/1712
f 1711/1711/1711 1783/1783/1783 1784/1784/1784
f 1712/1712/1712 1785/1785/1785 1713/1713/1713
f 1712/1712/1712 1784/1784/1784 1785/1785/1785
f 1713/1713/1713 1786/1786/1786 1714/1714/1714
f 1713/1713/1713 1785/1785/1785 1786/1786/1786
f 1714/1714/1714 1787/1787/1787 1715/1715/1715
f 1714/1714/1714 1786/1786/1786 1787/1787/1787
f 1715/1715/1715 1788/1788/1788 1716/1716/1716
f 1715/1715/1715 1787/1787/1787 1788/1788/1788
f 1716/1716/1716 1789/1789/1789 1717/1717/1717
f 1716/1716/1716 1788/1788/1788 1789/1789/1789
f 1717/1717/1717 1790/1790/1790 1718/1718/1718
f 1717/1717/1717 1789/1789/1789 1790/1790/1790
f 1718/1718/1718 1791/1791/1791 1719/1719/1719
f 1718/1718/1718 1790/1790/1790 1791/1791/1791
f 1719/1719/1719 1792/1792/1792 1720/1720/1720
f 1719/1719/1719 1791/1791/1791 1792/1792/1792
f 1720/1720/1720 1793/1793/1793 1721/1721/1721
f 1720/1720/1720 1792/1792/1792 1793/1793/1793
f 1721/1721/1721 1794/1794/1794 1722/1722/1722
f 1721/1721/1721 1793/1793/1793 1794/1794/1794
f 1722/1722/1722 1795/1795/1795 1723/1723/1723
f 1722/1722/1722 1794/1794/1794 1795/1795/1795
f 1723/1723/1723 1796/1796/1796 1724/1724/1724
f 1723/1723/1723 1795/1795/1795 1796/1796/1796
f 1724/1724/1724 1797/1797/1797 1725/1725/1725
f 1724/1724/1724 1796/1796/1796 1797/1797/1797
f 1725/1725/1725 1798/1798/1798 1726/1726/1726
f 1725/1725/1725 1797/1797/1797 1798/1798/1798
f 1726/1726/1726 1799/1799/1799 1727/1727/1727
f 1726/1726/1726 1798/1798/1798 1799/1799/1799
f 1727/1727/1727 1800/1800/1800 1728/1728/1728
f 1727/1727/1727 1799/1799/1799 1800/1800/1800
f 1728/1728/1728 1729/1729/1729 1657/1657/1657
f 1728/1728/1728 1800/1800/1800 1729/1729/1729
f 1729/1729/1729 1802/1802/1802 1730/1730/1730
f 1729/1729/1729 1801/1801/1801 1802/1802/1802
f 1730/1730/1730 1803/1803/1803 1731/1731/1731
f 1730/1730/1730 1802/1802/1802 1803/1803/1803
f 1731/1731/1731 1804/1804/1804 1732/1732/1732
f 1731/1731/1731 1803/1803/1803 1804/1804/1804
f 1732/1732/1732 1805/1805/1805 1733/1733/1733
f 1732/1732/1732 1804/1804/1804 1805/1805/1805
f 1733/1733/1733 1806/1806/1806 1734/1734/1734
f 1733/1733/1733 1805/1805/1805 1806/1806/1806
f 1734/1734/1734 1807/1807/1807 1735/1735/1735
f 1734/1734/1734 1806/1806/1806 1807/1807/1807
f 1735/1735/1735 1808/1808/1808 1736/1736/1736
f 1735/1735/1735 1807/1807/1807 1808/1808/1808
f 1736/1736/1736 1809/1809/1809 1737/1737/1737
f 1736/1736/1736 1808/1808/1808 1809/1809/1809
f 1737/1737/1737 1810/1810/1810 1738/1738/1738
f 1737/1737/1737 1809/1809/1809 1810/1810/1810
f 1738/1738/1738 1811/1811/1811 1739/1739/1739
f 1738/1738/1738 1810/1810/1810 1811/1811/1811
f 1739/1739/1739 1812/1812/1812 1740/1740/1740
f 1739/1739/1739 1811/1811/1811 1812/1812/1812
f 1740/1740/1740 1813/1813/1813 1741/1741/1741
f 1740/1740/1740 1812/1812/1812 1813/1813/1813
f 1741/1741/1741 1814/1814/1814 1742/1742/1742
f 1741/1741/1741 1813/1813/1813 1814/1814/1814
f 1742/1742/1742 1815/1815/1815 1743/1743/1743
f 1742/1742/1742 1814/1814/1814 1815/1815/1815
f 1743/1743/1743 1816/1816/1816 1744/1744/1744
f 1743/1743/1743 1815/1815/1815 1816/1816/1816
f 1744/1744/1744 1817/1817/1817 1745/1745/1745
f 1744/1744/1744 1816/1816/1816 1817/1817/1817
f 1745/1745/1745 1818/1818/1818 1746/1746/1746
f 1745/1745/1745 1817/1817/1817 1818/1818/1818
f 1746/1746/1746 1819/1819/1819 1747/1747/1747
f 1746/1746/1746 1818/1818/1818 1819/1819/1819
f 1747/1747/1747 1820/1820/1820 1748/1748/1748
f 1747/1747/1747 1819/1819/1819 1820/1820/1820
f 1748/1748/1748 1821/1821/1821 1749/1749/1749
f 1748/1748/1748 1820/1820/1820 1821/1821/1821
f 1749/1749/1749 1822/1822/1822 1750/1750/1750
f 1749/1749/1749 1821/1821/1821 1822/1822/1822
f 1750/1750/1750 1823/1823/1823 1751/1751/1751
f 1750/1750/1750 1822/1822/1822 1823/1823/1823
f 1751/1751/1751 1824/1824/1824 1752/1752/1752
f 1751/1751/1751 1823/1823/1823 1824/1824/1824
f 1752/1752/1752 1825/1825/1825 1753/1753/1753
f 1752/1752/1752 1824/1824/1824 1825/1825/1825
f 1753/1753/1753 1826/1826/1826 1754/1754/1754
f 1753/1753/1753 1825/1825/1825 1826/1826/1826
f 1754/1754/1754 1827/1827/1827 1755/1755/1755
f 1754/1754/1754 1826/1826/1826 1827/1827/1827
f 1755/1755/1755 1828/1828/1828 1756/1756/1756
f 1755/1755/1755 1827/1827/1827 1828/1828/1828
f 1756/1756/1756 1829/1829/1829 1757/1757/1757
f 1756/1756/1756 1828/1828/1828 1829/1829/1829
f 1757/1757/1757 1830/1830/1830 1758/1758/1758
f 1757/1757/1757 1829/1829/1829 1830/1830/1830
f 1758/1758/1758 1831/1831/1831 1759/1759/1759
f 1758/1758/1758 1830/1830/1830 1831/1831/1831
f 1759/1759/1759 1832/1832/1832 1760/1760/1760
f 1759/1759/1759 1831/1831/1831 1832/1832/1832
f 1760/1760/1760 1833/1833/1833 1761/1761/1761
f 1760/1760/1760 1832/1832/1832 1833/1833/1833
f 1761/1761/1761 1834/1834/1834 1762/1762/1762
f 1761/1761/1761 1833/1833/1833 1834/1834/1834
f 1762/1762/1762 1835/1835/1835 1763/1763/1763
f 1762/1762/1762 1834/1834/1834 1835/1835/1835
f 1763/1763/1763 1836/1836/1836 1764/1764/1764
f 1763/1763/1763 1835/1835/1835 1836/1836/1836
f 1764/1764/1764 1837/1837/1837 1765/1765/1765
f 1764/1764/1764 1836/1836/1836 1837/1837/1837
f 1765/1765/1765 1838/1838/1838 1766/1766/1766
f 1765/1765/1765 1837/1837/1837 1838/1838/1838
f 1766/1766/1766 1839/1839/1839 1767/1767/1767
f 1766/1766/1766 1838/1838/1838 1839/1839/1839
f 1767/1767/1767 1840/1840/1840 1768/1768/1768
f 1767/1767/1767 1839/1839/1839 1840/1840/1840
f 1768/1768/1768 1841/1841/1841 1769/1769/1769
f 1768/1768/1768 1840/1840/1840 1841/1841/1841
f 1769/1769/1769 1842/1842/1842 1770/1770/1770
f 1769/1769/1769 1841/1841/1841 1842/1842/1842
f 1770/1770/1770 1843/1843/1843 1771/1771/1771
f 1770/1770/1770 1842/1842/1842 1843/1843/1843
f 1771/1771/1771 1844/1844/1844 1772/1772/1772
f 1771/1771/1771 1843/1843/1843 1844/1844/1844
f 1772/1772/1772 1845/1845/1845 1773/1773/1773
f 1772/1772/1772 1844/1844/1844 1845/1845/1845
f 1773/1773/1773 1846/1846/1846 1774/1774/1774
f 1773/1773/1773 1845/1845/1845 1846/1846/1846
f 1774/1774/1774 1847/1847/1847 1775/1775/1775
f 1774/1774/1774 1846/1846/1846 1847/1847/1847
f 1775/1775/1775 1848/1848/1848 1776/1776/1776
f 1775/1775/1775 1847/1847/1847 1848/1848/1848
f 1776/1776/1776 1849/1849/1849 1777/1777/1777
f 1776/1776/1776 1848/1848/1848 1849/1849/1849
f 1777/1777/1777 1850/1850/1850 1778/1778/1778
f 1777/1777/1777 1849/1849/1849 1850/1850/1850
f 1778/1778/1778 1851/1851/1851 1779/1779/1779
f 1778/1778/1778 1850/1850/1850 1851/1851/1851
f 1779/1779/1779 1852/1852/1852 1780/1780/1780
f 1779/1779/1779 1851/1851/1851 1852/1852/1852
f 1780/1780/1780 1853/1853/1853 1781/1781/1781
f 1780/1780/1780 1852/1852/1852 1853/1853/1853
f 1781/1781/1781 1854/1854/1854 1782/1782/1782
f 1781/1781/1781 1853/1853/1853 1854/1854/1854
f 1782/1782/1782 1855/1855/1855 1783/1783/1783
f 1782/1782/1782 1854/1854/1854 1855/1855/1855
f 1783/1783/1783 1856/1856/1856 1784/1784/1784
f 1783/1783/1783 1855/1855/1855 1856/1856/1856
f 1784/1784/1784 1857/1857/1857 1785/1785/1785
f 1784/1784/1784 1856/1856/1856 1857/1857/1857
f 1785/1785/1785 1858/1858/1858 1786/1786/1786
f 1785/1785/1785 1857/1857/1857 1858/1858/1858
f 1786/1786/1786 1859/1859/1859 1787/1787/1787
f 1786/1786/1786 1858/1858/1858 1859/1859/1859
f 1787/1787/1787 1860/1860/1860 1788/1788/1788
f 1787/1787/1787 1859/1859/1859 1860/1860/1860
f 1788/1788/1788 1861/1861/1861 1789/1789/1789
f 1788/1788/1788 1860/1860/1860 1861/1861/1861
f 1789/1789/1789 1862/1862/1862 1790/1790/1790
f 1789/1789/1789 1861/1861/1861 1862/1862/1862
f 1790/1790/1790 1863/1863/1863 1791/1791/1791
f 1790/1790/1790 1862/1862/1862 1863/1863/1863
f 1791/1791/1791 1864/1864/1864 1792/1792/1792
f 1791/1791/1791 1863/1863/1863 1864/1864/1864
f 1792/1792/1792 1865/1865/1865 1793/1793/1793
f 1792/1792/1792 1864/1864/1864 1865/1865/1865
f 1793/1793/1793 1866/1866/1866 1794/1794/1794
f 1793/1793/1793 1865/1865/1865 1866/1866/1866
f 1794/1794/1794 1867/1867/1867 1795/1795/1795
f 1794/1794/1794 1866/1866/1866 1867/1867/1867
f 1795/1795/1795 1868/1868/1868 1796/1796/1796
f 1795/1795/1795 1867/1867/1867 1868/1868/1868
f 1796/1796/1796 1869/1869/1869 1797/1797/1797
f 1796/1796/1796 1868/1868/1868 1869/1869/1869
f 1797/1797/1797 1870/1870/1870 1798/1798/1798
f 1797/1797/1797 1869/1869/1869 1870/1870/1870
f 1798/1798/1798 1871/1871/1871 1799/1799/1799
f 1798/1798/1798 1870/1870/1870 1871/1871/1871
f 1799/1799/1799 1872/1872/1872 1800/1800/1800
f 1799/1799/1799 1871/1871/1871 1872/1872/1872
f 1800/1800/1800 1801/1801/1801 1729/1729/1729
f 1800/1800/1800 1872/1872/1872 1801/1801/1801
f 1801/1801/1801 1874/1874/1874 1802/1802/1802
f 1801/1801/1801 1873/1873/1873 1874/1874/1874
f 1802/1802/1802 1875/1875/1875 1803/1803/1803
f 1802/1802/1802 1874/1874/1874 1875/1875/1875
f 1803/1803/1803 1876/1876/1876 1804/1804/1804
f 1803/1803/1803 1875/1875/1875 1876/1876/1876
f 1804/1804/1804 1877/1877/1877 1805/1805/1805
f 1804/1804/1804 1876/1876/1876 1877/1877/1877
f 1805/1805/1805 1878/1878/1878 1806/1806/1806
f 1805/1805/1805 1877/1877/1877 1878/1878/1878
f 1806/1806/1806 1879/1879/1879 1807/1807/1807
f 1806/1806/1806 1878/1878/1878 1879/1879/1879
f 1807/1807/1807 1880/1880/1880 1808/1808/1808
f 1807/1807/1807 1879/1879/1879 1880/1880/1880
f 1808/1808/1808 1881/1881/1881 1809/1809/1809
f 1808/1808/1808 1880/1880/1880 1881/1881/1881
f 1809/1809/1809 1882/1882/1882 1810/1810/1810
f 1809/1809/1809 1881/1881/1881 1882/1882/1882
f 1810/1810/1810 1883/1883/1883 1811/1811/1811
f 1810/1810/1810 1882/1882/1882 1883/1883/1883
f 1811/1811/1811 1884/1884/1884 1812/1812/1812
f 1811/1811/1811 1883/1883/1883 1884/1884/1884
f 1812/1812/1812 1885/1885/1885 1813/1813/1813
f 1812/1812/1812 1884/1884/1884 1885/1885/1885
f 1813/1813/1813 1886/1886/1886 1814/1814/1814
f 1813/1813/1813 1885/1885/1885 1886/1886/1886
f 1814/1814/1814 1887/1887/1887 1815/1815/1815
f 1814/1814/1814 1886/1886/1886 1887/1887/1887
f 1815/1815/1815 1888/1888/1888 1816/1816/1816
f 1815/1815/1815 1887/1887/1887 1888/1888/1888
f 1816/1816/1816 1889/1889/1889 1817/1817/1817
f 1816/1816/1816 1888/1888/1888 1889/1889/1889
f 1817/1817/1817 1890/1890/1890 1818/1818/1818
f 1817/1817/1817 1889/1889/1889 1890/1890/1890
f 1818/1818/1818 1891/1891/1891 1819/1819/1819
f 1818/1818/1818 1890/1890/1890 1891/1891/1891
f 1819/1819/1819 1892/1892/1892 1820/1820/1820
f 1819/1819/1819 1891/1891/1891 1892/1892/1892
f 1820/1820/1820 1893/1893/1893 1821/1821/1821
f 1820/1820/1820 1892/1892/1892 1893/1893/1893
f 1821/1821/1821 1894/1894/1894 1822/1822/1822
f 1821/1821/1821 1893/1893/1893 1894/1894/1894
f 1822/1822/1822 1895/1895/1895 1823/1823/1823
f 1822/1822/1822 1894/1894/1894 1895/1895/1895
f 1823/1823/1823 1896/1896/1896 1824/1824/1824
f 1823/1823/1823 1895/1895/1895 1896/1896/1896
f 1824/1824/1824 1897/1897/1897 1825/1825/1825
f 1824/1824/1824 1896/1896/1896 1897/1897/1897
f 1825/1825/1825 1898/1898/1898 1826/1826/1826
f 1825/1825/1825 1897/1897/1897 1898/1898/1898
f 1826/1826/1826 1899/1899/1899 1827/1827/1827
f 1826/1826/1826 1898/1898/1898 1899/1899/1899
f 1827/1827/1827 1900/1900/1900 1828/1828/1828
f 1827/1827/1827 1899/1899/1899 1900/1900/1900
f 1828/1828/1828 1901/1901/1901 1829/1829/1829
f 1828/1828/1828 1900/1900/1900 1901/1901/1901
f 1829/1829/1829 1902/1902/1902 1830/1830/1830
f 1829/1829/1829 1901/1901/1901 1902/1902/1902
f 1830/1830/1830 1903/1903/1903 1831/1831/1831
f 1830/1830/1830 1902/1902/1902 1903/1903/1903
f 1831/1831/1831 1904/1904/1904 1832/1832/1832
f 1831/1831/1831 1903/1903/1903 1904/1904/1904
f 1832/1832/1832 1905/1905/1905 1833/1833/1833
f 1832/1832/1832 1904/1904/1904 1905/1905/1905
f 1833/1833/1833 1906/1906/1906 1834/1834/1834
f 1833/1833/1833 1905/1905/1905 1906/1906/1906
f 1834/1834/1834 1907/1907/1907 1835/1835/1835
f 1834/1834/1834 1906/1906/1906 1907/1907/1907
f 1835/1835/1835 1908/1908/1908 1836/1836/1836
f 1835/1835/1835 1907/1907/1907 1908/1908/1908
f 1836/1836/1836 1909/1909/1909 1837/1837/1837
f 1836/1836/1836 1908/1908/1908 1909/1909/1909
f 1837/1837/1837 1910/1910/1910 1838/1838/1838
f 1837/1837/1837 1909/1909/1909 1910/1910/1910
f 1838/1838/1838 1911/1911/1911 1839/1839/1839
f 1838/1838/1838 1910/1910/1910 1911/1911/1911
f 1839/1839/1839 1912/1912/1912 1840/1840/1840
f 1839/1839/1839 1911/1911/1911 1912/1912/1912
f 1840/1840/1840 1913/1913/1913 1841/1841/1841
f 1840/1840/1840 1912/1912/1912 1913/1913/1913
f 1841/1841/1841 1914/1914/1914 1842/1842/1842
f 1841/1841/1841 1913/1913/1913 1914/1914/1914
f 1842/1842/1842 1915/1915/1915 1843/1843/1843
f 1842/1842/1842 1914/1914/1914 1915/1915/1915
f 1843/1843/1843 1916/1916/1916 1844/1844/1844
f 1843/1843/1843 1915/1915/1915 1916/1916/1916
f 1844/1844/1844 1917/1917/1917 1845/1845/1845
f 1844/1844/1844 1916/1916/1916 1917/1917/1917
f 1845/1845/1845 1918/1918/1918 1846/1846/1846
f 1845/1845/1845 1917/1917/1917 1918/1918/1918
f 1846/1846/1846 1919/1919/1919 1847/1847/1847
f 1846/1846/1846 1918/1918/1918 1919/1919/1919
f 1847/1847/1847 1920/1920/1920 1848/1848/1848
f 1847/1847/1847 1919/1919/1919 1920/1920/1920
f 1848/1848/1848 1921/1921/1921 1849/1849/1849
f 1848/1848/1848 1920/1920/1920 1921/1921/1921
f 1849/1849/1849 1922/1922/1922 1850/1850/1850
f 1849/1849/1849 1921/1921/1921 1922/1922/1922
f 1850/1850/1850 1923/1923/1923 1851/1851/1851
f 1850/1850/1850 1922/1922/1922 1923/1923/1923
f 1851/1851/1851 1924/1924/1924 1852/1852/1852
f 1851/1851/1851 1923/1923/1923 1924/1924/1924
f 1852/1852/1852 1925/1925/1925 1853/1853/1853
f 1852/1852/1852 1924/1924/1924 1925/1925/1925
f 1853/1853/1853 1926/1926/1926 1854/1854/1854
f 1853/1853/1853 1925/1925/1925 1926/1926/1926
f 1854/1854/1854 1927/1927/1927 1855/1855/1855
f 1854/1854/1854 1926/1926/1926 1927/1927/1927
f 1855/1855/1855 1928/1928/1928 1856/1856/1856
f 1855/1855/1855 1927/1927/1927 1928/1928/1928
f 1856/1856/1856 1929/1929/1929 1857/1857/1857
f 1856/1856/1856 1928/1928/1928 1929/1929/1929
f 1857/1857/1857 1930/1930/1930 1858/1858/1858
f 1857/1857/1857 1929/1929/1929 1930/1930/1930
f 1858/1858/1858 1931/1931/1931 1859/1859/1859
f 1858/1858/1858 1930/1930/1930 1931/1931/1931
f 1859/1859/1859 1932/1932/1932 1860/1860/1860
f 1859/1859/1859 1931/1931/1931 1932/1932/1932
f 1860/1860/1860 1933/1933/1933 1861/1861/1861
f 1860/1860/1860 1932/1932/1932 1933/1933/1933
f 1861/1861/1861 1934/1934/1934 1862/1862/1862
f 1861/1861/1861 1933/1933/1933 1934/1934/1934
f 1862/1862/1862 1935/1935/1935 1863/1863/1863
f 1862/1862/1862 1934/1934/1934 1935/1935/1935
f 1863/1863/1863 1936/1936/1936 1864/1864/1864
f 1863/1863/1863 1935/1935/1935 1936/1936/1936
f 1864/1864/1864 1937/1937/1937 1865/1865/1865
f 1864/1864/1864 1936/1936/1936 1937/1937/1937
f 1865/1865/1865 1938/1938/1938 1866/1866/1866
f 1865/1865/1865 1937/1937/1937 1938/1938/1938
f 1866/1866/1866 1939/1939/1939 1867/1867/1867
f 1866/1866/1866 1938/1938/1938 1939/1939/1939
f 1867/1867/1867 1940/1940/1940 1868/1868/1868
f 1867/1867/1867 1939/1939/1939 1940/1940/1940
f 1868/1868/1868 1941/1941/1941 1869/1869/1869
f 1868/1868/1868 1940/1940/1940 1941/1941/1941
f 1869/1869/1869 1942/1942/1942 1870/1870/1870
f 1869/1869/1869 1941/1941/1941 1942/1942/1942
f 1870/1870/1870 1943/1943/1943 1871/1871/1871
f 1870/1870/1870 1942/1942/1942 1943/1943/1943
f 1871/1871/1871 1944/1944/1944 1872/1872/1872
f 1871/1871/1871 1943/1943/1943 1944/1944/1944
f 1872/1872/1872 1873/1873/1873 1801/1801/1801
f 1872/1872/1872 1944/1944/1944 1873/1873/1873
f 1873/1873/1873 1946/1946/1946 1874/1874/1874
f 1873/1873/1873 1945/1945/1945 1946/1946/1946
f 1874/1874/1874 1947/1947/1947 1875/1875/1875
f 1874/1874/1874 1946/1946/1946 1947/1947/1947
f 1875/1875/1875 1948/1948/1948 1876/1876/1876
f 1875/1875/1875 1947/1947/1947 1948/1948/1948
f 1876/1876/1876 1949/1949/1949 1877/1877/1877
f 1876/1876/1876 1948/1948/1948 1949/1949/1949
f 1877/1877/1877 1950/1950/1950 1878/1878/1878
f 1877/1877/1877 1949/1949/1949 1950/1950/1950
f 1878/1878/1878 1951/1951/1951 1879/1879/1879
f 1878/1878/1878 1950/1950/1950 1951/1951/1951
f 1879/1879/1879 1952/1952/1952 1880/1880/1880
f 1879/1879/1879 1951/1951/1951 1952/1952/1952
f 1880/1880/1880 1953/1953/1953 1881/1881/1881
f 1880/1880/1880 1952/1952/1952 1953/1953/1953
f 1881/1881/1881 1954/1954/1954 1882/1882/1882
f 1881/1881/1881 1953/1953/1953 1954/1954/1954
f 1882/1882/1882 1955/1955/1955 1883/1883/1883
f 1882/1882/1882 1954/1954/1954 1955/1955/1955
f 1883/1883/1883 1956/1956/1956 1884/1884/1884
f 1883/1883/1883 1955/1955/1955 1956/1956/1956
f 1884/1884/1884 1957/1957/1957 1885/1885/1885
f 1884/1884/1884 1956/1956/1956 1957/1957/1957
f 1885/1885/1885 1958/1958/1958 1886/1886/1886
f 1885/1885/1885 1957/1957/1957 1958/1958/1958
f 1886/1886/1886 1959/1959/1959 1887/1887/1887
f 1886/1886/1886 1958/1958/1958 1959/1959/1959
f 1887/1887/1887 1960/1960/1960 1888/1888/1888
f 1887/1887/1887 1959/1959/1959 1960/1960/1960
f 1888/1888/1888 1961/1961/1961 1889/1889/1889
f 1888/1888/1888 1960/1960/1960 1961/1961/1961
f 1889/1889/1889 1962/1962/1962 1890/1890/1890
f 1889/1889/1889 1961/1961/1961 1962/1962/1962
f 1890/1890/1890 1963/1963/1963 1891/1891/1891
f 1890/1890/1890 1962/1962/1962 1963/1963/1963
f 1891/1891/1891 1964/1964/1964 1892/1892/1892
f 1891/1891/1891 1963/1963/1963 1964/1964/1964
f 1892/1892/1892 1965/1965/1965 1893/1893/1893
f 1892/1892/1892 1964/1964/1964 1965/1965/1965
f 1893/1893/1893 1966/1966/1966 1894/1894/1894
f 1893/1893/1893 1965/1965/1965 1966/1966/1966
f 1894/1894/1894 1967/1967/1967 1895/1895/1895
f 1894/1894/1894 1966/1966/1966 1967/1967/1967
f 1895/1895/1895 1968/1968/1968 1896/1896/1896
f 1895/1895/1895 1967/1967/1967 1968/1968/1968
f 1896/1896/1896 1969/1969/1969 1897/1897/1897
f 1896/1896/1896 1968/1968/1968 1969/1969/1969
f 1897/1897/1897 1970/1970/1970 1898/1898/1898
f 1897/1897/1897 1969/1969/1969 1970/1970/1970
f 1898/1898/1898 1971/1971/1971 1899/1899/1899
f 1898/1898/1898 1970/1970/1970 1971/1971/1971
f 1899/1899/1899 1972/1972/1972 1900/1900/1900
f 1899/1899/1899 1971/1971/1971 1972/1972/1972
f 1900/1900/1900 1973/1973/1973 1901/1901/1901
f 1900/1900/1900 1972/1972/1972 1973/1973/1973
f 1901/1901/1901 1974/1974/1974 1902/1902/1902
f 1901/1901/1901 1973/1973/1973 1974/1974/1974
f 1902/1902/1902 1975/1975/1975 1903/1903/1903
f 1902/1902/1902 1974/1974/1974 1975/1975/1975
f 1903/1903/1903 1976/1976/1976 1904/1904/1904
f 1903/1903/1903 1975/1975/1975 1976/1976/1976
f 1904/1904/1904 1977/1977/1977 1905/1905/1905
f 1904/1904/1904 1976/1976/1976 1977/1977/1977
f 1905/1905/1905 1978/1978/1978 1906/1906/1906
f 1905/1905/1905 1977/1977/1977 1978/1978/1978
f 1906/1906/1906 1979/1979/1979 1907/1907/1907
f 1906/1906/1906 1978/1978/1978 1979/1979/1979
f 1907/1907/1907 1980/1980/1980 1908/1908/1908
f 1907/1907/1907 1979/1979/1979 1980/1980/1980
f 1908/1908/1908 1981/1981/1981 1909/1909/1909
f 1908/1908/1908 1980/1980/1980 1981/1981/1981
f 1909/1909/1909 1982/1982/1982 1910/1910/1910
f 1909/1909/1909 1981/1981/1981 1982/1982/1982
f 1910/1910/1910 1983/1983/1983 1911/1911/1911
f 1910/1910/1910 1982/1982/1982 1983/1983/1983
f 1911/1911/1911 1984/1984/1984 1912/1912/1912
f 1911/1911/1911 1983/1983/1983 1984/1984/1984
f 1912/1912/1912 1985/1985/1985 1913/1913/1913
f 1912/1912/1912 1984/1984/1984 1985/1985/1985
f 1913/1913/1913 1986/1986/1986 1914/1914/1914
f 1913/1913/1913 1985/1985/1985 1986/1986/1986
f 1914/1914/1914 1987/1987/1987 1915/1915/1915
f 1914/1914/1914 1986/1986/1986 1987/1987/1987
f 1915/1915/1915 1988/1988/1988 1916/1916/1916
f 1915/1915/1915 1987/1987/1987 1988/1988/1988
f 1916/1916/1916 1989/1989/1989 1917/1917/1917
f 1916/1916/1916 1988/1988/1988 1989/1989/1989
f 1917/1917/1917 1990/1990/1990 1918/1918/1918
f 1917/1917/1917 1989/1989/1989 1990/1990/1990
f 1918/1918/1918 1991/1991/1991 1919/1919/1919
f 1918/1918/1918 1990/1990/1990 1991/1991/1991
f 1919/1919/1919 1992/1992/1992 1920/1920/1920
f 1919/1919/1919 1991/1991/1991 1992/1992/1992
f 1920/1920/1920 1993/1993/1993 1921/1921/1921
f 1920/1920/1920 1992/1992/1992 1993/1993/1993
f 1921/1921/1921 1994/1994/1994 1922/1922/1922
f 1921/1921/1921 1993/1993/1993 1994/1994/1994
f 1922/1922/1922 1995/1995/1995 1923/1923/1923
f 1922/1922/1922 1994/1994/1994 1995/1995/1995
f 1923/1923/1923 1996/1996/1996 1924/1924/1924
f 1923/1923/1923 1995/1995/1995 1996/1996/1996
f 1924/1924/1924 1997/1997/1997 1925/1925/1925
f 1924/1924/1924 1996/1996/1996 1997/1997/1997
f 1925/1925/1925 1998/1998/1998 1926/1926/1926
f 1925/1925/1925 1997/1997/1997 1998/1998/1998
f 1926/1926/1926 1999/1999/1999 1927/1927/1927
f 1926/1926/1926 1998/1998/1998 1999/1999/1999
f 1927/1927/1927 2000/2000/2000 1928/1928/1928
f 1927/1927/1927 1999/1999/1999 2000/2000/2000
f 1928/1928/1928 2001/2001/2001 1929/1929/1929
f 1928/1928/1928 2000/2000/2000 2001/2001/2001
f 1929/1929/1929 2002/2002/2002 1930/1930/1930
f 1929/1929/1929 2001/2001/2001 2002/2002/2002
f 1930/1930/1930 2003/2003/2003 1931/1931/1931
f 1930/1930/1930 2002/2002/2002 2003/2003/2003
f 1931/1931/1931 2004/2004/2004 1932/1932/1932
f 1931/1931/1931 2003/2003/2003 2004/2004/2004
f 1932/1932/1932 2005/2005/2005 1933/1933/1933
f 1932/1932/1932 2004/2004/2004 2005/2005/2005
f 1933/1933/1933 2006/2006/2006 1934/1934/1934
f 1933/1933/1933 2005/2005/2005 2006/2006/2006
f 1934/1934/1934 2007/2007/2007 1935/1935/1935
f 1934/1934/1934 2006/2006/2006 2007/2007/2007
f 1935/1935/1935 2008/2008/2008 1936/1936/1936
f 1935/1935/1935 2007/2007/2007 2008/2008/2008
f 1936/1936/1936 2009/2009/2009 1937/1937/1937
f 1936/1936/1936 2008/2008/2008 2009/2009/2009
f 1937/1937/1937 2010/2010/2010 1938/1938/1938
f 1937/1937/1937 2009/2009/2009 2010/2010/2010
f 1938/1938/1938 2011/2011/2011 1939/1939/1939
f 1938/1938/1938 2010/2010/2010 2011/2011/2011
f 1939/1939/1939 2012/2012/2012 1940/1940/1940
f 1939/1939/1939 2011/2011/2011 2012/2012/2012
f 1940/1940/1940 2013/2013/2013 1941/1941/1941
f 1940/1940/1940 2012/2012/2012 2013/2013/2013
f 1941/1941/1941 2014/2014/2014 1942/1942/1942
f 1941/1941/1941 2013/2013/2013 2014/2014/2014
f 1942/1942/1942 2015/2015/2015 1943/1943/1943
f 1942/1942/1942 2014/2014/2014 2015/2015/2015
f 1943/1943/1943 2016/2016/2016 1944/1944/1944
f 1943/1943/1943 2015/2015/2015 2016/2016/2016
f 1944/1944/1944 1945/1945/1945 1873/1873/1873
f 1944/1944/1944 2016/2016/2016 1945/1945/1945
f 1945/1945/1945 2/2/2 1946/1946/1946
f 1945/1945/1945 1/1/1 2/2/2
f 1946/1946/1946 3/3/3 1947/1947/1947
f 1946/1946/1946 2/2/2 3/3/3
f 1947/1947/1947 4/4/4 1948/1948/1948
f 1947/1947/1947 3/3/3 4/4/4
f 1948/1948/1948 5/5/5 1949/1949/1949
f 1948/1948/1948 4/4/4 5/5/5
f 1949/1949/1949 6/6/6 1950/1950/1950
f 1949/1949/1949 5/5/5 6/6/6
f 1950/1950/1950 7/7/7 1951/1951/1951
f 1950/1950/1950 6/6/6 7/7/7
f 1951/1951/1951 8/8/8 1952/1952/1952
f 1951/1951/1951 7/7/7 8/8/8
f 1952/1952/1952 9/9/9 1953/1953/1953
f 1952/1952/1952 8/8/8 9/9/9
f 1953/1953/1953 10/10/10 1954/1954/1954
f 1953/1953/1953 9/9/9 10/10/10
f 1954/1954/1954 11/11/11 1955/1955/1955
f 1954/1954/1954 10/10/10 11/11/11
f 1955/1955/1955 12/12/12 1956/1956/1956
f 1955/1955/1955 11/11/11 12/12/12
f 1956/1956/1956 13/13/13 1957/1957/1957
f 1956/1956/1956 12/12/12 13/13/13
f 1957/1957/1957 14/14/14 1958/1958/1958
f 1957/1957/1957 13/13/13 14/14/14
f 1958/1958/1958 15/15/15 1959/1959/1959
f 1958/1958/1958 14/14/14 15/15/15
f 1959/1959/1959 16/16/16 1960/1960/1960
f 1959/1959/1959 15/15/15 16/16/16
f 1960/1960/1960 17/17/17 1961/1961/1961
f 1960/1960/1960 16/16/16 17/17/17
f 1961/1961/1961 18/18/18 1962/1962/1962
f 1961/1961/1961 17/17/17 18/18/18
f 1962/1962/1962 19/19/19 1963/1963/1963
f 1962/1962/1962 18/18/18 19/19/19
f 1963/1963/1963 20/20/20 1964/1964/1964
f 1963/1963/1963 19/19/19 20/20/20
f 1964/1964/1964 21/21/21 1965/1965/1965
f 1964/1964/1964 20/20/20 21/21/21
f 1965/1965/1965 22/22/22 1966/1966/1966
f 1965/1965/1965 21/21/21 22/22/22
f 1966/1966/1966 23/23/23 1967/1967/1967
f 1966/1966/1966 22/22/22 23/23/23
f 1967/1967/1967 24/24/24 1968/1968/1968
f 1967/1967/1967 23/23/23 24/24/24
f 1968/1968/1968 25/25/25 1969/1969/1969
f 1968/1968/1968 24/24/24 25/25/25
f 1969/1969/1969 26/26/26 1970/1970/1970
f 1969/1969/1969 25/25/25 26/26/26
f 1970/1970/1970 27/27/27 1971/1971/1971
f 1970/1970/1970 26/26/26 27/27/27
f 1971/1971/1971 28/28/28 1972/1972/1972
f 1971/1971/1971 27/27/27 28/28/28
f 1972/1972/1972 29/29/29 1973/1973/1973
f 1972/1972/1972 28/28/28 29/29/29
f 1973/1973/1973 30/30/30 1974/1974/1974
f 1973/1973/1973 29/29/29 30/30/30
f 1974/1974/1974 31/31/31 1975/1975/1975
f 1974/1974/1974 30/30/30 31/31/31
f 1975/1975/1975 32/32/32 1976/1976/1976
f 1975/1975/1975 31/31/31 32/32/32
f 1976/1976/1976 33/33/33 1977/1977/1977
f 1976/1976/1976 32/32/32 33/33/33
f 1977/1977/1977 34/34/34 1978/1978/1978
f 1977/1977/1977 33/33/33 34/34/34
f 1978/1978/1978 35/35/35 1979/1979/1979
f 1978/1978/1978 34/34/34 35/35/35
f 1979/1979/1979 36/36/36 1980/1980/1980
f 1979/1979/1979 35/35/35 36/36/36
f 1980/1980/1980 37/37/37 1981/1981/1981
f 1980/1980/1980 36/36/36 37/37/37
f 1981/1981/1981 38/38/38 1982/1982/1982
f 1981/1981/1981 37/37/37 38/38/38
f 1982/1982/1982 39/39/39 1983/1983/1983
f 1982/1982/1982 38/38/38 39/39/39
f 1983/1983/1983 40/40/40 1984/1984/1984
f 1983/1983/1983 39/39/39 40/40/40
f 1984/1984/1984 41/41/41 1985/1985/1985
f 1984/1984/1984 40/40/40 41/41/41
f 1985/1985/1985 42/42/42 1986/1986/1986
f 1985/1985/1985 41/41/41 42/42/42
f 1986/1986/1986 43/43/43 1987/1987/1987
f 1986/1986/1986 42/42/42 43/43/43
f 1987/1987/1987 44/44/44 1988/1988/1988
f 1987/1987/1987 43/43/43 44/44/44
f 1988/1988/1988 45/45/45 1989/1989/1989
f 1988/1988/1988 44/44/44 45/45/45
f 1989/1989/1989 46/46/46 1990/1990/1990
f 1989/1989/1989 45/45/45 46/46/46
f 1990/1990/1990 47/47/47 1991/1991/1991
f 1990/1990/1990 46/46/46 47/47/47
f 1991/1991/1991 48/48/48 1992/1992/1992
f 1991/1991/1991 47/47/47 48/48/48
f 1992/1992/1992 49/49/49 1993/1993/1993
f 1992/1992/1992 48/48/48 49/49/49
f 1993/1993/1993 50/50/50 1994/1994/1994
f 1993/1993/1993 49/49/49 50/50/50
f 1994/1994/1994 51/51/51 1995/1995/1995
f 1994/1994/1994 50/50/50 51/51/51
f 1995/1995/1995 52/52/52 1996/1996/1996
f 1995/1995/1995 51/51/51 52/52/52
f 1996/1996/1996 53/53/53 1997/1997/1997
f 1996/1996/1996 52/52/52 53/53/53
f 1997/1997/1997 54/54/54 1998/1998/1998
f 1997/1997/1997 53/53/53 54/54/54
f 1998/1998/1998 55/55/55 1999/1999/1999
f 1998/1998/1998 54/54/54 55/55/55
f 1999/1999/1999 56/56/56 2000/2000/2000
f 1999/1999/1999 55/55/55 56/56/56
f 2000/2000/2000 57/57/57 2001/2001/2001
f 2000/2000/2000 56/56/56 57/57/57
f 2001/2001/2001 58/58/58 2002/2002/2002
f 2001/2001/2001 57/57/57 58/58/58
f 2002/2002/2002 59/59/59 2003/2003/2003
f 2002/2002/2002 58/58/58 59/59/59
f 2003/2003/2003 60/60/60 2004/2004/2004
f 2003/2003/2003 59/59/59 60/60/60
f 2004/2004/2004 61/61/61 2005/2005/2005
f 2004/2004/2004 60/60/60 61/61/61
f 2005/2005/2005 62/62/62 2006/2006/2006
f 2005/2005/2005 61/61/61 62/62/62
f 2006/2006/2006 63/63/63 2007/2007/2007
f 2006/2006/2006 62/62/62 63/63/63
f 2007/2007/2007 64/64/64 2008/2008/2008
f 2007/2007/2007 63/63/63 64/64/64
f 2008/2008/2008 65/65/65 2009/2009/2009
f 2008/2008/2008 64/64/64 65/65/65
f 2009/2009/2009 66/66/66 2010/2010/2010
f 2009/2009/2009 65/65/65 66/66/66
f 2010/2010/2010 67/67/67 2011/2011/2011
f 2010/2010/2010 66/66/66 67/67/67
f 2011/2011/2011 68/68/68 2012/2012/2012
f 2011/2011/2011 67/67/67 68/68/68
f 2012/2012/2012 69/69/69 2013/2013/2013
f 2012/2012/2012 68/68/68 69/69/69
f 2013/2013/2013 70/70/70 2014/2014/2014
f 2013/2013/2013 69/69/69 70/70/70
f 2014/2014/2014 71/71/71 2015/2015/2015
f 2014/2014/2014 70/70/70 71/71/71
f 2015/2015/2015 72/72/72 2016/2016/2016
f 2015/2015/2015 71/71/71 72/72/72
f 2016/2016/2016 1/1/1 1945/1945/1945
f 2016/2016/2016 72/72/72 1/1/1
